x,y,z,arc_length,x_norm,y_norm,z_norm,tid
0.0,0.0,0.0,0,0.0,0.0,0.017017647157026916,0
-0.25885782,0.2917064,0.030991433,1,-0.41088542857142857,0.4630260317460317,0.020106534578565552,0
-0.26549518,0.29918608,0.031786084,2,-0.4214209206349206,0.4748985396825397,0.020185736707696307,0
-0.30531946,0.34406397,0.036553998,3,-0.48463406349206345,0.5461332857142857,0.020660950279833418,0
-0.5590567,0.63,0.06693237,4,-0.8873915873015872,1.0,0.02368873447934499,0
-0.63,0.5500541,0.075425975,5,-1.0,0.873101746031746,0.02453528422256008,0
-0.37646154,0.26434204,0.10578056,6,-0.5975579999999999,0.4195905396825397,0.027560697593814174,0
-0.335359,0.21802369,0.11070151,7,-0.532315873015873,0.3460693492063492,0.02805116412232289,0
-0.32846823,0.21025847,0.1115265,8,-0.5213781428571429,0.33374360317460317,0.028133390111482387,0
-0.28908715,0.16588001,0.11624134,9,-0.45886849206349206,0.26330160317460316,0.028603313847198872,0
0.17712963,-0.34745517,0.28758982,10,0.28115814285714286,-0.5515161428571428,0.045681458138615294,0
0.18409118,-0.3551203,0.29014838,11,0.2922082222222222,-0.5636830158730158,0.045936467443969196,0
0.22563341,-0.40086102,0.30541638,12,0.35814826984126985,-0.6362873333333333,0.04745821486210414,0
0.43374002,-0.63,0.3819017,13,0.6884762222222222,-1.0,0.05508143586257731,0
0.63,-0.4139049,0.45403308,14,1.0,-0.6569919047619047,0.06227070369605321,0
0.4214673,-0.18429679,0.530675,15,0.6689957142857142,-0.29253458730158727,0.06990953287347687,0
0.37657696,-0.13486956,0.54717356,16,0.5977412063492064,-0.21407866666666667,0.07155392906701527,0
0.36893108,-0.12645097,0.5499836,17,0.5856048888888888,-0.2007158253968254,0.0718340031510378,0
-0.09045645,0.37936476,0.7188221,18,-0.14358166666666664,0.6021662857142858,0.08866198006070349,0
-0.09810231,0.38778335,0.7216322,19,-0.15571795238095237,0.615529126984127,0.08894206012487044,0
-0.14299268,0.4372106,0.73813075,20,-0.22697250793650794,0.6939850793650794,0.09058645532171809,0
-0.31808618,0.63,0.8024828,21,-0.5048986984126984,1.0,0.09700036453963731,0
-0.63,0.28656247,0.91712034,22,-1.0,0.4548610634920635,0.10842618196931642,0
-0.4511763,0.08966587,0.98284334,23,-0.716152857142857,0.14232677777777777,0.11497673250390394,0
-0.39872488,0.031913448,1.0021209,24,-0.6328966349206349,0.05065626666666666,0.11689810905341544,0
-0.3893989,0.021644922,1.0055484,25,-0.6180934920634921,0.03435701904761904,0.11723972480372047,0
-0.015830252,-0.3896786,1.1428459,26,-0.025127384126984124,-0.6185374603174603,0.13092403945798964,0
-0.0065042623,-0.3999471,1.1462735,27,-0.010324225873015873,-0.6348366666666666,0.13126566517520205,0
0.04594713,-0.45769954,1.165551,28,0.07293195238095238,-0.7265072063492063,0.13318703574456914,0
0.20243235,-0.63,1.2230638,29,0.32132119047619045,-1.0,0.13891928324978992,0
0.63,-0.15922005,1.3802077,30,1.0,-0.2527302380952381,0.154581670209487,0
0.4590871,0.028966242,1.4430232,31,0.7287096825396825,0.0459781619047619,0.16084243291212358,0
0.38415322,0.11147334,1.4705637,32,0.6097670158730158,0.17694180952380953,0.1635873690379518,0
0.36792928,0.12933697,1.4765264,33,0.5840147301587302,0.20529677777777777,0.16418166582404775,0
0.16405438,0.35381657,1.5514565,34,0.2604037777777778,0.5616136031746032,0.17164987948763125,0
0.14783043,0.3716802,1.5574192,35,0.2346514761904762,0.5899685714285714,0.1722441762737272,0
0.072896555,0.45418727,1.5849596,36,0.11570881746031746,0.7209321746031745,0.17498910243264804,0
-0.08677853,0.63,1.6436449,37,-0.13774369841269843,1.0,0.1808382119268499,0
-0.63,0.031877622,1.8432949,38,-1.0,0.050599399999999996,0.20073714250260577,0
-0.40786973,-0.21270233,1.9249344,39,-0.6474122698412698,-0.337622746031746,0.2088740758496602,0
-0.2508684,-0.38557106,1.9826369,40,-0.3982038095238095,-0.6120175555555556,0.21462523057817284,0
-0.028875299,-0.63,2.064226,41,-0.04583380793650793,-1.0,0.22275714060390991,0
0.14761625,-0.43567124,2.129092,42,0.23431150793650793,-0.6915416507936508,0.22922227474228696,0
0.4478283,-0.10511817,2.2394288,43,0.7108385714285714,-0.16685423809523808,0.24021944139969273,0
0.63,0.09546481,2.3063822,44,1.0,0.15153144444444444,0.2468926247626319,0
0.14452913,0.63,2.484807,45,0.22941131746031745,1.0,0.2646760593140625,0
-0.009964822,0.45989206,2.5415883,46,-0.015817177777777778,0.7299873968253968,0.27033539889182945,0
-0.06995887,0.39383468,2.5636377,47,-0.1110458253968254,0.6251344126984126,0.2725330421667459,0
-0.08120478,0.3814522,2.567771,48,-0.1288964761904762,0.6054796825396825,0.27294500434930924,0
-0.38748527,0.04421736,2.6803381,49,-0.615055984126984,0.0701862857142857,0.28416446294191716,0
-0.39873117,0.03183488,2.6844714,50,-0.632906619047619,0.05053155555555556,0.2845764251244805,0
-0.4587252,-0.034222495,2.706521,51,-0.7281352380952381,-0.05432142063492063,0.2867740883332117,0
-0.63,-0.22280724,2.7694695,52,-1.0,-0.35366228571428565,0.29304810702265804,0
-0.26018295,-0.63,2.905388,53,-0.41298880952380956,-1.0,0.30659497802421515,0
-0.09649221,-0.44976577,2.9655495,54,-0.15316223809523807,-0.7139139206349207,0.31259121900509834,0
-0.048602656,-0.39703625,2.9831502,55,-0.07714707301587301,-0.6302162698412698,0.31434546447158823,0
-0.04031474,-0.38791072,2.9861963,56,-0.0639916507936508,-0.6157313015873015,0.31464906643716206,0
0.38225028,0.07736102,3.1415014,57,0.6067464761904762,0.12279526984126984,0.3301281819040332,0
0.3905382,0.08648655,3.1445475,58,0.6199019047619048,0.1372802380952381,0.330431783869607,0
0.43842775,0.13921608,3.1621482,59,0.6959170634920635,0.22097790476190474,0.33218602933609687,0
0.63,0.35014966,3.2325568,60,1.0,0.5557931111111111,0.3392035892826842,0
0.3758368,0.63,3.3259692,61,0.5965663492063492,1.0,0.3485139166681825,0
0.18583223,0.42079255,3.3958015,62,0.2949717936507936,0.6679246825396825,0.3554740373275632,0
0.14295538,0.37358233,3.41156,63,0.22691330158730155,0.5929878253968254,0.3570446724263764,0
0.13572486,0.36562106,3.4142175,64,0.21543628571428572,0.5803508888888889,0.3573095429898879,0
-0.3509059,-0.17019123,3.5930686,65,-0.556993492063492,-0.2701448095238095,0.3751354664674615,0
-0.35813642,-0.1781525,3.595726,66,-0.5684705079365079,-0.282781746031746,0.37540032706406556,0
-0.40101326,-0.22536273,3.6114845,67,-0.6365289841269841,-0.35771861904761904,0.37697096216287873,0
-0.63,-0.4774921,3.6956441,68,-1.0,-0.7579239682539681,0.3853590715427104,0
-0.4914906,-0.63,3.7465503,69,-0.7801438095238095,-1.0,0.39043284534524253,0
-0.26243424,-0.37779394,3.8307352,70,-0.41656228571428566,-0.5996729206349206,0.3988234763526402,0
-0.22169842,-0.33294114,3.845707,71,-0.351902253968254,-0.528478,0.4003157017911281,0
-0.21489705,-0.3254524,3.8482068,72,-0.3411064285714286,-0.516591111111111,0.4005648545417079,0
0.07659096,-0.0045050276,3.955337,73,0.12157295238095238,-0.0071508374603174605,0.41124242234720176,0
0.33295804,0.20307373,4.005499,74,0.5285048253968254,0.32233925396825397,0.4162420224250433,0
0.3407973,0.20942111,4.007033,75,0.5409480952380953,0.3324144603174603,0.41639491478418783,0
0.38777056,0.24745505,4.016224,76,0.6155088253968254,0.39278579365079364,0.41731097324109634,0
0.63,0.44358665,4.063619,77,1.0,0.7041057936507936,0.4220347889918499,0
0.39977294,0.63,4.1086664,78,0.6345602222222222,1.0,0.42652462162504945,0
0.15610377,0.4327027,4.156344,79,0.2477837619047619,0.6868296825396825,0.431276603856047,0
0.10002109,0.3872929,4.167317,80,0.15876363492063492,0.6147506349206349,0.4323702726023919,0
0.09028115,0.37940654,4.169223,81,0.1433034126984127,0.6022326031746031,0.4325602418569744,0
-0.38988712,-0.00938258,4.2631745,82,-0.6188684444444443,-0.014892984126984126,0.44192430084013556,0
-0.39962706,-0.017268943,4.26508,83,-0.6343286666666667,-0.02741102063492063,0.4421142202601812,0
-0.45570976,-0.06267873,4.2760534,84,-0.7233488253968254,-0.09949004761904762,0.44320792887415567,0
-0.63,-0.20380041,4.310156,85,-1.0,-0.32349271428571424,0.4466069034288903,0
-0.10362846,-0.63,4.413148,86,-0.16448961904761905,-1.0,0.4568720206733593,0
0.12919456,-0.44148472,4.458703,87,0.20507073015873017,-0.7007693968253967,0.4614124453283984,0
0.4049523,-0.21820548,4.5126586,88,0.6427814285714285,-0.34635790476190476,0.4667901500044478,0
0.63,-0.035985835,4.5566926,89,1.0,-0.05712037301587301,0.47117897799830116,0
0.4458808,0.11309428,4.592718,90,0.7077473015873016,0.17951473015873015,0.4747695962480574,0
0.3528363,0.1884318,4.6109233,91,0.560057619047619,0.2990980952380952,0.4765841016365413,0
0.3311724,0.20597292,4.6151624,92,0.5256704761904761,0.3269411428571428,0.47700660880710827,0
0.13257718,0.36677417,4.6540203,93,0.2104399682539682,0.5821812222222222,0.4808795397082836,0
0.11091326,0.3843153,4.658259,94,0.17605279365079365,0.6100242857142857,0.48130200701122106,0
0.054455373,0.4300289,4.669306,95,0.0864371,0.6825855555555556,0.48240305126902405,0
0.0015728029,0.3999969,4.5812554,96,0.0024965125396825393,0.6349157142857142,0.47362712952320063,0
-0.016657172,0.38964412,4.5509024,97,-0.026439955555555558,0.6184827301587301,0.47060187412742843,0
-0.32610133,0.213911,4.0356736,98,-0.5176211587301588,0.3395412698412698,0.41924949685805707,0
-0.34433132,0.2035582,4.0053205,99,-0.5465576507936507,0.32310825396825393,0.4162242314953775,0
-0.43392286,0.15267923,3.8561497,100,-0.6887664444444445,0.2423479841269841,0.4013565160276592,0
-0.63,0.041327164,3.5296786,101,-1.0,0.06559867301587301,0.368817443881951,0
-0.45642397,-0.057246543,3.240672,102,-0.724482492063492,-0.09086752857142856,0.340012423750044,0
-0.3883296,-0.095917284,3.127294,103,-0.6163961904761904,-0.15224965714285715,0.3287121435055258,0
-0.37620717,-0.102801606,3.10711,104,-0.597154238095238,-0.16317715238095237,0.32670042292079726,0
0.104433894,-0.3757573,2.3068364,105,0.1657680857142857,-0.5964401587301588,0.24693789445593273,0
0.116556324,-0.38264164,2.2866523,106,0.18501003809523808,-0.6073676825396825,0.2449261639042968,0
0.18465069,-0.4213124,2.1732743,107,0.29309633333333335,-0.6687498412698412,0.23362588365977868,0
0.5521236,-0.63,1.561427,108,0.8763866666666666,-1.0,0.1726436299875339,0
0.63,-0.58577406,1.4317619,109,1.0,-0.9298000952380951,0.15972002957181422,0
0.2751472,-0.3842534,0.8409272,110,0.43674158730158724,-0.6099260317460318,0.10083208227881381,0
0.25174776,-0.3849975,0.8322351,111,0.399599619047619,-0.6111071428571428,0.09996574872280316,0
0.08797657,-0.39020523,0.7713998,112,0.13964534920634922,-0.6193733809523809,0.09390235072002188,0
-0.0630077,-0.39500636,0.7153144,113,-0.10001222222222221,-0.6269942222222222,0.08831237085068305,0
-0.2267789,-0.4002141,0.6544791,114,-0.3599665079365079,-0.6352604761904762,0.0822489728479018,0
-0.63,-0.4130361,0.5046964,115,-1.0,-0.6556128571428571,0.06732026987395105,0
-0.37193623,-0.42124227,0.40883467,116,-0.5903749682539682,-0.6686385238095237,0.05776582003602542,0
-0.2669792,-0.37459594,0.39186364,117,-0.42377650793650795,-0.5945967301587302,0.056074333195208645,0
-0.20154375,-0.34551427,0.38128304,118,-0.31991071428571427,-0.5484353492063492,0.05501977459340628,0
-0.19020332,-0.34047422,0.37944937,119,-0.30191003174603176,-0.5404352698412698,0.054837014402928715,0
0.38017726,-0.08697847,0.28722164,120,0.6034559682539683,-0.13806106349206348,0.04564476197903913,0
0.39151767,-0.081938416,0.28538796,121,0.621456619047619,-0.13006097777777778,0.04546200079187082,0
0.45695314,-0.05285677,0.27480736,122,0.7253224444444444,-0.08389963492063492,0.04440744219006846,0
0.53136015,-0.019787854,0.26277614,123,0.8434288095238095,-0.031409292063492064,0.043208301636491475,0
0.3334614,0.50590044,0.3590869,124,0.5293038095238095,0.8030165714285714,0.05280750587860659,0
0.31805003,0.4898985,1.0312482,125,0.5048413174603174,0.7776166666666666,0.11980120006548263,0
0.63,0.5291577,1.4097748,126,1.0,0.839932857142857,0.1575285956801929,0
-0.17128423,0.63,2.3820696,127,-0.2718797301587302,1.0,0.25443631781577225,0
-0.44860432,0.59509903,2.7185755,128,-0.7120703492063492,0.9446016349206349,0.28797554918282575,0
-0.63,-0.2641071,3.047706,129,-1.0,-0.419217619047619,0.3207796812632856,0
-0.5527527,-0.63,3.1878662,130,-0.877385238095238,-1.0,0.3347493185750014,0
-0.44463634,-0.11789194,3.384036,131,-0.7057719682539683,-0.1871300634920635,0.35430138084026513,0
-0.35903656,0.28756344,3.5393512,132,-0.5698993015873015,0.4564499047619047,0.36978150296478124,0
-0.28674135,0.63,3.6705263,133,-0.45514499999999997,1.0,0.3828556036818753,0
-0.24453588,0.43008786,3.7471051,134,-0.3881521904761905,0.6826791428571428,0.3904881417473634,0
-0.4832842,0.13745251,3.741391,135,-0.7671177777777777,0.2181785873015873,0.3899186226930036,0
-0.63,0.14977089,3.7162998,136,-1.0,0.2377315714285714,0.38741780602953046,0
-0.42874423,0.1666685,3.6818812,137,-0.6805463968253967,0.26455317460317457,0.38398733604748836,0
-0.36096,0.17235972,3.6702888,138,-0.5729523809523809,0.27358685714285713,0.3828319322768578,0
-0.34936452,0.17333329,3.6683059,139,-0.5545468571428571,0.2751322063492063,0.38263429847050334,0
0.0055475333,0.203132,3.6076093,140,0.008805608412698411,0.322431746031746,0.3765847245682523,0
-0.036561616,-0.24539892,3.3810928,141,-0.058034311111111105,-0.3895220952380952,0.354008034822381,0
-0.08101507,-0.24222174,3.3101554,142,-0.12859534920634919,-0.38447895238095237,0.3469377698695906,0
-0.13279799,-0.36669427,3.374717,143,-0.21079046031746032,-0.5820543968253967,0.3533725647419157,0
-0.13664314,-0.37593704,3.3795109,144,-0.21689387301587298,-0.5967254603174603,0.3538503683146035,0
-0.15971035,-0.43138453,3.4082706,145,-0.2535084920634921,-0.6847373492063491,0.3567168209751573,0
-0.19153008,-0.50787085,3.4479427,146,-0.30401599999999995,-0.8061442063492062,0.3606709024361863,0
-0.19016762,-0.5076663,3.4539678,147,-0.30185336507936505,-0.8058195238095238,0.36127141857248474,0
-0.17743576,-0.42738736,3.501164,148,-0.28164406349206345,-0.6783926349206348,0.3659754201113753,0
-0.17121883,-0.42694744,3.505807,149,-0.2717759206349206,-0.6776943492063492,0.36643818362083297,0
0.22963354,-0.39858302,3.8051717,150,0.3644976825396825,-0.6326714603174602,0.39627558598563123,0
0.42551813,-0.3847222,3.9514625,151,0.6754256031746031,-0.6106701587301587,0.41085625452092694,0
0.602815,-0.63,3.849708,152,0.9568492063492062,-1.0,0.4007144777552332,0
0.63,-0.59239143,3.834106,153,1.0,-0.9403038571428571,0.39915944086646316,0
0.38441312,-0.25263914,3.6931586,154,0.6101795555555555,-0.4010145079365079,0.3851113440598852,0
0.34638938,-0.20003596,3.671336,155,0.5498244126984128,-0.3175173968253968,0.38293630573089704,0
0.33995354,-0.1911324,3.6676424,156,0.5396087936507936,-0.3033847619047619,0.38256816804006505,0
0.0457452,0.21588427,3.49879,157,0.07261142857142856,0.3426734444444444,0.3657388057302741,0
0.3238746,0.21726769,3.4694371,158,0.5140866666666667,0.3448693492063492,0.36281322937516713,0
0.33581087,0.21732707,3.4681776,159,0.533033126984127,0.3449636031746032,0.36268769617676916,0
0.4052391,0.21767241,3.4608502,160,0.6432366666666667,0.3455117619047619,0.3619573810057158,0
0.63,0.21879038,3.43713,161,1.0,0.34728631746031746,0.3595932106423647,0
0.4040268,0.21991438,3.4132814,162,0.641312380952381,0.3490704444444444,0.3572162427699431,0
0.33389238,0.22026323,3.4058797,163,0.5299879047619047,0.3496241746031746,0.3564785221867096,0
0.3218037,0.22032335,3.404604,164,0.5107995238095239,0.34971960317460316,0.35635137434931674,0
-0.31959602,0.22351371,3.336913,165,-0.5072952698412698,0.35478366666666666,0.34960467507757376,0
-0.3316847,0.22357383,3.3356373,166,-0.5264836507936508,0.35487909523809524,0.34947752724018083,0
-0.40181914,0.22392268,3.3282356,167,-0.6378081587301587,0.3554328253968254,0.3487398066569473,0
-0.63,0.22505768,3.3041542,168,-1.0,0.3572344126984127,0.3463396358241549,0
-0.40644875,0.22616962,3.2805614,169,-0.645156746031746,0.3589993968253968,0.34398816330080056,0
-0.10947672,0.63,3.1422522,170,-0.17377257142857142,1.0,0.3302030134446106,0
0.015737265,0.4597307,3.0839362,171,0.024979785714285715,0.7297312698412698,0.32439071173934747,0
0.0633784,0.39494705,3.0617483,172,0.10060063492063492,0.6269000793650794,0.32217926429771554,0
0.07193767,0.38330793,3.057762,173,0.11418677777777776,0.6084252857142857,0.3217819534689946,0
0.38732862,-0.045568984,2.9108744,174,0.6148073333333334,-0.07233172063492063,0.3071418024304802,0
0.3958879,-0.05720811,2.9068882,175,0.628393492063492,-0.09080652380952381,0.30674450156866667,0
0.44352904,-0.121991776,2.8847,176,0.7040143492063492,-0.19363773968253967,0.3045330242263126,0
0.63,-0.3755599,2.7978547,177,1.0,-0.5961268253968254,0.2958772336150895,0
0.50800127,-0.541457,2.7410362,178,0.8063512222222221,-0.8594555555555554,0.29021418634777885,0
0.4380111,-0.63,2.713714,179,0.6952557142857142,-1.0,0.28749100798075194,0
0.2468446,-0.38815942,2.6390874,180,0.3918168253968254,-0.6161260634920634,0.280053043881054,0
0.20941126,-0.34080335,2.6244745,181,0.33239882539682536,-0.5409576984126984,0.2785965896731378,0
0.20316555,-0.332902,2.6220362,182,0.32248499999999997,-0.5284158730158729,0.27835356657059407,0
-0.27699688,0.27454096,2.4345934,183,-0.4396775873015873,0.43577930158730155,0.25967131631201507,0
-0.28324258,0.28244227,2.4321554,184,-0.44959139682539684,0.44832106349206347,0.2594283231101934,0
-0.3206759,0.32979837,2.4175425,185,-0.5090093650793651,0.5234894761904761,0.2579718689022773,0
-0.5579748,0.63,2.324907,186,-0.8856742857142856,1.0,0.24873897442018145,0
-0.63,0.5388825,2.2967904,187,-1.0,0.8553690476190476,0.2459366189409613,0
-0.58062077,0.47641394,2.277514,188,-0.9216202698412698,0.7562126031746031,0.2440153580075754,0
-0.42470285,0.39480463,2.343323,189,-0.6741315079365079,0.6266740158730159,0.25057448008250605,0
-0.36495203,0.28001788,2.3576372,190,-0.5792889365079364,0.44447282539682537,0.25200116313809084,0
-0.33386728,0.22030124,2.365084,191,-0.5299480634920635,0.3496845079365079,0.2527433787965508,0
-0.32856274,0.21011074,2.3663547,192,-0.5215281587301588,0.3335091111111111,0.2528700282885749,0
-0.01636128,-0.38965666,2.441147,193,-0.02597028571428571,-0.6185026349206348,0.26032450755379455,0
-0.01105674,-0.39984715,2.4424179,194,-0.017550380952380953,-0.6346780158730159,0.26045117697963344,0
0.020028014,-0.4595638,2.4498649,195,0.03179049841269841,-0.7294663492063492,0.2611934125719082,0
0.05476277,-0.52629244,2.458186,196,0.08692503174603175,-0.8353848253968253,0.2620227689015546,0
0.021595117,-0.63,2.374813,197,0.03427796349206349,-1.0,0.253713059215141,0
-0.03315678,-0.45880347,2.2371843,198,-0.052629809523809516,-0.7282594761904762,0.2399957341636432,0
-0.05309526,-0.39646044,2.1870651,199,-0.08427819047619046,-0.6293022857142857,0.2350003999221585,0
-0.43392286,0.15267923,3.8561497,100,-0.6887664444444445,0.2423479841269841,0.4013565160276592,1
-0.63,0.041327164,3.5296786,101,-1.0,0.06559867301587301,0.368817443881951,1
-0.45642397,-0.057246543,3.240672,102,-0.724482492063492,-0.09086752857142856,0.340012423750044,1
-0.3883296,-0.095917284,3.127294,103,-0.6163961904761904,-0.15224965714285715,0.3287121435055258,1
-0.37620717,-0.102801606,3.10711,104,-0.597154238095238,-0.16317715238095237,0.32670042292079726,1
0.104433894,-0.3757573,2.3068364,105,0.1657680857142857,-0.5964401587301588,0.24693789445593273,1
0.116556324,-0.38264164,2.2866523,106,0.18501003809523808,-0.6073676825396825,0.2449261639042968,1
0.18465069,-0.4213124,2.1732743,107,0.29309633333333335,-0.6687498412698412,0.23362588365977868,1
0.5521236,-0.63,1.561427,108,0.8763866666666666,-1.0,0.1726436299875339,1
0.63,-0.58577406,1.4317619,109,1.0,-0.9298000952380951,0.15972002957181422,1
0.2751472,-0.3842534,0.8409272,110,0.43674158730158724,-0.6099260317460318,0.10083208227881381,1
0.25174776,-0.3849975,0.8322351,111,0.399599619047619,-0.6111071428571428,0.09996574872280316,1
0.08797657,-0.39020523,0.7713998,112,0.13964534920634922,-0.6193733809523809,0.09390235072002188,1
-0.0630077,-0.39500636,0.7153144,113,-0.10001222222222221,-0.6269942222222222,0.08831237085068305,1
-0.2267789,-0.4002141,0.6544791,114,-0.3599665079365079,-0.6352604761904762,0.0822489728479018,1
-0.63,-0.4130361,0.5046964,115,-1.0,-0.6556128571428571,0.06732026987395105,1
-0.37193623,-0.42124227,0.40883467,116,-0.5903749682539682,-0.6686385238095237,0.05776582003602542,1
-0.2669792,-0.37459594,0.39186364,117,-0.42377650793650795,-0.5945967301587302,0.056074333195208645,1
-0.20154375,-0.34551427,0.38128304,118,-0.31991071428571427,-0.5484353492063492,0.05501977459340628,1
-0.19020332,-0.34047422,0.37944937,119,-0.30191003174603176,-0.5404352698412698,0.054837014402928715,1
0.38017726,-0.08697847,0.28722164,120,0.6034559682539683,-0.13806106349206348,0.04564476197903913,1
0.39151767,-0.081938416,0.28538796,121,0.621456619047619,-0.13006097777777778,0.04546200079187082,1
0.45695314,-0.05285677,0.27480736,122,0.7253224444444444,-0.08389963492063492,0.04440744219006846,1
0.53136015,-0.019787854,0.26277614,123,0.8434288095238095,-0.031409292063492064,0.043208301636491475,1
0.3334614,0.50590044,0.3590869,124,0.5293038095238095,0.8030165714285714,0.05280750587860659,1
0.31805003,0.4898985,1.0312482,125,0.5048413174603174,0.7776166666666666,0.11980120006548263,1
0.63,0.5291577,1.4097748,126,1.0,0.839932857142857,0.1575285956801929,1
-0.17128423,0.63,2.3820696,127,-0.2718797301587302,1.0,0.25443631781577225,1
-0.44860432,0.59509903,2.7185755,128,-0.7120703492063492,0.9446016349206349,0.28797554918282575,1
-0.63,-0.2641071,3.047706,129,-1.0,-0.419217619047619,0.3207796812632856,1
-0.5527527,-0.63,3.1878662,130,-0.877385238095238,-1.0,0.3347493185750014,1
-0.44463634,-0.11789194,3.384036,131,-0.7057719682539683,-0.1871300634920635,0.35430138084026513,1
-0.35903656,0.28756344,3.5393512,132,-0.5698993015873015,0.4564499047619047,0.36978150296478124,1
-0.28674135,0.63,3.6705263,133,-0.45514499999999997,1.0,0.3828556036818753,1
-0.24453588,0.43008786,3.7471051,134,-0.3881521904761905,0.6826791428571428,0.3904881417473634,1
-0.4832842,0.13745251,3.741391,135,-0.7671177777777777,0.2181785873015873,0.3899186226930036,1
-0.63,0.14977089,3.7162998,136,-1.0,0.2377315714285714,0.38741780602953046,1
-0.42874423,0.1666685,3.6818812,137,-0.6805463968253967,0.26455317460317457,0.38398733604748836,1
-0.36096,0.17235972,3.6702888,138,-0.5729523809523809,0.27358685714285713,0.3828319322768578,1
-0.34936452,0.17333329,3.6683059,139,-0.5545468571428571,0.2751322063492063,0.38263429847050334,1
0.0055475333,0.203132,3.6076093,140,0.008805608412698411,0.322431746031746,0.3765847245682523,1
-0.036561616,-0.24539892,3.3810928,141,-0.058034311111111105,-0.3895220952380952,0.354008034822381,1
-0.08101507,-0.24222174,3.3101554,142,-0.12859534920634919,-0.38447895238095237,0.3469377698695906,1
-0.13279799,-0.36669427,3.374717,143,-0.21079046031746032,-0.5820543968253967,0.3533725647419157,1
-0.13664314,-0.37593704,3.3795109,144,-0.21689387301587298,-0.5967254603174603,0.3538503683146035,1
-0.15971035,-0.43138453,3.4082706,145,-0.2535084920634921,-0.6847373492063491,0.3567168209751573,1
-0.19153008,-0.50787085,3.4479427,146,-0.30401599999999995,-0.8061442063492062,0.3606709024361863,1
-0.19016762,-0.5076663,3.4539678,147,-0.30185336507936505,-0.8058195238095238,0.36127141857248474,1
-0.17743576,-0.42738736,3.501164,148,-0.28164406349206345,-0.6783926349206348,0.3659754201113753,1
-0.17121883,-0.42694744,3.505807,149,-0.2717759206349206,-0.6776943492063492,0.36643818362083297,1
0.22963354,-0.39858302,3.8051717,150,0.3644976825396825,-0.6326714603174602,0.39627558598563123,1
0.42551813,-0.3847222,3.9514625,151,0.6754256031746031,-0.6106701587301587,0.41085625452092694,1
0.602815,-0.63,3.849708,152,0.9568492063492062,-1.0,0.4007144777552332,1
0.63,-0.59239143,3.834106,153,1.0,-0.9403038571428571,0.39915944086646316,1
0.38441312,-0.25263914,3.6931586,154,0.6101795555555555,-0.4010145079365079,0.3851113440598852,1
0.34638938,-0.20003596,3.671336,155,0.5498244126984128,-0.3175173968253968,0.38293630573089704,1
0.33995354,-0.1911324,3.6676424,156,0.5396087936507936,-0.3033847619047619,0.38256816804006505,1
0.0457452,0.21588427,3.49879,157,0.07261142857142856,0.3426734444444444,0.3657388057302741,1
0.3238746,0.21726769,3.4694371,158,0.5140866666666667,0.3448693492063492,0.36281322937516713,1
0.33581087,0.21732707,3.4681776,159,0.533033126984127,0.3449636031746032,0.36268769617676916,1
0.4052391,0.21767241,3.4608502,160,0.6432366666666667,0.3455117619047619,0.3619573810057158,1
0.63,0.21879038,3.43713,161,1.0,0.34728631746031746,0.3595932106423647,1
0.4040268,0.21991438,3.4132814,162,0.641312380952381,0.3490704444444444,0.3572162427699431,1
0.33389238,0.22026323,3.4058797,163,0.5299879047619047,0.3496241746031746,0.3564785221867096,1
0.3218037,0.22032335,3.404604,164,0.5107995238095239,0.34971960317460316,0.35635137434931674,1
-0.31959602,0.22351371,3.336913,165,-0.5072952698412698,0.35478366666666666,0.34960467507757376,1
-0.3316847,0.22357383,3.3356373,166,-0.5264836507936508,0.35487909523809524,0.34947752724018083,1
-0.40181914,0.22392268,3.3282356,167,-0.6378081587301587,0.3554328253968254,0.3487398066569473,1
-0.63,0.22505768,3.3041542,168,-1.0,0.3572344126984127,0.3463396358241549,1
-0.40644875,0.22616962,3.2805614,169,-0.645156746031746,0.3589993968253968,0.34398816330080056,1
-0.10947672,0.63,3.1422522,170,-0.17377257142857142,1.0,0.3302030134446106,1
0.015737265,0.4597307,3.0839362,171,0.024979785714285715,0.7297312698412698,0.32439071173934747,1
0.0633784,0.39494705,3.0617483,172,0.10060063492063492,0.6269000793650794,0.32217926429771554,1
0.07193767,0.38330793,3.057762,173,0.11418677777777776,0.6084252857142857,0.3217819534689946,1
0.38732862,-0.045568984,2.9108744,174,0.6148073333333334,-0.07233172063492063,0.3071418024304802,1
0.3958879,-0.05720811,2.9068882,175,0.628393492063492,-0.09080652380952381,0.30674450156866667,1
0.44352904,-0.121991776,2.8847,176,0.7040143492063492,-0.19363773968253967,0.3045330242263126,1
0.63,-0.3755599,2.7978547,177,1.0,-0.5961268253968254,0.2958772336150895,1
0.50800127,-0.541457,2.7410362,178,0.8063512222222221,-0.8594555555555554,0.29021418634777885,1
0.4380111,-0.63,2.713714,179,0.6952557142857142,-1.0,0.28749100798075194,1
0.2468446,-0.38815942,2.6390874,180,0.3918168253968254,-0.6161260634920634,0.280053043881054,1
0.20941126,-0.34080335,2.6244745,181,0.33239882539682536,-0.5409576984126984,0.2785965896731378,1
0.20316555,-0.332902,2.6220362,182,0.32248499999999997,-0.5284158730158729,0.27835356657059407,1
-0.27699688,0.27454096,2.4345934,183,-0.4396775873015873,0.43577930158730155,0.25967131631201507,1
-0.28324258,0.28244227,2.4321554,184,-0.44959139682539684,0.44832106349206347,0.2594283231101934,1
-0.3206759,0.32979837,2.4175425,185,-0.5090093650793651,0.5234894761904761,0.2579718689022773,1
-0.5579748,0.63,2.324907,186,-0.8856742857142856,1.0,0.24873897442018145,1
-0.63,0.5388825,2.2967904,187,-1.0,0.8553690476190476,0.2459366189409613,1
-0.58062077,0.47641394,2.277514,188,-0.9216202698412698,0.7562126031746031,0.2440153580075754,1
-0.42470285,0.39480463,2.343323,189,-0.6741315079365079,0.6266740158730159,0.25057448008250605,1
-0.36495203,0.28001788,2.3576372,190,-0.5792889365079364,0.44447282539682537,0.25200116313809084,1
-0.33386728,0.22030124,2.365084,191,-0.5299480634920635,0.3496845079365079,0.2527433787965508,1
-0.32856274,0.21011074,2.3663547,192,-0.5215281587301588,0.3335091111111111,0.2528700282885749,1
-0.01636128,-0.38965666,2.441147,193,-0.02597028571428571,-0.6185026349206348,0.26032450755379455,1
-0.01105674,-0.39984715,2.4424179,194,-0.017550380952380953,-0.6346780158730159,0.26045117697963344,1
0.020028014,-0.4595638,2.4498649,195,0.03179049841269841,-0.7294663492063492,0.2611934125719082,1
0.05476277,-0.52629244,2.458186,196,0.08692503174603175,-0.8353848253968253,0.2620227689015546,1
0.021595117,-0.63,2.374813,197,0.03427796349206349,-1.0,0.253713059215141,1
-0.03315678,-0.45880347,2.2371843,198,-0.052629809523809516,-0.7282594761904762,0.2399957341636432,1
-0.05309526,-0.39646044,2.1870651,199,-0.08427819047619046,-0.6293022857142857,0.2350003999221585,1
-0.05647616,-0.38588917,2.1785667,200,-0.0896446984126984,-0.6125224920634921,0.23415337226573477,1
-0.26992032,0.28150138,1.6420358,201,-0.42844495238095237,0.44682758730158734,0.18067783442026614,1
-0.2733012,0.29207268,1.6335373,202,-0.43381142857142857,0.4636074285714285,0.179830796796935,1
-0.29323968,0.35441568,1.5834184,203,-0.4654598095238095,0.5625645714285714,0.17483549245617244,1
-0.38137677,0.63,1.3618697,204,-0.6053599523809523,1.0,0.15275393873491544,1
-0.63,-0.14738739,0.73690987,205,-1.0,-0.2339482380952381,0.09046477134294861,1
-0.51807487,-0.49735135,0.4555657,206,-0.8223410634920634,-0.7894465873015873,0.06242345851187598,1
-0.52916867,-0.36448157,0.45925355,207,-0.8399502698412699,-0.5785421746031746,0.06279102310553389,1
-0.63,-0.37080553,0.435809,208,-1.0,-0.5885802063492063,0.060454326522364155,1
-0.62268907,-0.37126407,0.4341091,209,-0.9883953492063491,-0.5893080476190475,0.06028489906388318,1
-0.63,-0.36641946,0.43517247,210,-1.0,-0.5816181904761905,0.060390884166845064,1
-0.4053148,-0.21753141,0.4678528,211,-0.6433568253968254,-0.3452879523809524,0.06364810238804613,1
-0.3550513,-0.18422423,0.47516358,212,-0.563573492063492,-0.29241941269841265,0.06437676105909357,1
-0.34666657,-0.17866807,0.47638315,213,-0.5502643968253969,-0.2836001111111111,0.06449831447137644,1
0.16025479,0.15724428,0.5501145,214,0.25437268253968254,0.2495940952380952,0.07184704983279269,1
0.3694763,0.12484902,0.5179369,215,0.5864703174603174,0.1981730476190476,0.06863993824504194,1
0.38057715,0.123130195,0.5162296,216,0.6040907142857143,0.19544475396825395,0.06846977323541514,1
0.44590074,0.11301568,0.5061831,217,0.7077789523809523,0.17938996825396825,0.06746844788590686,1
0.46845454,0.10952351,0.50271434,218,0.7435786349206348,0.17384684126984126,0.06712271978961856,1
0.63,0.55879486,-0.03090607,219,1.0,0.8869759682539682,0.013937267786631471,1
0.60439664,0.63,-0.1154797,220,0.959359746031746,1.0,0.005507892420191892,1
0.4333487,0.1543014,-0.68048894,221,0.6878550793650793,0.24492285714285714,-0.05080605519523798,1
0.39659446,0.052084867,-0.8018963,222,0.6295150158730158,0.08267439206349206,-0.0629066143138245,1
0.3888105,0.030436974,-0.8276085,223,0.6171595238095238,0.04831265714285714,-0.06546932547210121,1
0.2803985,-0.27106586,-1.1857173,224,0.4450769841269841,-0.4302632698412698,-0.10116169787263835,1
0.2726145,-0.29271373,-1.2114296,225,0.43272142857142853,-0.46462496825396826,-0.10372441899782245,1
0.23586027,-0.39493027,-1.3328369,226,0.37438138095238094,-0.6268734444444445,-0.11582497213626453,1
0.15133576,-0.63,-1.6120402,227,0.24021549206349208,-1.0,-0.1436529064374012,1
0.08720883,-0.45165762,-1.8238657,228,0.1384267142857143,-0.716916857142857,-0.16476535782069582,1
0.06662502,-0.39441237,-1.8918585,229,0.10575399999999999,-0.6260513809523809,-0.17154213721889894,1
0.06318575,-0.38484746,-1.9032191,230,0.10029484126984126,-0.6108689841269841,-0.17267443769823243,1
-0.16060045,0.23752064,-2.6424346,231,-0.2549213492063492,0.3770168888888889,-0.24635136189068246,1
-0.050180078,0.38675827,-2.6626484,232,-0.07965091746031747,0.6139020158730158,-0.248366052613809,1
-0.042020135,0.39778677,-2.6641424,233,-0.06669862698412699,0.6314075714285714,-0.2485149582100032,1
0.0039983527,0.45998263,-2.6725667,234,0.006346591587301587,0.7301311587301587,-0.2493546003880615,1
0.12979358,0.63,-2.6955953,235,0.20602155555555554,1.0,-0.25164983962000165,1
0.3603233,0.31842968,-2.7377968,236,0.571941746031746,0.5054439365079365,-0.2558560240361938,1
0.4191674,0.27244025,-2.7627583,237,0.6653450793650794,0.43244484126984123,-0.2583439136208005,1
0.40575796,0.21670365,-2.8385675,238,0.6440602539682538,0.3439740476190476,-0.26589974636712455,1
0.38209337,0.11834123,-2.972354,239,0.6064974126984126,0.18784322222222222,-0.27923412290342986,1
0.3773373,0.098572545,-2.999242,240,0.5989480952380952,0.15646435714285714,-0.2819140249586311,1
0.29121056,-0.25941554,-3.4861546,241,0.4622389841269841,-0.41177069841269837,-0.33044415280166023,1
0.2864545,-0.27918422,-3.5130427,242,0.4546896825396825,-0.4431495555555555,-0.3331240648237689,1
0.2627899,-0.37754664,-3.6468291,243,0.4171268253968254,-0.5992803809523809,-0.34645843139316684,1
0.23368715,-0.49851298,-3.81136,244,0.37093198412698414,-0.7912904444444444,-0.3628570738007132,1
0.19873136,-0.49357423,-3.828744,245,0.31544660317460316,-0.7834511587301587,-0.36458972097891973,1
-0.0438582,-0.46157146,-3.8217945,246,-0.06961619047619047,-0.7326531111111111,-0.36389707075083955,1
-0.63,-0.37742355,-3.430136,247,-1.0,-0.599085,-0.32486083082644845,1
-0.31777012,-0.3325991,-3.2215047,248,-0.5043970158730158,-0.5279350793650793,-0.3040667423985512,1
-0.23838785,-0.32120278,-3.1684618,249,-0.3783934126984127,-0.5098456825396825,-0.2987800056861207,1
-0.22413974,-0.3191573,-3.1589413,250,-0.3557773650793651,-0.5065988888888888,-0.29783110626940895,1
0.30487463,-0.24321075,-2.805455,251,0.48392798412698407,-0.3860488095238095,-0.2625994541623175,1
0.31912273,-0.24116525,-2.7959344,252,0.5065440158730159,-0.38280198412698413,-0.26165054477869853,1
0.398505,-0.22976896,-2.7428916,253,0.632547619047619,-0.3647126349206349,-0.2563638180331753,1
0.63,-0.19653499,-2.588207,254,1.0,-0.31196030158730154,-0.24094654722657094,1
0.6010375,-0.19237706,-2.5688543,255,0.9540277777777777,-0.3053604126984127,-0.2390176815428573,1
0.26723102,-0.49178693,-2.8370578,256,0.4241762222222222,-0.7806141746031746,-0.2657492759664723,1
0.63,-0.45626616,-3.272655,257,1.0,-0.7242319999999999,-0.30916484542198763,1
0.30857474,-0.4247936,-3.6586084,258,0.48980117460317457,-0.6742755555555555,-0.3476324633136827,1
0.48681247,-0.40284812,-4.045062,259,0.7727182063492063,-0.6394414603174603,-0.3861499356760715,1
0.40339538,-0.22107048,-4.2994523,260,0.640310126984127,-0.35090552380952383,-0.41150478125005446,1
0.37079656,-0.15003303,-4.398866,261,0.5885659682539682,-0.23814766666666667,-0.4214132526478958,1
0.36499685,-0.13739465,-4.416553,262,0.5793600793650793,-0.21808674603174602,-0.42317609955545105,1
0.13384752,0.3663125,-5.1214705,263,0.21245638095238092,0.5814484126984126,-0.4934345738561541,1
0.12804782,0.37895086,-5.1391573,264,0.20325050793650792,0.6015093015873015,-0.4951974008298945,1
0.09544899,0.44998834,-5.238571,265,0.15150633333333333,0.7142672063492063,-0.5051058722277358,1
0.08894616,0.46415892,-5.2584023,266,0.14118438095238095,0.7367601904761903,-0.50708243953015,1
0.12744252,0.44199365,-5.254124,267,0.20228971428571427,0.7015772222222222,-0.5066560253318918,1
0.31827205,0.3321188,-5.2329164,268,0.50519373015873,0.5271726984126983,-0.5045422834832647,1
0.46603414,0.24704109,-5.216495,269,0.7397367301587301,0.3921287142857143,-0.5029055777554574,1
0.63,-0.26502082,-5.9949317,270,1.0,-0.42066796825396824,-0.5804916426235791,1
0.62418723,-0.28317395,-6.022528,271,0.9907733809523809,-0.4494824603174603,-0.583242140283723,1
0.62379116,-0.30753085,-6.0037003,272,0.9901446984126984,-0.48814420634920636,-0.5813656008637322,1
0.56143814,-0.5068077,-6.0267415,273,0.8911716507936508,-0.8044566666666666,-0.5836620959260017,1
0.63,-0.48082975,-6.129058,274,1.0,-0.7632218253968254,-0.5938598867111473,1
0.5444804,-0.44842654,-6.2566805,275,0.8642546031746031,-0.7117881587301587,-0.6065799030768092,1
0.4849947,-0.4760635,-6.2896743,276,0.7698328571428571,-0.7556563492063492,-0.6098683645625611,1
0.054455373,0.4300289,4.669306,277,0.0864371,0.6825855555555556,0.48240305126902405,1
0.0015728029,0.3999969,4.5812554,278,0.0024965125396825393,0.6349157142857142,0.47362712952320063,1
-0.016657172,0.38964412,4.5509024,279,-0.026439955555555558,0.6184827301587301,0.47060187412742843,1
-0.32610133,0.213911,4.0356736,280,-0.5176211587301588,0.3395412698412698,0.41924949685805707,1
-0.34433132,0.2035582,4.0053205,281,-0.5465576507936507,0.32310825396825393,0.4162242314953775,1
-0.43392286,0.15267923,3.8561497,282,-0.6887664444444445,0.2423479841269841,0.4013565160276592,1
-0.5428979,0.09079241,3.6747048,283,-0.8617426984126985,0.1441149365079365,0.3832720709065725,1
-0.63,0.056258813,3.415758,284,-1.0,0.08929970317460316,0.35746308319801184,1
-0.6253495,0.054415032,3.4019325,285,-0.9926182539682539,0.08637306666666666,0.3560851084187726,1
-0.63,0.060290474,3.3861873,286,-1.0,0.09569916507936507,0.35451579891864043,1
-0.51879793,0.20078446,3.0096881,287,-0.8234887777777776,0.318705492063492,0.31699047238406686,1
-0.5067637,0.15326107,2.7909613,288,-0.8043868253968254,0.24327153968253967,0.2951901748220472,1
-0.63,0.015003892,2.4671142,289,-1.0,0.023815701587301584,0.2629126343258795,1
-0.2300499,-0.4336948,1.4161037,290,-0.3651585714285714,-0.6884044444444444,0.158159391281099,1
-0.072564185,-0.63,1.441869,291,-0.11518124603174604,-1.0,0.16072739486719226,1
0.06785533,-0.45496774,1.4648422,292,0.10770687301587302,-0.7221710158730158,0.1630171124324462,1
0.1291363,-0.37858132,1.474868,293,0.20497825396825398,-0.6009227301587301,0.16401637463212773,1
0.14120266,-0.36354065,1.4768422,294,0.22413120634920636,-0.5770486507936508,0.16421314131754047,1
0.38550925,-0.05901366,1.5168117,295,0.6119194444444445,-0.0936724761904762,0.1681968643611051,1
0.39757562,-0.043972995,1.5187858,296,0.6310724126984127,-0.06979840476190476,0.16839362107961048,1
0.45885658,0.032413434,1.5288116,297,0.7283437777777778,0.05144989523809523,0.16939288327929197,1
0.63,0.24574287,1.5568113,298,1.0,0.3900680476190476,0.17218358744378978,1
0.6065789,0.2749372,1.5606432,299,0.9628236507936508,0.43640825396825395,0.17256550936752252,1
-0.05647616,-0.38588917,2.1785667,200,-0.0896446984126984,-0.6125224920634921,0.23415337226573477,2
-0.26992032,0.28150138,1.6420358,201,-0.42844495238095237,0.44682758730158734,0.18067783442026614,2
-0.2733012,0.29207268,1.6335373,202,-0.43381142857142857,0.4636074285714285,0.179830796796935,2
-0.29323968,0.35441568,1.5834184,203,-0.4654598095238095,0.5625645714285714,0.17483549245617244,2
-0.38137677,0.63,1.3618697,204,-0.6053599523809523,1.0,0.15275393873491544,2
-0.63,-0.14738739,0.73690987,205,-1.0,-0.2339482380952381,0.09046477134294861,2
-0.51807487,-0.49735135,0.4555657,206,-0.8223410634920634,-0.7894465873015873,0.06242345851187598,2
-0.52916867,-0.36448157,0.45925355,207,-0.8399502698412699,-0.5785421746031746,0.06279102310553389,2
-0.63,-0.37080553,0.435809,208,-1.0,-0.5885802063492063,0.060454326522364155,2
-0.62268907,-0.37126407,0.4341091,209,-0.9883953492063491,-0.5893080476190475,0.06028489906388318,2
-0.63,-0.36641946,0.43517247,210,-1.0,-0.5816181904761905,0.060390884166845064,2
-0.4053148,-0.21753141,0.4678528,211,-0.6433568253968254,-0.3452879523809524,0.06364810238804613,2
-0.3550513,-0.18422423,0.47516358,212,-0.563573492063492,-0.29241941269841265,0.06437676105909357,2
-0.34666657,-0.17866807,0.47638315,213,-0.5502643968253969,-0.2836001111111111,0.06449831447137644,2
0.16025479,0.15724428,0.5501145,214,0.25437268253968254,0.2495940952380952,0.07184704983279269,2
0.3694763,0.12484902,0.5179369,215,0.5864703174603174,0.1981730476190476,0.06863993824504194,2
0.38057715,0.123130195,0.5162296,216,0.6040907142857143,0.19544475396825395,0.06846977323541514,2
0.44590074,0.11301568,0.5061831,217,0.7077789523809523,0.17938996825396825,0.06746844788590686,2
0.46845454,0.10952351,0.50271434,218,0.7435786349206348,0.17384684126984126,0.06712271978961856,2
0.63,0.55879486,-0.03090607,219,1.0,0.8869759682539682,0.013937267786631471,2
0.60439664,0.63,-0.1154797,220,0.959359746031746,1.0,0.005507892420191892,2
0.4333487,0.1543014,-0.68048894,221,0.6878550793650793,0.24492285714285714,-0.05080605519523798,2
0.39659446,0.052084867,-0.8018963,222,0.6295150158730158,0.08267439206349206,-0.0629066143138245,2
0.3888105,0.030436974,-0.8276085,223,0.6171595238095238,0.04831265714285714,-0.06546932547210121,2
0.2803985,-0.27106586,-1.1857173,224,0.4450769841269841,-0.4302632698412698,-0.10116169787263835,2
0.2726145,-0.29271373,-1.2114296,225,0.43272142857142853,-0.46462496825396826,-0.10372441899782245,2
0.23586027,-0.39493027,-1.3328369,226,0.37438138095238094,-0.6268734444444445,-0.11582497213626453,2
0.15133576,-0.63,-1.6120402,227,0.24021549206349208,-1.0,-0.1436529064374012,2
0.08720883,-0.45165762,-1.8238657,228,0.1384267142857143,-0.716916857142857,-0.16476535782069582,2
0.06662502,-0.39441237,-1.8918585,229,0.10575399999999999,-0.6260513809523809,-0.17154213721889894,2
0.06318575,-0.38484746,-1.9032191,230,0.10029484126984126,-0.6108689841269841,-0.17267443769823243,2
-0.16060045,0.23752064,-2.6424346,231,-0.2549213492063492,0.3770168888888889,-0.24635136189068246,2
-0.050180078,0.38675827,-2.6626484,232,-0.07965091746031747,0.6139020158730158,-0.248366052613809,2
-0.042020135,0.39778677,-2.6641424,233,-0.06669862698412699,0.6314075714285714,-0.2485149582100032,2
0.0039983527,0.45998263,-2.6725667,234,0.006346591587301587,0.7301311587301587,-0.2493546003880615,2
0.12979358,0.63,-2.6955953,235,0.20602155555555554,1.0,-0.25164983962000165,2
0.3603233,0.31842968,-2.7377968,236,0.571941746031746,0.5054439365079365,-0.2558560240361938,2
0.4191674,0.27244025,-2.7627583,237,0.6653450793650794,0.43244484126984123,-0.2583439136208005,2
0.40575796,0.21670365,-2.8385675,238,0.6440602539682538,0.3439740476190476,-0.26589974636712455,2
0.38209337,0.11834123,-2.972354,239,0.6064974126984126,0.18784322222222222,-0.27923412290342986,2
0.3773373,0.098572545,-2.999242,240,0.5989480952380952,0.15646435714285714,-0.2819140249586311,2
0.29121056,-0.25941554,-3.4861546,241,0.4622389841269841,-0.41177069841269837,-0.33044415280166023,2
0.2864545,-0.27918422,-3.5130427,242,0.4546896825396825,-0.4431495555555555,-0.3331240648237689,2
0.2627899,-0.37754664,-3.6468291,243,0.4171268253968254,-0.5992803809523809,-0.34645843139316684,2
0.23368715,-0.49851298,-3.81136,244,0.37093198412698414,-0.7912904444444444,-0.3628570738007132,2
0.19873136,-0.49357423,-3.828744,245,0.31544660317460316,-0.7834511587301587,-0.36458972097891973,2
-0.0438582,-0.46157146,-3.8217945,246,-0.06961619047619047,-0.7326531111111111,-0.36389707075083955,2
-0.63,-0.37742355,-3.430136,247,-1.0,-0.599085,-0.32486083082644845,2
-0.31777012,-0.3325991,-3.2215047,248,-0.5043970158730158,-0.5279350793650793,-0.3040667423985512,2
-0.23838785,-0.32120278,-3.1684618,249,-0.3783934126984127,-0.5098456825396825,-0.2987800056861207,2
-0.22413974,-0.3191573,-3.1589413,250,-0.3557773650793651,-0.5065988888888888,-0.29783110626940895,2
0.30487463,-0.24321075,-2.805455,251,0.48392798412698407,-0.3860488095238095,-0.2625994541623175,2
0.31912273,-0.24116525,-2.7959344,252,0.5065440158730159,-0.38280198412698413,-0.26165054477869853,2
0.398505,-0.22976896,-2.7428916,253,0.632547619047619,-0.3647126349206349,-0.2563638180331753,2
0.63,-0.19653499,-2.588207,254,1.0,-0.31196030158730154,-0.24094654722657094,2
0.6010375,-0.19237706,-2.5688543,255,0.9540277777777777,-0.3053604126984127,-0.2390176815428573,2
0.26723102,-0.49178693,-2.8370578,256,0.4241762222222222,-0.7806141746031746,-0.2657492759664723,2
0.63,-0.45626616,-3.272655,257,1.0,-0.7242319999999999,-0.30916484542198763,2
0.30857474,-0.4247936,-3.6586084,258,0.48980117460317457,-0.6742755555555555,-0.3476324633136827,2
0.48681247,-0.40284812,-4.045062,259,0.7727182063492063,-0.6394414603174603,-0.3861499356760715,2
0.40339538,-0.22107048,-4.2994523,260,0.640310126984127,-0.35090552380952383,-0.41150478125005446,2
0.37079656,-0.15003303,-4.398866,261,0.5885659682539682,-0.23814766666666667,-0.4214132526478958,2
0.36499685,-0.13739465,-4.416553,262,0.5793600793650793,-0.21808674603174602,-0.42317609955545105,2
0.13384752,0.3663125,-5.1214705,263,0.21245638095238092,0.5814484126984126,-0.4934345738561541,2
0.12804782,0.37895086,-5.1391573,264,0.20325050793650792,0.6015093015873015,-0.4951974008298945,2
0.09544899,0.44998834,-5.238571,265,0.15150633333333333,0.7142672063492063,-0.5051058722277358,2
0.08894616,0.46415892,-5.2584023,266,0.14118438095238095,0.7367601904761903,-0.50708243953015,2
0.12744252,0.44199365,-5.254124,267,0.20228971428571427,0.7015772222222222,-0.5066560253318918,2
0.31827205,0.3321188,-5.2329164,268,0.50519373015873,0.5271726984126983,-0.5045422834832647,2
0.46603414,0.24704109,-5.216495,269,0.7397367301587301,0.3921287142857143,-0.5029055777554574,2
0.63,-0.26502082,-5.9949317,270,1.0,-0.42066796825396824,-0.5804916426235791,2
0.62418723,-0.28317395,-6.022528,271,0.9907733809523809,-0.4494824603174603,-0.583242140283723,2
0.62379116,-0.30753085,-6.0037003,272,0.9901446984126984,-0.48814420634920636,-0.5813656008637322,2
0.56143814,-0.5068077,-6.0267415,273,0.8911716507936508,-0.8044566666666666,-0.5836620959260017,2
0.63,-0.48082975,-6.129058,274,1.0,-0.7632218253968254,-0.5938598867111473,2
0.5444804,-0.44842654,-6.2566805,275,0.8642546031746031,-0.7117881587301587,-0.6065799030768092,2
0.4849947,-0.4760635,-6.2896743,276,0.7698328571428571,-0.7556563492063492,-0.6098683645625611,2
0.054455373,0.4300289,4.669306,277,0.0864371,0.6825855555555556,0.48240305126902405,2
0.0015728029,0.3999969,4.5812554,278,0.0024965125396825393,0.6349157142857142,0.47362712952320063,2
-0.016657172,0.38964412,4.5509024,279,-0.026439955555555558,0.6184827301587301,0.47060187412742843,2
-0.32610133,0.213911,4.0356736,280,-0.5176211587301588,0.3395412698412698,0.41924949685805707,2
-0.34433132,0.2035582,4.0053205,281,-0.5465576507936507,0.32310825396825393,0.4162242314953775,2
-0.43392286,0.15267923,3.8561497,282,-0.6887664444444445,0.2423479841269841,0.4013565160276592,2
-0.5428979,0.09079241,3.6747048,283,-0.8617426984126985,0.1441149365079365,0.3832720709065725,2
-0.63,0.056258813,3.415758,284,-1.0,0.08929970317460316,0.35746308319801184,2
-0.6253495,0.054415032,3.4019325,285,-0.9926182539682539,0.08637306666666666,0.3560851084187726,2
-0.63,0.060290474,3.3861873,286,-1.0,0.09569916507936507,0.35451579891864043,2
-0.51879793,0.20078446,3.0096881,287,-0.8234887777777776,0.318705492063492,0.31699047238406686,2
-0.5067637,0.15326107,2.7909613,288,-0.8043868253968254,0.24327153968253967,0.2951901748220472,2
-0.63,0.015003892,2.4671142,289,-1.0,0.023815701587301584,0.2629126343258795,2
-0.2300499,-0.4336948,1.4161037,290,-0.3651585714285714,-0.6884044444444444,0.158159391281099,2
-0.072564185,-0.63,1.441869,291,-0.11518124603174604,-1.0,0.16072739486719226,2
0.06785533,-0.45496774,1.4648422,292,0.10770687301587302,-0.7221710158730158,0.1630171124324462,2
0.1291363,-0.37858132,1.474868,293,0.20497825396825398,-0.6009227301587301,0.16401637463212773,2
0.14120266,-0.36354065,1.4768422,294,0.22413120634920636,-0.5770486507936508,0.16421314131754047,2
0.38550925,-0.05901366,1.5168117,295,0.6119194444444445,-0.0936724761904762,0.1681968643611051,2
0.39757562,-0.043972995,1.5187858,296,0.6310724126984127,-0.06979840476190476,0.16839362107961048,2
0.45885658,0.032413434,1.5288116,297,0.7283437777777778,0.05144989523809523,0.16939288327929197,2
0.63,0.24574287,1.5568113,298,1.0,0.3900680476190476,0.17218358744378978,2
0.6065789,0.2749372,1.5606432,299,0.9628236507936508,0.43640825396825395,0.17256550936752252,2
0.07541752,0.52742714,1.2025234,300,0.11971034920634921,0.8371859365079365,0.13687204060717406,2
-0.34220943,0.42705065,0.6542016,301,-0.5431895714285714,0.6778581746031745,0.08222131467993399,2
-0.63,0.5888476,0.22542393,302,-1.0,0.9346787301587302,0.039485441462982565,2
-0.55680156,0.63,0.116365984,303,-0.883812,1.0,0.02861573699922835,2
-0.185187,0.42107692,-0.43730065,304,-0.293947619047619,0.6683760634920635,-0.026567703582181232,2
-0.11672833,0.3825892,-0.53929687,305,-0.1852830634920635,0.6072844444444444,-0.036733572356383686,2
-0.10452921,0.3757308,-0.5574723,306,-0.16591938095238093,0.5963980952380952,-0.03854510062963443,2
0.37533242,0.105950855,-1.2724156,307,0.595765746031746,0.1681759603174603,-0.10980283713001901,2
0.38753152,0.09909247,-1.290591,308,0.6151293968253968,0.1572896349206349,-0.11161436241319755,2
0.4559902,0.060604747,-1.3925873,309,0.7237939682539682,0.0961980111111111,-0.1217802391609259,2
0.63,-0.0372242,-1.6518435,310,1.0,-0.05908603174603174,-0.14762006448090725,2
0.43614516,-0.1462101,-1.9406669,311,0.6922939047619047,-0.23207952380952382,-0.17640682523850185,2
0.34919763,-0.19509232,-2.0702095,312,0.5542819523809523,-0.3096703492063492,-0.18931821619268618,2
0.33188233,-0.20482704,-2.0960076,313,0.5267973492063491,-0.3251222857142857,-0.19188948892439875,2
0.0025270153,-0.38999182,-2.5867124,314,0.004011135396825397,-0.6190346349206348,-0.24079758182893246,2
-0.014788288,-0.39972654,-2.6125102,315,-0.023473473015873016,-0.6344865714285715,-0.24336882465992288,2
-0.10173582,-0.44860876,-2.742053,316,-0.16148542857142856,-0.7120773968253967,-0.25628023554792195,2
-0.4243791,-0.63,-3.2227576,317,-0.6736176190476191,-1.0,-0.3041916177810624,2
-0.63,-0.5143992,-3.5291111,318,-1.0,-0.8165066666666665,-0.3347255873685396,2
-0.558634,-0.47427696,-3.635439,319,-0.8867206349206348,-0.7528205714285714,-0.34532319067615747,2
-0.46477857,-0.42144552,-3.8560808,320,-0.7377437619047619,-0.6689611428571428,-0.36731435451442346,2
-0.4650322,-0.40114132,-3.8474941,321,-0.7381463492063491,-0.636732253968254,-0.3664585260787869,2
-0.61827475,-0.105497316,-3.7231865,322,-0.981388492063492,-0.16745605714285713,-0.3540689027257249,2
-0.45560223,0.0634556,-3.7697122,323,-0.7231781428571428,0.10072317460317459,-0.35870607615066075,2
-0.36972952,0.15264365,-3.7942727,324,-0.5868722539682539,0.24229150793650792,-0.36115399843669055,2
-0.34888867,0.1742891,-3.8002334,325,-0.5537915396825397,0.27664936507936505,-0.361748095884639,2
-0.18737407,0.3420394,-3.8464277,326,-0.29741915873015873,0.5429196825396825,-0.36635223897853153,2
-0.16653322,0.36368486,-3.8523884,327,-0.26433844444444443,0.5772775555555555,-0.36694633642647995,2
-0.080660515,0.45287293,-3.8769488,328,-0.1280325634920635,0.7188459206349206,-0.3693942487456024,2
-0.041827623,0.49320507,-3.8880553,329,-0.06639305238095237,0.7828651904761905,-0.370501223313294,2
0.03054881,0.52193296,-3.904444,330,0.0484901746031746,0.8284650158730158,-0.37213466986238936,2
0.17014377,0.5428886,-3.964394,331,0.27006947619047617,0.8617279365079366,-0.3781098308341728,2
0.25111318,0.6162704,-4.0786214,332,0.3985923492063492,0.978206984126984,-0.3894947699899409,2
0.42676187,0.58589876,-4.240774,333,0.6773997936507936,0.9299980317460317,-0.4056563694393689,2
0.63,0.463069,-4.355091,334,1.0,0.7350301587301588,-0.41705023894414567,2
0.39349687,0.3201351,-4.4881196,335,0.6245982063492063,0.5081509523809523,-0.4303090762894499,2
0.33672878,0.3133907,-4.5135913,336,0.534490126984127,0.4974455555555556,-0.4328478170354879,2
0.25969055,0.30423808,-4.5481586,337,0.4122072222222222,0.4829175873015873,-0.4362931078087978,2
0.24601816,0.30261374,-4.5542936,338,0.3905050158730159,0.48033926984126984,-0.4369045775763023,2
-0.31007367,0.23654667,-4.8038135,339,-0.4921804285714286,0.3754709047619047,-0.46177399489345505,2
-0.32374606,0.23492229,-4.8099484,340,-0.5138826349206349,0.3728925238095238,-0.462385454694052,2
-0.40078428,0.22576968,-4.8445153,341,-0.6361655238095237,0.3583645714285714,-0.4658307055997325,2
-0.63,0.19853748,-4.9473653,342,-1.0,0.3151388571428571,-0.47608166983572797,2
-0.4257124,0.17426687,-5.0390296,343,-0.6757339682539683,0.2766140793650793,-0.48521776571339015,2
-0.36352643,0.1668788,-5.0669327,344,-0.5770260793650793,0.2648869841269841,-0.4879988418453629,2
-0.35307822,0.1656375,-5.071621,345,-0.560441619047619,0.26291666666666663,-0.48846612036386194,2
0.3820593,0.07829871,-5.401479,346,0.6064433333333333,0.12428366666666665,-0.5213427616954805,2
0.39250752,0.0770574,-5.406167,347,0.6230278095238095,0.12231333333333333,-0.5218100103132574,2
0.4546935,0.06966933,-5.43407,348,0.7217357142857141,0.11058623809523808,-0.5245910764783228,2
0.5526478,0.05803176,-5.4780226,349,0.8772187301587302,0.09211390476190476,-0.5289717914095724,2
0.63,0.14494412,-5.5071597,350,1.0,0.23007003174603174,-0.5318758591785624,2
0.44145438,0.35679266,-5.578182,351,0.700721238095238,0.5663375555555555,-0.5389545860357149,2
0.42705354,0.35914353,-5.5851483,352,0.6778627619047619,0.5700690952380952,-0.5396489107042343,2
0.17120065,0.63,-5.721972,353,0.2717470634920635,1.0,-0.5532860021513569,2
0.010504167,0.45988005,-5.807908,354,0.01667328095238095,0.7299683333333332,-0.561851163673812,2
-0.048892096,0.3970007,-5.8396716,355,-0.07760650158730159,0.6301598412698413,-0.565017012265027,2
-0.059872046,0.38537687,-5.8455434,356,-0.09503499365079364,0.6117093174603174,-0.5656022491323185,2
-0.38816017,0.03783745,-6.0211034,357,-0.616127253968254,0.06005944444444444,-0.5831001517212475,2
-0.39914012,0.02621362,-6.026975,358,-0.633555746031746,0.04160892063492063,-0.5836853686547242,2
-0.4585364,-0.036665723,-6.0587387,359,-0.7278355555555556,-0.05819956031746031,-0.5868512272128465,2
-0.63,-0.2181842,-6.1504326,360,-1.0,-0.34632412698412696,-0.595990273295092,2
-0.36409315,-0.4996842,-6.2926326,361,-0.5779256349206349,-0.7931495238095237,-0.610163215583459,2
-0.36293095,-0.54226345,-6.270943,362,-0.576080873015873,-0.8607356349206349,-0.6080014332412806,2
-0.4649164,-0.5091697,-5.667907,363,-0.7379625396825397,-0.8082058730158729,-0.5478973936786384,2
-0.47312087,-0.5012198,-5.6570077,364,-0.750985507936508,-0.795586984126984,-0.5468110705430296,2
-0.63,0.33805045,-4.4894776,365,-1.0,0.5365880158730159,-0.4304444268916131,2
-0.6160955,0.41243657,-4.3859973,366,-0.977929365079365,0.6546612222222222,-0.4201306412384281,2
-0.63,0.41627187,-4.427663,367,-1.0,0.6607489999999999,-0.42428342296490074,2
-0.5823534,0.4294143,-4.57044,368,-0.9243704761904762,0.68161,-0.43851387430882605,2
-0.63,0.40819582,-4.593404,369,-1.0,0.647929873015873,-0.4408026749186015,2
-0.35905775,0.287537,-4.72399,370,-0.5699329365079365,0.4564079365079365,-0.45381806058434476,2
-0.3021017,0.26217276,-4.751441,371,-0.47952650793650786,0.41614723809523807,-0.45655407632807166,2
-0.29254046,0.25791484,-4.756049,372,-0.4643499365079365,0.4093886349206349,-0.4570133514199479,2
0.38740826,-0.044886954,-5.0837646,373,0.614933746031746,-0.07124913333333333,-0.48967646172794776,2
0.3969695,-0.049144864,-5.0883727,374,0.6301103174603174,-0.07800772063492063,-0.49013574678673133,2
0.45392555,-0.074509114,-5.1158237,375,0.720516746031746,-0.11826843492063492,-0.4928717625304583,2
0.54960936,-0.11712001,-5.1619406,376,0.8723958095238096,-0.18590477777777775,-0.49746819123804187,2
0.63,-0.02701163,-5.7191386,377,1.0,-0.04287560317460317,-0.5530035997977715,2
0.5358076,0.07856684,-6.3719983,378,0.850488253968254,0.12470926984126983,-0.6180735213906028,2
0.5380544,0.07371123,-6.3623457,379,0.8540546031746032,0.11700195238095237,-0.6171114556892477,2
0.4559111,0.061196864,-6.328808,380,0.7236684126984126,0.09713787936507935,-0.6137687841942789,2
0.39658478,0.052158613,-6.3045855,381,0.6294996507936508,0.0827914492063492,-0.6113545500551792,2
0.38669673,0.050652187,-6.3005486,382,0.6138043333333333,0.08040029682539682,-0.6109521959713262,2
-0.38423693,-0.06679803,-5.985788,383,-0.6098998888888888,-0.10602861904761904,-0.5795802985138594,2
-0.39412498,-0.06830446,-5.9817505,384,-0.6255952063492063,-0.10841977777777777,-0.579177884628562,2
-0.45345134,-0.077342704,-5.9575286,385,-0.7197640317460317,-0.12276619682539681,-0.5767637102909066,2
-0.63,-0.104239546,-5.885446,386,-1.0,-0.16545959682539682,-0.5695793043148486,2
-0.47765097,-0.12744962,-5.8232446,387,-0.7581761428571429,-0.20230098412698413,-0.5633797483904067,2
-0.4831583,-0.17998073,-5.71321,388,-0.7669179365079365,-0.2856836984126984,-0.5524127017270907,2
-0.43412656,-0.15209907,-5.750835,389,-0.6890897777777777,-0.24142709523809522,-0.55616275062723,2
-0.42282003,-0.14566967,-5.759511,390,-0.6711429047619047,-0.2312216984126984,-0.5570274795111531,2
-0.39459035,-0.06556269,-5.6895747,391,-0.6263338888888889,-0.10406776190476191,-0.5500569932681015,2
-0.38738248,-0.045109022,-5.6717176,392,-0.6148928253968253,-0.07160162222222222,-0.5482771926511002,2
-0.27351555,0.27800944,-5.389622,393,-0.43415166666666666,0.44128482539682534,-0.5201609854879337,2
-0.26630768,0.2984631,-5.3717656,394,-0.42271060317460313,0.47375095238095233,-0.5183812546392839,2
-0.23138227,0.39757043,-5.2852407,395,-0.36727344444444443,0.6310641746031745,-0.5097573979992929,2
-0.19944192,0.48820704,-5.2061114,396,-0.3165744761904762,0.7749318095238095,-0.5018706539611854,2
-0.44380045,0.63,-5.2552614,397,-0.7044451587301587,1.0,-0.506769388936384,2
-0.63,0.5219547,-5.2927136,398,-1.0,0.8284995238095237,-0.5105022150205779,2
-0.3123906,0.3376568,-5.3565974,399,-0.49585809523809526,0.5359631746031746,-0.51686945419471,2
0.07541752,0.52742714,1.2025234,300,0.11971034920634921,0.8371859365079365,0.13687204060717406,3
-0.34220943,0.42705065,0.6542016,301,-0.5431895714285714,0.6778581746031745,0.08222131467993399,3
-0.63,0.5888476,0.22542393,302,-1.0,0.9346787301587302,0.039485441462982565,3
-0.55680156,0.63,0.116365984,303,-0.883812,1.0,0.02861573699922835,3
-0.185187,0.42107692,-0.43730065,304,-0.293947619047619,0.6683760634920635,-0.026567703582181232,3
-0.11672833,0.3825892,-0.53929687,305,-0.1852830634920635,0.6072844444444444,-0.036733572356383686,3
-0.10452921,0.3757308,-0.5574723,306,-0.16591938095238093,0.5963980952380952,-0.03854510062963443,3
0.37533242,0.105950855,-1.2724156,307,0.595765746031746,0.1681759603174603,-0.10980283713001901,3
0.38753152,0.09909247,-1.290591,308,0.6151293968253968,0.1572896349206349,-0.11161436241319755,3
0.4559902,0.060604747,-1.3925873,309,0.7237939682539682,0.0961980111111111,-0.1217802391609259,3
0.63,-0.0372242,-1.6518435,310,1.0,-0.05908603174603174,-0.14762006448090725,3
0.43614516,-0.1462101,-1.9406669,311,0.6922939047619047,-0.23207952380952382,-0.17640682523850185,3
0.34919763,-0.19509232,-2.0702095,312,0.5542819523809523,-0.3096703492063492,-0.18931821619268618,3
0.33188233,-0.20482704,-2.0960076,313,0.5267973492063491,-0.3251222857142857,-0.19188948892439875,3
0.0025270153,-0.38999182,-2.5867124,314,0.004011135396825397,-0.6190346349206348,-0.24079758182893246,3
-0.014788288,-0.39972654,-2.6125102,315,-0.023473473015873016,-0.6344865714285715,-0.24336882465992288,3
-0.10173582,-0.44860876,-2.742053,316,-0.16148542857142856,-0.7120773968253967,-0.25628023554792195,3
-0.4243791,-0.63,-3.2227576,317,-0.6736176190476191,-1.0,-0.3041916177810624,3
-0.63,-0.5143992,-3.5291111,318,-1.0,-0.8165066666666665,-0.3347255873685396,3
-0.558634,-0.47427696,-3.635439,319,-0.8867206349206348,-0.7528205714285714,-0.34532319067615747,3
-0.46477857,-0.42144552,-3.8560808,320,-0.7377437619047619,-0.6689611428571428,-0.36731435451442346,3
-0.4650322,-0.40114132,-3.8474941,321,-0.7381463492063491,-0.636732253968254,-0.3664585260787869,3
-0.61827475,-0.105497316,-3.7231865,322,-0.981388492063492,-0.16745605714285713,-0.3540689027257249,3
-0.45560223,0.0634556,-3.7697122,323,-0.7231781428571428,0.10072317460317459,-0.35870607615066075,3
-0.36972952,0.15264365,-3.7942727,324,-0.5868722539682539,0.24229150793650792,-0.36115399843669055,3
-0.34888867,0.1742891,-3.8002334,325,-0.5537915396825397,0.27664936507936505,-0.361748095884639,3
-0.18737407,0.3420394,-3.8464277,326,-0.29741915873015873,0.5429196825396825,-0.36635223897853153,3
-0.16653322,0.36368486,-3.8523884,327,-0.26433844444444443,0.5772775555555555,-0.36694633642647995,3
-0.080660515,0.45287293,-3.8769488,328,-0.1280325634920635,0.7188459206349206,-0.3693942487456024,3
-0.041827623,0.49320507,-3.8880553,329,-0.06639305238095237,0.7828651904761905,-0.370501223313294,3
0.03054881,0.52193296,-3.904444,330,0.0484901746031746,0.8284650158730158,-0.37213466986238936,3
0.17014377,0.5428886,-3.964394,331,0.27006947619047617,0.8617279365079366,-0.3781098308341728,3
0.25111318,0.6162704,-4.0786214,332,0.3985923492063492,0.978206984126984,-0.3894947699899409,3
0.42676187,0.58589876,-4.240774,333,0.6773997936507936,0.9299980317460317,-0.4056563694393689,3
0.63,0.463069,-4.355091,334,1.0,0.7350301587301588,-0.41705023894414567,3
0.39349687,0.3201351,-4.4881196,335,0.6245982063492063,0.5081509523809523,-0.4303090762894499,3
0.33672878,0.3133907,-4.5135913,336,0.534490126984127,0.4974455555555556,-0.4328478170354879,3
0.25969055,0.30423808,-4.5481586,337,0.4122072222222222,0.4829175873015873,-0.4362931078087978,3
0.24601816,0.30261374,-4.5542936,338,0.3905050158730159,0.48033926984126984,-0.4369045775763023,3
-0.31007367,0.23654667,-4.8038135,339,-0.4921804285714286,0.3754709047619047,-0.46177399489345505,3
-0.32374606,0.23492229,-4.8099484,340,-0.5138826349206349,0.3728925238095238,-0.462385454694052,3
-0.40078428,0.22576968,-4.8445153,341,-0.6361655238095237,0.3583645714285714,-0.4658307055997325,3
-0.63,0.19853748,-4.9473653,342,-1.0,0.3151388571428571,-0.47608166983572797,3
-0.4257124,0.17426687,-5.0390296,343,-0.6757339682539683,0.2766140793650793,-0.48521776571339015,3
-0.36352643,0.1668788,-5.0669327,344,-0.5770260793650793,0.2648869841269841,-0.4879988418453629,3
-0.35307822,0.1656375,-5.071621,345,-0.560441619047619,0.26291666666666663,-0.48846612036386194,3
0.3820593,0.07829871,-5.401479,346,0.6064433333333333,0.12428366666666665,-0.5213427616954805,3
0.39250752,0.0770574,-5.406167,347,0.6230278095238095,0.12231333333333333,-0.5218100103132574,3
0.4546935,0.06966933,-5.43407,348,0.7217357142857141,0.11058623809523808,-0.5245910764783228,3
0.5526478,0.05803176,-5.4780226,349,0.8772187301587302,0.09211390476190476,-0.5289717914095724,3
0.63,0.14494412,-5.5071597,350,1.0,0.23007003174603174,-0.5318758591785624,3
0.44145438,0.35679266,-5.578182,351,0.700721238095238,0.5663375555555555,-0.5389545860357149,3
0.42705354,0.35914353,-5.5851483,352,0.6778627619047619,0.5700690952380952,-0.5396489107042343,3
0.17120065,0.63,-5.721972,353,0.2717470634920635,1.0,-0.5532860021513569,3
0.010504167,0.45988005,-5.807908,354,0.01667328095238095,0.7299683333333332,-0.561851163673812,3
-0.048892096,0.3970007,-5.8396716,355,-0.07760650158730159,0.6301598412698413,-0.565017012265027,3
-0.059872046,0.38537687,-5.8455434,356,-0.09503499365079364,0.6117093174603174,-0.5656022491323185,3
-0.38816017,0.03783745,-6.0211034,357,-0.616127253968254,0.06005944444444444,-0.5831001517212475,3
-0.39914012,0.02621362,-6.026975,358,-0.633555746031746,0.04160892063492063,-0.5836853686547242,3
-0.4585364,-0.036665723,-6.0587387,359,-0.7278355555555556,-0.05819956031746031,-0.5868512272128465,3
-0.63,-0.2181842,-6.1504326,360,-1.0,-0.34632412698412696,-0.595990273295092,3
-0.36409315,-0.4996842,-6.2926326,361,-0.5779256349206349,-0.7931495238095237,-0.610163215583459,3
-0.36293095,-0.54226345,-6.270943,362,-0.576080873015873,-0.8607356349206349,-0.6080014332412806,3
-0.4649164,-0.5091697,-5.667907,363,-0.7379625396825397,-0.8082058730158729,-0.5478973936786384,3
-0.47312087,-0.5012198,-5.6570077,364,-0.750985507936508,-0.795586984126984,-0.5468110705430296,3
-0.63,0.33805045,-4.4894776,365,-1.0,0.5365880158730159,-0.4304444268916131,3
-0.6160955,0.41243657,-4.3859973,366,-0.977929365079365,0.6546612222222222,-0.4201306412384281,3
-0.63,0.41627187,-4.427663,367,-1.0,0.6607489999999999,-0.42428342296490074,3
-0.5823534,0.4294143,-4.57044,368,-0.9243704761904762,0.68161,-0.43851387430882605,3
-0.63,0.40819582,-4.593404,369,-1.0,0.647929873015873,-0.4408026749186015,3
-0.35905775,0.287537,-4.72399,370,-0.5699329365079365,0.4564079365079365,-0.45381806058434476,3
-0.3021017,0.26217276,-4.751441,371,-0.47952650793650786,0.41614723809523807,-0.45655407632807166,3
-0.29254046,0.25791484,-4.756049,372,-0.4643499365079365,0.4093886349206349,-0.4570133514199479,3
0.38740826,-0.044886954,-5.0837646,373,0.614933746031746,-0.07124913333333333,-0.48967646172794776,3
0.3969695,-0.049144864,-5.0883727,374,0.6301103174603174,-0.07800772063492063,-0.49013574678673133,3
0.45392555,-0.074509114,-5.1158237,375,0.720516746031746,-0.11826843492063492,-0.4928717625304583,3
0.54960936,-0.11712001,-5.1619406,376,0.8723958095238096,-0.18590477777777775,-0.49746819123804187,3
0.63,-0.02701163,-5.7191386,377,1.0,-0.04287560317460317,-0.5530035997977715,3
0.5358076,0.07856684,-6.3719983,378,0.850488253968254,0.12470926984126983,-0.6180735213906028,3
0.5380544,0.07371123,-6.3623457,379,0.8540546031746032,0.11700195238095237,-0.6171114556892477,3
0.4559111,0.061196864,-6.328808,380,0.7236684126984126,0.09713787936507935,-0.6137687841942789,3
0.39658478,0.052158613,-6.3045855,381,0.6294996507936508,0.0827914492063492,-0.6113545500551792,3
0.38669673,0.050652187,-6.3005486,382,0.6138043333333333,0.08040029682539682,-0.6109521959713262,3
-0.38423693,-0.06679803,-5.985788,383,-0.6098998888888888,-0.10602861904761904,-0.5795802985138594,3
-0.39412498,-0.06830446,-5.9817505,384,-0.6255952063492063,-0.10841977777777777,-0.579177884628562,3
-0.45345134,-0.077342704,-5.9575286,385,-0.7197640317460317,-0.12276619682539681,-0.5767637102909066,3
-0.63,-0.104239546,-5.885446,386,-1.0,-0.16545959682539682,-0.5695793043148486,3
-0.47765097,-0.12744962,-5.8232446,387,-0.7581761428571429,-0.20230098412698413,-0.5633797483904067,3
-0.4831583,-0.17998073,-5.71321,388,-0.7669179365079365,-0.2856836984126984,-0.5524127017270907,3
-0.43412656,-0.15209907,-5.750835,389,-0.6890897777777777,-0.24142709523809522,-0.55616275062723,3
-0.42282003,-0.14566967,-5.759511,390,-0.6711429047619047,-0.2312216984126984,-0.5570274795111531,3
-0.39459035,-0.06556269,-5.6895747,391,-0.6263338888888889,-0.10406776190476191,-0.5500569932681015,3
-0.38738248,-0.045109022,-5.6717176,392,-0.6148928253968253,-0.07160162222222222,-0.5482771926511002,3
-0.27351555,0.27800944,-5.389622,393,-0.43415166666666666,0.44128482539682534,-0.5201609854879337,3
-0.26630768,0.2984631,-5.3717656,394,-0.42271060317460313,0.47375095238095233,-0.5183812546392839,3
-0.23138227,0.39757043,-5.2852407,395,-0.36727344444444443,0.6310641746031745,-0.5097573979992929,3
-0.19944192,0.48820704,-5.2061114,396,-0.3165744761904762,0.7749318095238095,-0.5018706539611854,3
-0.44380045,0.63,-5.2552614,397,-0.7044451587301587,1.0,-0.506769388936384,3
-0.63,0.5219547,-5.2927136,398,-1.0,0.8284995238095237,-0.5105022150205779,3
-0.3123906,0.3376568,-5.3565974,399,-0.49585809523809526,0.5359631746031746,-0.51686945419471,3
-0.25770304,0.30592343,-5.367597,400,-0.4090524444444444,0.485592746031746,-0.5179657741384169,3
-0.24849701,0.3005815,-5.369449,401,-0.3944396984126984,0.477113492063492,-0.5181503612630165,3
0.3842725,-0.06659314,-5.496724,402,0.6099563492063492,-0.10570339682539681,-0.5308357426255476,3
0.3934785,-0.07193508,-5.4985757,403,0.6245690476190476,-0.11418266666666665,-0.5310202998494249,3
0.4481661,-0.10366843,-5.5095754,404,0.7113747619047619,-0.1645530634920635,-0.5321166297600393,3
0.63,-0.20918046,-5.5461493,405,1.0,-0.3320324761904762,-0.5357619164967516,3
0.015135264,-0.5659656,-5.669823,406,0.024024228571428573,-0.8983580952380951,-0.5480883596239585,3
-0.17346832,-0.6045168,-5.541836,407,-0.2753465396825397,-0.9595504761904761,-0.5353320138809119,3
-0.1676339,-0.6076262,-5.541522,408,-0.2660855555555555,-0.9644860317460316,-0.5353007177917519,3
-0.15589179,-0.60882014,-5.539426,409,-0.2474472857142857,-0.9663811746031745,-0.5350918114131554,3
-0.21824534,-0.63,-5.6027603,410,-0.3464211746031746,-1.0,-0.5414042824312576,3
-0.63,-0.49013793,-6.0209937,411,-1.0,-0.7779967142857143,-0.5830892180238563,3
-0.27425635,-0.3693013,-6.382334,412,-0.4353275396825396,-0.5861925396825397,-0.619103671036242,3
-0.20252928,-0.34493753,-6.45519,413,-0.3214750476190476,-0.5475198888888888,-0.6263651610739442,3
-0.18989532,-0.3406461,-6.468023,414,-0.30142114285714283,-0.5407080952380953,-0.6276442142974787,3
0.35808703,-0.15451111,-7.024627,415,0.568392111111111,-0.24525573015873015,-0.6831204194273961,3
0.37072098,-0.1502197,-7.03746,416,0.5884459999999999,-0.23844396825396827,-0.6843994726509308,3
0.44244805,-0.12585592,-7.1103153,417,0.702298492063492,-0.19977130158730158,-0.6916608929202814,3
0.49247092,-0.10886448,-7.161125,418,0.781699873015873,-0.1728007619047619,-0.696725048657196,3
0.63,-0.026354665,-7.255131,419,1.0,-0.041832801587301585,-0.7060945396048769,3
0.45302135,0.07982272,-7.3761015,420,0.7190815079365078,0.12670273015873015,-0.7181515572919015,3
0.38051483,0.123322606,-7.425662,421,0.6039917936507937,0.19575016825396824,-0.7230912064218777,3
0.3672375,0.13128826,-7.4347377,422,0.5829166666666666,0.20839406349206346,-0.723995773034582,3
0.32847357,0.15454447,-7.461234,423,0.521386619047619,0.24530868253968252,-0.7266366347135922,3
0.3397475,0.1914984,-7.520619,424,0.539281746031746,0.3039657142857143,-0.7325554826587024,3
0.34373397,0.2045653,-7.541617,425,0.5456094761904762,0.3247068253968254,-0.7346483338694698,3
0.36623895,0.2783326,-7.6601605,426,0.5813316666666667,0.44179777777777773,-0.7464634547144842,3
0.47287363,0.627862,-8.221852,427,0.7505930634920635,0.9966063492063492,-0.8024467262571447,3
0.47464842,0.63,-8.222767,428,0.7534101904761905,1.0,-0.802537923459633,3
0.47825462,0.62565583,-8.224624,429,0.7591343174603175,0.993104492063492,-0.8027230089296015,3
0.17489652,0.5318367,-8.532476,430,0.2776135238095238,0.8441852380952382,-0.8334063326241049,3
0.16918911,0.56259465,-8.548282,431,0.26855414285714285,0.8930073809523809,-0.8349817020039215,3
0.1052794,0.4477904,-8.306702,432,0.16711015873015872,0.7107784126984126,-0.8109036471654987,3
0.07475231,0.39295304,-8.191309,433,0.11865446031746031,0.623734984126984,-0.7994025337373586,3
0.069621034,0.38373548,-8.171912,434,0.11050957777777777,0.6091039365079365,-0.7974692527136775,3
0.041682884,0.33354875,-8.066305,435,0.06616330793650793,0.5294424603174603,-0.7869435008413316,3
0.27834347,-0.2731756,-8.300479,436,0.4418150317460317,-0.4336120634920635,-0.8102834065195036,3
0.2823184,-0.28336605,-8.304412,437,0.44812444444444444,-0.4497873809523809,-0.8106754049865932,3
0.30582067,-0.34361857,-8.327667,438,0.4854296349206349,-0.5454263015873015,-0.8129932092968322,3
0.34482664,-0.44361776,-8.366262,439,0.5473438730158731,-0.7041551746031746,-0.8168399371985167,3
0.3215473,-0.63,-8.423397,440,0.5103925396825396,-1.0,-0.8225345297276716,3
0.32001597,-0.61773974,-8.4271555,441,0.5079618571428571,-0.9805392698412697,-0.8229091359413906,3
0.36280316,-0.63,-8.532386,442,0.5758780317460317,-1.0,-0.8333973624074666,3
0.63,-0.5534375,-9.189527,443,1.0,-0.8784722222222222,-0.8988939972057776,3
0.54475546,-0.5290115,-9.399176,444,0.8646912063492063,-0.8397007936507935,-0.9197895188500382,3
0.63,-0.4657767,-9.436515,445,1.0,-0.7393280952380952,-0.9235110623950827,3
0.37019336,-0.27305105,-9.550314,446,0.587608507936508,-0.4334143650793651,-0.9348533033196529,3
0.32200426,-0.23730417,-9.571422,447,0.511117873015873,-0.3766732857142857,-0.9369571181285338,3
0.3139727,-0.23134634,-9.57494,448,0.498369365079365,-0.3672164126984127,-0.9373077539300139,3
-0.31247985,0.23335882,-9.849338,449,-0.49599976190476186,0.37041082539682535,-0.9646567484310219,3
-0.32051137,0.23931664,-9.852855,450,-0.5087482063492064,0.3798676825396825,-0.9650072845634282,3
-0.3687005,0.2750635,-9.873962,451,-0.5852388888888889,0.43660873015873014,-0.9671109997032354,3
-0.63,0.4688966,-9.988417,452,-1.0,0.7442803174603174,-0.9785186235401907,3
-0.4128222,0.63,-10.083545,453,-0.6552733333333333,1.0,-0.9879999431886279,3
-0.24275823,0.5038458,-10.158035,454,-0.38533052380952376,0.7997552380952381,-0.9954242924928507,3
-0.56571305,0.40442628,-10.121903,455,-0.8979572222222223,0.6419464761904762,-0.9918230495198317,3
-0.63,0.2860957,-10.085591,456,-1.0,0.4541201587301587,-0.9882038661135366,3
-0.5207734,0.08504644,-10.023897,457,-0.8266244444444445,0.1349943492063492,-0.9820548822771193,3
-0.49851978,0.109704785,-10.086561,458,-0.7913012380952381,0.17413457936507937,-0.9883005451150817,3
-0.4414908,0.12917382,-10.090773,459,-0.7007790476190476,0.2050378095238095,-0.9887203512537497,3
-0.36923254,0.15384194,-10.096108,460,-0.5860833968253968,0.24419355555555555,-0.9892520857622478,3
-0.3564737,0.15819766,-10.097051,461,-0.5658312698412699,0.2511073968253968,-0.9893460736988016,3
0.18531655,0.34315854,-10.137059,462,0.2941532539682539,0.5446960952380953,-0.9933336340017058,3
0.19807537,0.34751424,-10.138001,463,0.3144053492063492,0.5516099047619047,-0.9934275222691857,3
0.27033365,0.37218237,-10.143337,464,0.4291010317460317,0.5907656666666666,-0.9939593564467577,3
0.63,0.4949683,-10.169897,465,1.0,0.7856639682539682,-0.9966065670457664,3
0.23446302,0.63,-10.199106,466,0.3721635238095238,1.0,-0.9995178010211596,3
0.1689461,0.6076333,-10.203944,467,0.2681684126984127,0.9644973015873016,-1.0,3
0.16626665,0.6060024,-10.200557,468,0.26391531746031743,0.9619085714285714,-0.999662420847182,3
0.016283661,0.550534,-10.110559,469,0.025847080952380953,0.873863492063492,-0.9906924035471227,3
0.012388336,0.5502187,-10.108454,470,0.019664025396825397,0.8733630158730158,-0.9904826001468623,3
0.057901405,0.63,-10.103428,471,0.09190699206349207,1.0,-0.9899816633821552,3
0.17449532,0.42561883,-10.090555,472,0.2769766984126984,0.6755854444444445,-0.9886986233956705,3
0.2310131,0.326547,-10.084314,473,0.3666874603174603,0.5183285714285714,-0.9880765887063476,3
0.2435154,0.30463132,-10.082934,474,0.3865323809523809,0.48354177777777774,-0.9879390453845618,3
0.3861616,0.054582294,-10.067184,475,0.6129549206349206,0.08663856190476191,-0.9863692574728755,3
0.39866388,0.032666627,-10.0658045,476,0.6327998095238095,0.05185178888888888,-0.9862317639856268,3
0.45518166,-0.06640519,-10.059564,477,0.7225105714285713,-0.1054050634920635,-0.9856097791308409,3
0.63,-0.3728498,-10.040262,478,1.0,-0.5918250793650793,-0.9836859666691666,3
0.4833028,-0.63,-10.024065,479,0.7671473015873015,-1.0,-0.9820716266815107,3
0.31509176,-0.33513755,-10.005492,480,0.5001456507936508,-0.5319643650793651,-0.9802204729746061,3
0.28437823,-0.28129882,-10.002101,481,0.45139401587301586,-0.44650606349206345,-0.9798824951454932,3
0.2792282,-0.2722712,-10.001533,482,0.44321936507936505,-0.4321765079365079,-0.9798258831115987,3
-0.09226396,0.37892923,-9.960516,483,-0.14645073015873017,0.6014749682539682,-0.9757377567132728,3
-0.09741397,0.38795686,-9.959947,484,-0.1546253492063492,0.6158045396825397,-0.9756810450103045,3
-0.12812752,0.4417956,-9.956556,485,-0.20337701587301585,0.7012628571428571,-0.9753430671811917,3
-0.23549302,0.63,-9.944701,486,-0.37379844444444443,1.0,-0.9741614903117923,3
-0.61786485,-0.040271744,-9.902483,487,-0.9807378571428571,-0.06392340317460317,-0.9699536613558831,3
-0.63,-0.048806332,-9.876995,488,-1.0,-0.07747036825396825,-0.967413296003943,3
-0.4138464,-0.20082618,-9.422997,489,-0.6568990476190476,-0.31877171428571427,-0.9221637358560241,3
-0.049064152,-0.45737588,-8.656828,490,-0.07787960634920635,-0.7259934603174603,-0.8458003812840418,3
0.07469633,-0.54441607,-8.396888,491,0.11856560317460317,-0.8641524920634921,-0.8198924022514248,3
-0.010586839,-0.5941272,-8.318799,492,-0.016804506349206348,-0.9430590476190475,-0.8121093439507475,3
0.039940123,-0.603174,-8.309715,493,0.06339702063492063,-0.9574190476190475,-0.8112039500847312,3
0.36168692,-0.49306044,-8.925031,494,0.5741062222222222,-0.782635619047619,-0.8725319258731198,3
0.38844422,-0.502205,-8.976277,495,0.616578126984127,-0.7971507936507937,-0.8776395672269148,3
0.41001707,-0.51982945,-9.004823,496,0.650820746031746,-0.8251261111111111,-0.8804847206064066,3
0.49100175,-0.63,-8.969771,497,0.7793678571428572,-1.0,-0.8769911202330462,3
0.5552751,-0.5425634,-8.941953,498,0.8813890476190476,-0.861211746031746,-0.8742185259392502,3
0.55660367,-0.5406909,-8.942477,499,0.8834978888888888,-0.8582395238095237,-0.8742707525338993,3
-0.25770304,0.30592343,-5.367597,400,-0.4090524444444444,0.485592746031746,-0.5179657741384169,4
-0.24849701,0.3005815,-5.369449,401,-0.3944396984126984,0.477113492063492,-0.5181503612630165,4
0.3842725,-0.06659314,-5.496724,402,0.6099563492063492,-0.10570339682539681,-0.5308357426255476,4
0.3934785,-0.07193508,-5.4985757,403,0.6245690476190476,-0.11418266666666665,-0.5310202998494249,4
0.4481661,-0.10366843,-5.5095754,404,0.7113747619047619,-0.1645530634920635,-0.5321166297600393,4
0.63,-0.20918046,-5.5461493,405,1.0,-0.3320324761904762,-0.5357619164967516,4
0.015135264,-0.5659656,-5.669823,406,0.024024228571428573,-0.8983580952380951,-0.5480883596239585,4
-0.17346832,-0.6045168,-5.541836,407,-0.2753465396825397,-0.9595504761904761,-0.5353320138809119,4
-0.1676339,-0.6076262,-5.541522,408,-0.2660855555555555,-0.9644860317460316,-0.5353007177917519,4
-0.15589179,-0.60882014,-5.539426,409,-0.2474472857142857,-0.9663811746031745,-0.5350918114131554,4
-0.21824534,-0.63,-5.6027603,410,-0.3464211746031746,-1.0,-0.5414042824312576,4
-0.63,-0.49013793,-6.0209937,411,-1.0,-0.7779967142857143,-0.5830892180238563,4
-0.27425635,-0.3693013,-6.382334,412,-0.4353275396825396,-0.5861925396825397,-0.619103671036242,4
-0.20252928,-0.34493753,-6.45519,413,-0.3214750476190476,-0.5475198888888888,-0.6263651610739442,4
-0.18989532,-0.3406461,-6.468023,414,-0.30142114285714283,-0.5407080952380953,-0.6276442142974787,4
0.35808703,-0.15451111,-7.024627,415,0.568392111111111,-0.24525573015873015,-0.6831204194273961,4
0.37072098,-0.1502197,-7.03746,416,0.5884459999999999,-0.23844396825396827,-0.6843994726509308,4
0.44244805,-0.12585592,-7.1103153,417,0.702298492063492,-0.19977130158730158,-0.6916608929202814,4
0.49247092,-0.10886448,-7.161125,418,0.781699873015873,-0.1728007619047619,-0.696725048657196,4
0.63,-0.026354665,-7.255131,419,1.0,-0.041832801587301585,-0.7060945396048769,4
0.45302135,0.07982272,-7.3761015,420,0.7190815079365078,0.12670273015873015,-0.7181515572919015,4
0.38051483,0.123322606,-7.425662,421,0.6039917936507937,0.19575016825396824,-0.7230912064218777,4
0.3672375,0.13128826,-7.4347377,422,0.5829166666666666,0.20839406349206346,-0.723995773034582,4
0.32847357,0.15454447,-7.461234,423,0.521386619047619,0.24530868253968252,-0.7266366347135922,4
0.3397475,0.1914984,-7.520619,424,0.539281746031746,0.3039657142857143,-0.7325554826587024,4
0.34373397,0.2045653,-7.541617,425,0.5456094761904762,0.3247068253968254,-0.7346483338694698,4
0.36623895,0.2783326,-7.6601605,426,0.5813316666666667,0.44179777777777773,-0.7464634547144842,4
0.47287363,0.627862,-8.221852,427,0.7505930634920635,0.9966063492063492,-0.8024467262571447,4
0.47464842,0.63,-8.222767,428,0.7534101904761905,1.0,-0.802537923459633,4
0.47825462,0.62565583,-8.224624,429,0.7591343174603175,0.993104492063492,-0.8027230089296015,4
0.17489652,0.5318367,-8.532476,430,0.2776135238095238,0.8441852380952382,-0.8334063326241049,4
0.16918911,0.56259465,-8.548282,431,0.26855414285714285,0.8930073809523809,-0.8349817020039215,4
0.1052794,0.4477904,-8.306702,432,0.16711015873015872,0.7107784126984126,-0.8109036471654987,4
0.07475231,0.39295304,-8.191309,433,0.11865446031746031,0.623734984126984,-0.7994025337373586,4
0.069621034,0.38373548,-8.171912,434,0.11050957777777777,0.6091039365079365,-0.7974692527136775,4
0.041682884,0.33354875,-8.066305,435,0.06616330793650793,0.5294424603174603,-0.7869435008413316,4
0.27834347,-0.2731756,-8.300479,436,0.4418150317460317,-0.4336120634920635,-0.8102834065195036,4
0.2823184,-0.28336605,-8.304412,437,0.44812444444444444,-0.4497873809523809,-0.8106754049865932,4
0.30582067,-0.34361857,-8.327667,438,0.4854296349206349,-0.5454263015873015,-0.8129932092968322,4
0.34482664,-0.44361776,-8.366262,439,0.5473438730158731,-0.7041551746031746,-0.8168399371985167,4
0.3215473,-0.63,-8.423397,440,0.5103925396825396,-1.0,-0.8225345297276716,4
0.32001597,-0.61773974,-8.4271555,441,0.5079618571428571,-0.9805392698412697,-0.8229091359413906,4
0.36280316,-0.63,-8.532386,442,0.5758780317460317,-1.0,-0.8333973624074666,4
0.63,-0.5534375,-9.189527,443,1.0,-0.8784722222222222,-0.8988939972057776,4
0.54475546,-0.5290115,-9.399176,444,0.8646912063492063,-0.8397007936507935,-0.9197895188500382,4
0.63,-0.4657767,-9.436515,445,1.0,-0.7393280952380952,-0.9235110623950827,4
0.37019336,-0.27305105,-9.550314,446,0.587608507936508,-0.4334143650793651,-0.9348533033196529,4
0.32200426,-0.23730417,-9.571422,447,0.511117873015873,-0.3766732857142857,-0.9369571181285338,4
0.3139727,-0.23134634,-9.57494,448,0.498369365079365,-0.3672164126984127,-0.9373077539300139,4
-0.31247985,0.23335882,-9.849338,449,-0.49599976190476186,0.37041082539682535,-0.9646567484310219,4
-0.32051137,0.23931664,-9.852855,450,-0.5087482063492064,0.3798676825396825,-0.9650072845634282,4
-0.3687005,0.2750635,-9.873962,451,-0.5852388888888889,0.43660873015873014,-0.9671109997032354,4
-0.63,0.4688966,-9.988417,452,-1.0,0.7442803174603174,-0.9785186235401907,4
-0.4128222,0.63,-10.083545,453,-0.6552733333333333,1.0,-0.9879999431886279,4
-0.24275823,0.5038458,-10.158035,454,-0.38533052380952376,0.7997552380952381,-0.9954242924928507,4
-0.56571305,0.40442628,-10.121903,455,-0.8979572222222223,0.6419464761904762,-0.9918230495198317,4
-0.63,0.2860957,-10.085591,456,-1.0,0.4541201587301587,-0.9882038661135366,4
-0.5207734,0.08504644,-10.023897,457,-0.8266244444444445,0.1349943492063492,-0.9820548822771193,4
-0.49851978,0.109704785,-10.086561,458,-0.7913012380952381,0.17413457936507937,-0.9883005451150817,4
-0.4414908,0.12917382,-10.090773,459,-0.7007790476190476,0.2050378095238095,-0.9887203512537497,4
-0.36923254,0.15384194,-10.096108,460,-0.5860833968253968,0.24419355555555555,-0.9892520857622478,4
-0.3564737,0.15819766,-10.097051,461,-0.5658312698412699,0.2511073968253968,-0.9893460736988016,4
0.18531655,0.34315854,-10.137059,462,0.2941532539682539,0.5446960952380953,-0.9933336340017058,4
0.19807537,0.34751424,-10.138001,463,0.3144053492063492,0.5516099047619047,-0.9934275222691857,4
0.27033365,0.37218237,-10.143337,464,0.4291010317460317,0.5907656666666666,-0.9939593564467577,4
0.63,0.4949683,-10.169897,465,1.0,0.7856639682539682,-0.9966065670457664,4
0.23446302,0.63,-10.199106,466,0.3721635238095238,1.0,-0.9995178010211596,4
0.1689461,0.6076333,-10.203944,467,0.2681684126984127,0.9644973015873016,-1.0,4
0.16626665,0.6060024,-10.200557,468,0.26391531746031743,0.9619085714285714,-0.999662420847182,4
0.016283661,0.550534,-10.110559,469,0.025847080952380953,0.873863492063492,-0.9906924035471227,4
0.012388336,0.5502187,-10.108454,470,0.019664025396825397,0.8733630158730158,-0.9904826001468623,4
0.057901405,0.63,-10.103428,471,0.09190699206349207,1.0,-0.9899816633821552,4
0.17449532,0.42561883,-10.090555,472,0.2769766984126984,0.6755854444444445,-0.9886986233956705,4
0.2310131,0.326547,-10.084314,473,0.3666874603174603,0.5183285714285714,-0.9880765887063476,4
0.2435154,0.30463132,-10.082934,474,0.3865323809523809,0.48354177777777774,-0.9879390453845618,4
0.3861616,0.054582294,-10.067184,475,0.6129549206349206,0.08663856190476191,-0.9863692574728755,4
0.39866388,0.032666627,-10.0658045,476,0.6327998095238095,0.05185178888888888,-0.9862317639856268,4
0.45518166,-0.06640519,-10.059564,477,0.7225105714285713,-0.1054050634920635,-0.9856097791308409,4
0.63,-0.3728498,-10.040262,478,1.0,-0.5918250793650793,-0.9836859666691666,4
0.4833028,-0.63,-10.024065,479,0.7671473015873015,-1.0,-0.9820716266815107,4
0.31509176,-0.33513755,-10.005492,480,0.5001456507936508,-0.5319643650793651,-0.9802204729746061,4
0.28437823,-0.28129882,-10.002101,481,0.45139401587301586,-0.44650606349206345,-0.9798824951454932,4
0.2792282,-0.2722712,-10.001533,482,0.44321936507936505,-0.4321765079365079,-0.9798258831115987,4
-0.09226396,0.37892923,-9.960516,483,-0.14645073015873017,0.6014749682539682,-0.9757377567132728,4
-0.09741397,0.38795686,-9.959947,484,-0.1546253492063492,0.6158045396825397,-0.9756810450103045,4
-0.12812752,0.4417956,-9.956556,485,-0.20337701587301585,0.7012628571428571,-0.9753430671811917,4
-0.23549302,0.63,-9.944701,486,-0.37379844444444443,1.0,-0.9741614903117923,4
-0.61786485,-0.040271744,-9.902483,487,-0.9807378571428571,-0.06392340317460317,-0.9699536613558831,4
-0.63,-0.048806332,-9.876995,488,-1.0,-0.07747036825396825,-0.967413296003943,4
-0.4138464,-0.20082618,-9.422997,489,-0.6568990476190476,-0.31877171428571427,-0.9221637358560241,4
-0.049064152,-0.45737588,-8.656828,490,-0.07787960634920635,-0.7259934603174603,-0.8458003812840418,4
0.07469633,-0.54441607,-8.396888,491,0.11856560317460317,-0.8641524920634921,-0.8198924022514248,4
-0.010586839,-0.5941272,-8.318799,492,-0.016804506349206348,-0.9430590476190475,-0.8121093439507475,4
0.039940123,-0.603174,-8.309715,493,0.06339702063492063,-0.9574190476190475,-0.8112039500847312,4
0.36168692,-0.49306044,-8.925031,494,0.5741062222222222,-0.782635619047619,-0.8725319258731198,4
0.38844422,-0.502205,-8.976277,495,0.616578126984127,-0.7971507936507937,-0.8776395672269148,4
0.41001707,-0.51982945,-9.004823,496,0.650820746031746,-0.8251261111111111,-0.8804847206064066,4
0.49100175,-0.63,-8.969771,497,0.7793678571428572,-1.0,-0.8769911202330462,4
0.5552751,-0.5425634,-8.941953,498,0.8813890476190476,-0.861211746031746,-0.8742185259392502,4
0.55660367,-0.5406909,-8.942477,499,0.8834978888888888,-0.8582395238095237,-0.8742707525338993,4
0.63,-0.30554336,-8.944797,500,1.0,-0.48498946031746026,-0.8745019847850175,4
0.49825191,0.116551936,-8.948958,501,0.7908760476190476,0.185003073015873,-0.8749167078009239,4
0.4374087,0.1423855,-8.958885,502,0.6942995238095238,0.22600873015873013,-0.8759061226961182,4
0.35945055,0.17548592,-8.971605,503,0.5705564285714285,0.27854907936507933,-0.8771739133143182,4
0.34516537,0.1815513,-8.973936,504,0.5478815396825397,0.28817666666666664,-0.8774062419252477,4
-0.1091004,0.37442905,-9.048053,505,-0.17317523809523808,0.5943318253968254,-0.8847934146649586,4
-0.12338558,0.38049442,-9.050384,506,-0.19585012698412696,0.6039593968253968,-0.8850257432758881,4
-0.20134374,0.41359484,-9.063104,507,-0.31959323809523804,0.656499746031746,-0.886293533894088,4
-0.63,0.595599,-9.133042,508,-1.0,0.9453952380952381,-0.893264189574565,4
-0.55826825,0.6260557,-9.144746,509,-0.8861400793650793,0.9937392063492063,-0.894430716413827,4
0.14878182,0.4545084,-9.039109,510,0.23616161904761904,0.7214419047619047,-0.8839019744692684,4
0.14610624,0.45451134,-9.051498,511,0.23191466666666666,0.7214465714285714,-0.8851367746240545,4
0.16303988,0.4301372,-8.883835,512,0.2587934603174603,0.6827574603174603,-0.8684259587105911,4
0.23907658,0.32069048,-8.1309805,513,0.3794866349206349,0.5090325079365079,-0.7933896480211577,4
0.25978854,0.29087782,-7.9259076,514,0.4123627619047619,0.4617108253968254,-0.7729502220253205,4
0.36324337,0.1419657,-6.9015813,515,0.5765767777777777,0.22534238095238093,-0.6708565684785093,4
0.38395533,0.112153046,-6.6965084,516,0.6094529047619047,0.17802070793650793,-0.6504171424826719,4
0.45999205,0.0027063442,-5.943654,517,0.730146111111111,0.004295784444444444,-0.5753808417601459,4
0.47817302,-0.02346321,-5.763641,518,0.7590047936507937,-0.03724319047619048,-0.557439112785773,4
0.4552819,-0.065714434,-5.70927,519,0.7226696825396826,-0.1043086253968254,-0.5520200055764847,4
0.30370232,-0.34549224,-5.349241,520,0.4820671746031746,-0.548400380952381,-0.5161362486205178,4
0.14956015,-0.63,-4.983125,521,0.2373970634920635,-1.0,-0.4796458060125867,4
0.055627596,-0.4566241,-4.760018,522,0.08829777142857143,-0.7248001587301587,-0.4574089379736928,4
0.024541216,-0.39924645,-4.686182,523,0.03895431111111111,-0.6337245238095237,-0.4500497722437078,4
0.019273447,-0.38952348,-4.6736703,524,0.03059277301587301,-0.618291238095238,-0.4488027426935717,4
-0.046534956,-0.2680577,-4.517363,525,-0.07386500952380952,-0.4254884126984127,-0.43322373888098037,4
0.04234518,-0.38769433,-4.428512,526,0.06721457142857143,-0.6153878253968253,-0.42436804200852113,4
0.049228203,-0.3969592,-4.421631,527,0.07814000476190476,-0.6300939682539682,-0.42368221911199333,4
0.08952746,-0.45120376,-4.381345,528,0.14210707936507935,-0.7161964444444444,-0.4196669508065844,4
0.2223583,-0.63,-4.248557,529,0.3529496825396825,-1.0,-0.4064320938404263,4
0.39776894,-0.39388946,-4.073203,530,0.6313792698412698,-0.6252213650793651,-0.38895472308069134,4
0.6138865,-0.097041324,-3.5569382,531,0.9744230158730158,-0.15403384761904762,-0.3374990886509068,4
0.63,-0.08894611,-3.5469575,532,1.0,-0.14118430158730158,-0.33650432152645177,4
0.45998642,-0.0035336448,-3.4416497,533,0.7301371746031746,-0.00560896,-0.3260083906409743,4
0.39908344,0.027063178,-3.403926,534,0.6334657777777778,0.04295742539682539,-0.32224850440325503,4
0.38866016,0.03229968,-3.3974698,535,0.6169208888888889,0.051269333333333326,-0.32160502092925963,4
-0.20609498,0.33109644,-3.0290742,536,-0.32713488888888886,0.5255499047619048,-0.2848873727007902,4
-0.21651824,0.33633295,-3.0226178,537,-0.343679746031746,0.5338618253968254,-0.28424386929297996,4
-0.27742124,0.36692977,-2.984894,538,-0.4403511746031746,0.5824282063492063,-0.2804839730883534,4
-0.43945345,0.44833252,-2.8845303,539,-0.6975451587301588,0.7116389206349206,-0.2704808160704421,4
-0.44561306,0.43345615,-2.8676193,540,-0.7073223174603175,0.6880256349206348,-0.26879531236412296,4
-0.63,0.434047,-2.6513505,541,-1.0,0.6889634920634921,-0.2472400013854001,4
-0.4689525,0.43456307,-2.4624567,542,-0.7443690476190475,0.6897826507936508,-0.22841313130079852,4
-0.4728952,-0.4599061,-2.2787917,543,-0.7506273015873016,-0.7300096825396825,-0.21010741086906198,4
-0.470317,-0.48239902,-1.9675943,544,-0.7465349206349206,-0.7657127301587301,-0.17909065425520912,4
-0.3242202,-0.46006775,-1.8183911,545,-0.514635238095238,-0.7302662698412697,-0.16421970950950104,4
-0.28806084,-0.41114745,-1.797593,546,-0.4572394285714285,-0.6526150000000001,-0.1621467821465778,4
-0.2672743,-0.37438542,-1.8325157,547,-0.42424492063492064,-0.5942625714285714,-0.16562749530870127,4
-0.23755255,-0.32182103,-1.8824501,548,-0.37706753968253964,-0.5108270317460317,-0.1706044107053555,4
-0.2325932,-0.31305018,-1.8907821,549,-0.36919555555555555,-0.49690504761904764,-0.17143485342790596,4
0.14835753,0.36067998,-2.5308034,550,0.2354881428571428,0.5725079047619047,-0.23522518358420452,4
0.1533169,0.36945084,-2.5391355,551,0.24336015873015873,0.5864299047619047,-0.23605563627366233,4
0.18303864,0.42201522,-2.58907,552,0.2905375238095238,0.6698654285714286,-0.24103256163722397,4
0.25884345,0.55607975,-2.7164268,553,0.410862619047619,0.8826662698412697,-0.2537260959299884,4
0.22482803,0.63,-2.7754235,554,0.3568698888888889,1.0,-0.2596062423737585,4
0.13699512,0.4391268,-2.9277623,555,0.2174525714285714,0.6970266666666666,-0.2747897094671417,4
0.11167177,0.38409558,-2.9716835,556,0.17725677777777776,0.6096755238095237,-0.2791672947894752,4
0.107443854,0.37490773,-2.9790163,557,0.1705458,0.5950916349206349,-0.2798981481735268,4
-0.21485054,-0.32548308,-3.5380082,558,-0.34103260317460315,-0.5166398095238095,-0.33561235308467063,4
-0.21907847,-0.33467093,-3.5453413,559,-0.3477436031746032,-0.5312236984126983,-0.33634323636944435,4
-0.24440181,-0.38970214,-3.5892625,560,-0.38793938095238095,-0.6185748253968253,-0.3407208216917778,4
-0.33799455,-0.5930922,-3.751591,561,-0.5364992857142857,-0.9414161904761904,-0.3568999529312799,4
-0.3585493,-0.63,-3.7601604,562,-0.569125873015873,-1.0,-0.35775405709194047,4
-0.36562714,-0.6172911,-3.7631114,563,-0.5803605396825396,-0.9798271428571428,-0.3580481805285999,4
-0.14029582,-0.4380834,-3.7379527,564,-0.22269177777777774,-0.6953704761904762,-0.35554063620264814,4
-0.081785426,-0.39154968,-3.7314198,565,-0.1298181365079365,-0.6215074285714286,-0.3548895081106954,4
-0.0715206,-0.383386,-3.7302737,566,-0.1135247619047619,-0.6085492063492063,-0.3547752773852616,4
0.38964584,-0.016616844,-3.678784,567,0.6184854603174603,-0.026375942857142853,-0.3496433466781917,4
0.39991066,-0.008453146,-3.6776378,568,0.6347788253968253,-0.013417692063492062,-0.34952910598585046,4
0.45842105,0.038080607,-3.671105,569,0.7276524603174602,0.06044540793650794,-0.34887798786080515,4
0.53846383,0.10173924,-3.662168,570,0.854704492063492,0.16149085714285713,-0.3479872453486312,4
0.5678116,0.11237094,-3.6392348,571,0.9012882539682538,0.17836657142857143,-0.3457015145463275,4
0.63,0.15114647,-3.727711,572,1.0,0.23991503174603174,-0.35451985544994236,4
0.33629048,0.33427948,-4.145575,573,0.5337944126984127,0.5306023492063492,-0.39616797328669484,4
0.1678426,0.63,-4.211193,574,0.2664168253968254,1.0,-0.40270805856853775,4
0.068118565,0.45492843,-4.25004,575,0.10812470634920636,0.722108619047619,-0.40657990307680925,4
0.03591027,0.3983848,-4.2625866,576,0.05700042857142857,0.6323568253968254,-0.40783041107761947,4
0.030455723,0.38880903,-4.2647114,577,0.048342417460317456,0.6171571904761904,-0.40804218792554026,4
-0.2822941,-0.16024226,-4.386542,578,-0.448085873015873,-0.2543527936507936,-0.42018493098290405,4
-0.3881686,-0.037750836,-4.6046953,579,-0.6161406349206349,-0.05992196190476191,-0.4419280683311236,4
-0.3992202,-0.024964727,-4.6274667,580,-0.6336828571428571,-0.03962655079365079,-0.4441976726772932,4
-0.45798376,0.043021727,-4.7485485,581,-0.7269583492063492,0.06828845555555556,-0.45626578353222713,4
-0.63,0.24203572,-5.1029863,582,-1.0,0.38418368253968255,-0.49159227076299916,4
-0.61581105,0.25845158,-5.132222,583,-0.9774778571428572,0.41024060317460315,-0.4945061659026616,4
-0.63,0.2948431,-5.131232,584,-1.0,0.46800492063492066,-0.4944074935196414,4
-0.5406822,0.523924,-5.124997,585,-0.8582257142857143,0.8316253968253967,-0.49378605684476107,4
-0.53356075,0.5073972,-5.049669,586,-0.8469218253968254,0.8053923809523809,-0.48627818485672936,4
-0.63,0.5588335,-4.9647145,587,-1.0,0.8870373015873015,-0.47781084853016775,4
-0.53630704,0.608805,-4.8821797,588,-0.8512810158730157,0.9663571428571429,-0.46958468146137783,4
-0.5945533,0.63,-4.8582134,589,-0.9437353968253966,1.0,-0.467195982538975,4
-0.63,0.61710143,-4.8436284,590,-1.0,0.9795260793650792,-0.4657423090982166,4
-0.13909228,0.43846703,-4.6416373,591,-0.22078139682539683,0.6959794126984127,-0.44561004325388626,4
-0.03023561,0.39885563,-4.5968466,592,-0.04799303174603174,0.6331041746031746,-0.4411457956719203,4
-0.0057815746,0.38995713,-4.586785,593,-0.009177102539682538,0.6189795714285714,-0.4401429653193982,4
0.25504464,0.29504615,-4.4794636,594,0.40483276190476186,0.46832722222222223,-0.42944634078700195,4
0.27949867,0.28614768,-4.469402,595,0.44364868253968254,0.45420266666666664,-0.42844351043447987,4
0.30965433,0.27517447,-4.4569936,596,0.49151480952380944,0.436784873015873,-0.4272067766996629,4
0.29930472,0.26536143,-4.453853,597,0.47508685714285714,0.421208619047619,-0.42689375600661894,4
0.29204386,0.25847703,-4.4516497,598,0.4635616825396825,0.41028099999999995,-0.42667415513640833,4
-0.2736442,-0.27788278,-4.2799764,599,-0.434355873015873,-0.44108377777777774,-0.4095636363364539,4
0.63,-0.30554336,-8.944797,500,1.0,-0.48498946031746026,-0.8745019847850175,5
0.49825191,0.116551936,-8.948958,501,0.7908760476190476,0.185003073015873,-0.8749167078009239,5
0.4374087,0.1423855,-8.958885,502,0.6942995238095238,0.22600873015873013,-0.8759061226961182,5
0.35945055,0.17548592,-8.971605,503,0.5705564285714285,0.27854907936507933,-0.8771739133143182,5
0.34516537,0.1815513,-8.973936,504,0.5478815396825397,0.28817666666666664,-0.8774062419252477,5
-0.1091004,0.37442905,-9.048053,505,-0.17317523809523808,0.5943318253968254,-0.8847934146649586,5
-0.12338558,0.38049442,-9.050384,506,-0.19585012698412696,0.6039593968253968,-0.8850257432758881,5
-0.20134374,0.41359484,-9.063104,507,-0.31959323809523804,0.656499746031746,-0.886293533894088,5
-0.63,0.595599,-9.133042,508,-1.0,0.9453952380952381,-0.893264189574565,5
-0.55826825,0.6260557,-9.144746,509,-0.8861400793650793,0.9937392063492063,-0.894430716413827,5
0.14878182,0.4545084,-9.039109,510,0.23616161904761904,0.7214419047619047,-0.8839019744692684,5
0.14610624,0.45451134,-9.051498,511,0.23191466666666666,0.7214465714285714,-0.8851367746240545,5
0.16303988,0.4301372,-8.883835,512,0.2587934603174603,0.6827574603174603,-0.8684259587105911,5
0.23907658,0.32069048,-8.1309805,513,0.3794866349206349,0.5090325079365079,-0.7933896480211577,5
0.25978854,0.29087782,-7.9259076,514,0.4123627619047619,0.4617108253968254,-0.7729502220253205,5
0.36324337,0.1419657,-6.9015813,515,0.5765767777777777,0.22534238095238093,-0.6708565684785093,5
0.38395533,0.112153046,-6.6965084,516,0.6094529047619047,0.17802070793650793,-0.6504171424826719,5
0.45999205,0.0027063442,-5.943654,517,0.730146111111111,0.004295784444444444,-0.5753808417601459,5
0.47817302,-0.02346321,-5.763641,518,0.7590047936507937,-0.03724319047619048,-0.557439112785773,5
0.4552819,-0.065714434,-5.70927,519,0.7226696825396826,-0.1043086253968254,-0.5520200055764847,5
0.30370232,-0.34549224,-5.349241,520,0.4820671746031746,-0.548400380952381,-0.5161362486205178,5
0.14956015,-0.63,-4.983125,521,0.2373970634920635,-1.0,-0.4796458060125867,5
0.055627596,-0.4566241,-4.760018,522,0.08829777142857143,-0.7248001587301587,-0.4574089379736928,5
0.024541216,-0.39924645,-4.686182,523,0.03895431111111111,-0.6337245238095237,-0.4500497722437078,5
0.019273447,-0.38952348,-4.6736703,524,0.03059277301587301,-0.618291238095238,-0.4488027426935717,5
-0.046534956,-0.2680577,-4.517363,525,-0.07386500952380952,-0.4254884126984127,-0.43322373888098037,5
0.04234518,-0.38769433,-4.428512,526,0.06721457142857143,-0.6153878253968253,-0.42436804200852113,5
0.049228203,-0.3969592,-4.421631,527,0.07814000476190476,-0.6300939682539682,-0.42368221911199333,5
0.08952746,-0.45120376,-4.381345,528,0.14210707936507935,-0.7161964444444444,-0.4196669508065844,5
0.2223583,-0.63,-4.248557,529,0.3529496825396825,-1.0,-0.4064320938404263,5
0.39776894,-0.39388946,-4.073203,530,0.6313792698412698,-0.6252213650793651,-0.38895472308069134,5
0.6138865,-0.097041324,-3.5569382,531,0.9744230158730158,-0.15403384761904762,-0.3374990886509068,5
0.63,-0.08894611,-3.5469575,532,1.0,-0.14118430158730158,-0.33650432152645177,5
0.45998642,-0.0035336448,-3.4416497,533,0.7301371746031746,-0.00560896,-0.3260083906409743,5
0.39908344,0.027063178,-3.403926,534,0.6334657777777778,0.04295742539682539,-0.32224850440325503,5
0.38866016,0.03229968,-3.3974698,535,0.6169208888888889,0.051269333333333326,-0.32160502092925963,5
-0.20609498,0.33109644,-3.0290742,536,-0.32713488888888886,0.5255499047619048,-0.2848873727007902,5
-0.21651824,0.33633295,-3.0226178,537,-0.343679746031746,0.5338618253968254,-0.28424386929297996,5
-0.27742124,0.36692977,-2.984894,538,-0.4403511746031746,0.5824282063492063,-0.2804839730883534,5
-0.43945345,0.44833252,-2.8845303,539,-0.6975451587301588,0.7116389206349206,-0.2704808160704421,5
-0.44561306,0.43345615,-2.8676193,540,-0.7073223174603175,0.6880256349206348,-0.26879531236412296,5
-0.63,0.434047,-2.6513505,541,-1.0,0.6889634920634921,-0.2472400013854001,5
-0.4689525,0.43456307,-2.4624567,542,-0.7443690476190475,0.6897826507936508,-0.22841313130079852,5
-0.4728952,-0.4599061,-2.2787917,543,-0.7506273015873016,-0.7300096825396825,-0.21010741086906198,5
-0.470317,-0.48239902,-1.9675943,544,-0.7465349206349206,-0.7657127301587301,-0.17909065425520912,5
-0.3242202,-0.46006775,-1.8183911,545,-0.514635238095238,-0.7302662698412697,-0.16421970950950104,5
-0.28806084,-0.41114745,-1.797593,546,-0.4572394285714285,-0.6526150000000001,-0.1621467821465778,5
-0.2672743,-0.37438542,-1.8325157,547,-0.42424492063492064,-0.5942625714285714,-0.16562749530870127,5
-0.23755255,-0.32182103,-1.8824501,548,-0.37706753968253964,-0.5108270317460317,-0.1706044107053555,5
-0.2325932,-0.31305018,-1.8907821,549,-0.36919555555555555,-0.49690504761904764,-0.17143485342790596,5
0.14835753,0.36067998,-2.5308034,550,0.2354881428571428,0.5725079047619047,-0.23522518358420452,5
0.1533169,0.36945084,-2.5391355,551,0.24336015873015873,0.5864299047619047,-0.23605563627366233,5
0.18303864,0.42201522,-2.58907,552,0.2905375238095238,0.6698654285714286,-0.24103256163722397,5
0.25884345,0.55607975,-2.7164268,553,0.410862619047619,0.8826662698412697,-0.2537260959299884,5
0.22482803,0.63,-2.7754235,554,0.3568698888888889,1.0,-0.2596062423737585,5
0.13699512,0.4391268,-2.9277623,555,0.2174525714285714,0.6970266666666666,-0.2747897094671417,5
0.11167177,0.38409558,-2.9716835,556,0.17725677777777776,0.6096755238095237,-0.2791672947894752,5
0.107443854,0.37490773,-2.9790163,557,0.1705458,0.5950916349206349,-0.2798981481735268,5
-0.21485054,-0.32548308,-3.5380082,558,-0.34103260317460315,-0.5166398095238095,-0.33561235308467063,5
-0.21907847,-0.33467093,-3.5453413,559,-0.3477436031746032,-0.5312236984126983,-0.33634323636944435,5
-0.24440181,-0.38970214,-3.5892625,560,-0.38793938095238095,-0.6185748253968253,-0.3407208216917778,5
-0.33799455,-0.5930922,-3.751591,561,-0.5364992857142857,-0.9414161904761904,-0.3568999529312799,5
-0.3585493,-0.63,-3.7601604,562,-0.569125873015873,-1.0,-0.35775405709194047,5
-0.36562714,-0.6172911,-3.7631114,563,-0.5803605396825396,-0.9798271428571428,-0.3580481805285999,5
-0.14029582,-0.4380834,-3.7379527,564,-0.22269177777777774,-0.6953704761904762,-0.35554063620264814,5
-0.081785426,-0.39154968,-3.7314198,565,-0.1298181365079365,-0.6215074285714286,-0.3548895081106954,5
-0.0715206,-0.383386,-3.7302737,566,-0.1135247619047619,-0.6085492063492063,-0.3547752773852616,5
0.38964584,-0.016616844,-3.678784,567,0.6184854603174603,-0.026375942857142853,-0.3496433466781917,5
0.39991066,-0.008453146,-3.6776378,568,0.6347788253968253,-0.013417692063492062,-0.34952910598585046,5
0.45842105,0.038080607,-3.671105,569,0.7276524603174602,0.06044540793650794,-0.34887798786080515,5
0.53846383,0.10173924,-3.662168,570,0.854704492063492,0.16149085714285713,-0.3479872453486312,5
0.5678116,0.11237094,-3.6392348,571,0.9012882539682538,0.17836657142857143,-0.3457015145463275,5
0.63,0.15114647,-3.727711,572,1.0,0.23991503174603174,-0.35451985544994236,5
0.33629048,0.33427948,-4.145575,573,0.5337944126984127,0.5306023492063492,-0.39616797328669484,5
0.1678426,0.63,-4.211193,574,0.2664168253968254,1.0,-0.40270805856853775,5
0.068118565,0.45492843,-4.25004,575,0.10812470634920636,0.722108619047619,-0.40657990307680925,5
0.03591027,0.3983848,-4.2625866,576,0.05700042857142857,0.6323568253968254,-0.40783041107761947,5
0.030455723,0.38880903,-4.2647114,577,0.048342417460317456,0.6171571904761904,-0.40804218792554026,5
-0.2822941,-0.16024226,-4.386542,578,-0.448085873015873,-0.2543527936507936,-0.42018493098290405,5
-0.3881686,-0.037750836,-4.6046953,579,-0.6161406349206349,-0.05992196190476191,-0.4419280683311236,5
-0.3992202,-0.024964727,-4.6274667,580,-0.6336828571428571,-0.03962655079365079,-0.4441976726772932,5
-0.45798376,0.043021727,-4.7485485,581,-0.7269583492063492,0.06828845555555556,-0.45626578353222713,5
-0.63,0.24203572,-5.1029863,582,-1.0,0.38418368253968255,-0.49159227076299916,5
-0.61581105,0.25845158,-5.132222,583,-0.9774778571428572,0.41024060317460315,-0.4945061659026616,5
-0.63,0.2948431,-5.131232,584,-1.0,0.46800492063492066,-0.4944074935196414,5
-0.5406822,0.523924,-5.124997,585,-0.8582257142857143,0.8316253968253967,-0.49378605684476107,5
-0.53356075,0.5073972,-5.049669,586,-0.8469218253968254,0.8053923809523809,-0.48627818485672936,5
-0.63,0.5588335,-4.9647145,587,-1.0,0.8870373015873015,-0.47781084853016775,5
-0.53630704,0.608805,-4.8821797,588,-0.8512810158730157,0.9663571428571429,-0.46958468146137783,5
-0.5945533,0.63,-4.8582134,589,-0.9437353968253966,1.0,-0.467195982538975,5
-0.63,0.61710143,-4.8436284,590,-1.0,0.9795260793650792,-0.4657423090982166,5
-0.13909228,0.43846703,-4.6416373,591,-0.22078139682539683,0.6959794126984127,-0.44561004325388626,5
-0.03023561,0.39885563,-4.5968466,592,-0.04799303174603174,0.6331041746031746,-0.4411457956719203,5
-0.0057815746,0.38995713,-4.586785,593,-0.009177102539682538,0.6189795714285714,-0.4401429653193982,5
0.25504464,0.29504615,-4.4794636,594,0.40483276190476186,0.46832722222222223,-0.42944634078700195,5
0.27949867,0.28614768,-4.469402,595,0.44364868253968254,0.45420266666666664,-0.42844351043447987,5
0.30965433,0.27517447,-4.4569936,596,0.49151480952380944,0.436784873015873,-0.4272067766996629,5
0.29930472,0.26536143,-4.453853,597,0.47508685714285714,0.421208619047619,-0.42689375600661894,5
0.29204386,0.25847703,-4.4516497,598,0.4635616825396825,0.41028099999999995,-0.42667415513640833,5
-0.2736442,-0.27788278,-4.2799764,599,-0.434355873015873,-0.44108377777777774,-0.4095636363364539,5
-0.28090504,-0.2847672,-4.277773,600,-0.4458810158730158,-0.45201142857142856,-0.4093440254993358,5
-0.3244663,-0.32606998,-4.264553,601,-0.515025873015873,-0.5175713968253968,-0.40802640034425697,5
-0.6210199,-0.60724866,-4.174556,602,-0.9857458730158729,-0.9638867619047619,-0.3990564827132712,5
-0.56293935,-0.63,-4.1130867,603,-0.8935545238095237,-1.0,-0.39292989451772753,5
-0.36455357,-0.55228835,-3.9031267,604,-0.5786564603174603,-0.8766481746031746,-0.37200337579152815,5
-0.26754162,-0.37419444,-3.6610801,605,-0.42466923809523804,-0.5939594285714286,-0.34787881536329,5
-0.23859286,-0.32105052,-3.5888524,606,-0.3787188253968254,-0.509604,-0.34067994740462976,5
-0.23376057,-0.31217945,-3.5767958,607,-0.3710485238095238,-0.4955229365079365,-0.3394782772499608,5
0.054367214,0.21676347,-2.8579118,608,0.08629716507936507,0.344069,-0.26782777483061865,5
0.18483791,-0.34341657,-2.6340728,609,0.2933935079365079,-0.5451056666666666,-0.245517949029734,5
0.18718612,-0.35349873,-2.6300442,610,0.2971208253968254,-0.5611090952380952,-0.2451164221991931,5
0.20119938,-0.4136651,-2.6060026,611,0.3193640952380952,-0.6566112698412698,-0.24272021819553624,5
0.2515856,-0.63,-2.5195587,612,0.3993422222222222,-1.0,-0.23410443475051956,5
0.29281533,-0.45297888,-2.448824,613,0.46478623809523806,-0.7190140952380951,-0.2270543727189798,5
0.29842407,-0.46584225,-2.4511013,614,0.47368899999999997,-0.7394321428571429,-0.22728134910064854,5
0.34363523,-0.63,-2.4705946,615,0.545452746031746,-1.0,-0.22922422825613256,5
0.49279267,-0.08842253,-2.5349054,616,0.7822105873015872,-0.1403532222222222,-0.23563402612475925,5
0.63,-0.030191384,-2.6049051,617,1.0,-0.04792283174603175,-0.242610831387087,5
0.52630293,0.013817926,-2.657809,618,0.8354014761904761,0.02193321587301587,-0.2478837140982652,5
0.45860094,0.035849568,-2.7224145,619,0.727938,0.05690407619047618,-0.25432288444292833,5
0.39603066,0.056211233,-2.782123,620,0.6286200952380951,0.08922417936507936,-0.26027397533339924,5
0.38540855,0.0596679,-2.7922592,621,0.6117596031746032,0.09471095238095238,-0.26128424099882364,5
-0.2764809,0.27506056,-3.4238763,622,-0.4388585714285714,0.4366040634920635,-0.3242369323254464,5
-0.28710303,0.27851722,-3.4340127,623,-0.4557190952380952,0.44209082539682537,-0.3252472179246855,5
-0.3496733,0.29887888,-3.4937212,624,-0.5550369841269841,0.47441092063492063,-0.33119830881515644,5
-0.5026898,0.34867367,-3.6397393,625,-0.7979203174603173,0.5534502698412698,-0.34575179759403835,5
-0.63,0.42390314,-3.8458579,626,-1.0,0.672862126984127,-0.3662954475403043,5
-0.28122395,0.63,-4.4105353,627,-0.4463872222222222,1.0,-0.42257632097029835,5
-0.17825459,0.5691539,-4.577245,628,-0.28294379365079364,0.9034188888888888,-0.4391921223557483,5
-0.099911824,0.51521766,-4.728873,629,-0.15859019682539682,0.8178058095238095,-0.45430474467150445,5
-0.26327035,0.37721178,-4.8062587,630,-0.4178894444444444,0.5987488571428571,-0.4620177057126077,5
-0.32792553,0.32259086,-4.836887,631,-0.5205167142857143,0.5120489841269841,-0.46507040000438543,5
-0.4205995,0.24429953,-4.8807883,632,-0.6676182539682539,0.38777703174603173,-0.46944600191215113,5
-0.63,0.2737132,-4.909939,633,-1.0,0.4344653968253968,-0.47235142518054424,5
-0.33509463,0.31513742,-4.9509926,634,-0.5318962380952381,0.5002181269841269,-0.4764431994669698,5
-0.22521642,0.33057156,-4.9662886,635,-0.35748638095238094,0.5247167619047619,-0.47796773761917,5
-0.2015213,0.33389995,-4.9695873,636,-0.3198750793650793,0.5299999206349206,-0.47829651599277495,5
0.009870008,0.36359325,-4.999015,637,0.015666679365079362,0.5771321428571428,-0.481229547594599,5
0.047008343,0.38715658,-5.219136,638,0.07461641746031746,0.6145342539682539,-0.5031688037792519,5
0.060095306,0.39545992,-5.2967033,639,0.0953893746031746,0.6277141587301587,-0.5108998647241496,5
0.13154194,0.440791,-5.7201724,640,0.20879673015873015,0.6996682539682539,-0.5531066376862223,5
0.17128351,0.46600604,-5.9557233,641,0.27187858730158726,0.739692126984127,-0.5765837777120515,5
0.14589591,0.43625036,-5.986332,642,0.2315808095238095,0.6924608888888889,-0.5796345184899836,5
0.1033734,0.3864116,-6.0375996,643,0.1640847619047619,0.613351746031746,-0.5847443126957719,5
0.09616155,0.37795892,-6.0462947,644,0.15263738095238094,0.5999347936507936,-0.5856109452590038,5
-0.35810578,-0.15446764,-6.5939865,645,-0.568421873015873,-0.24518673015873013,-0.6401988796697764,5
-0.3653176,-0.16292033,-6.6026816,646,-0.5798692063492064,-0.2586036984126984,-0.6410655122330083,5
-0.40784013,-0.21275908,-6.6539493,647,-0.6473652857142858,-0.33771282539682534,-0.6461753164057039,5
-0.63,-0.4731428,-6.9217987,648,-1.0,-0.7510203174603174,-0.6728716180103013,5
-0.49616915,-0.63,-7.0831532,649,-0.7875700793650793,-1.0,-0.6889536715719632,5
-0.2739405,-0.36953565,-7.351085,650,-0.4348261904761904,-0.5865645238095237,-0.7156581859082382,5
-0.23489168,-0.3237683,-7.3981647,651,-0.37284393650793646,-0.5139179365079365,-0.7203505760000358,5
-0.2283804,-0.3161367,-7.4060154,652,-0.3625085714285714,-0.5018042857142857,-0.7211330479973866,5
0.27623817,0.27530435,-8.014414,653,0.4384732857142857,0.43699103174603166,-0.7817715729349627,5
0.28274944,0.28293595,-8.0222645,654,0.44880863492063494,0.4491046825396825,-0.7825540249984988,5
0.32179826,0.3287033,-8.069344,655,0.5107908888888889,0.5217512698412697,-0.7872463951564816,5
0.5788652,0.63,-8.379279,656,0.9188336507936506,1.0,-0.8181373295316227,5
0.63,0.5700671,-8.44093,657,1.0,0.9048684126984127,-0.8242820275978682,5
0.59088683,0.52422434,-8.488088,658,0.9379156031746031,0.8321021269841269,-0.8289822217781411,5
0.49262422,0.63,-8.379227,659,0.7819432063492063,1.0,-0.8181321467397872,5
0.32291412,0.4473141,-8.191213,660,0.5125620952380953,0.7100223809523809,-0.7993929655062777,5
0.2391491,0.39294747,-8.145664,661,0.379601746031746,0.6237261428571429,-0.7948531388656812,5
0.18229383,0.3560463,-8.114749,662,0.2893552857142857,0.5651528571428571,-0.7917718694504571,5
0.17257614,0.34973916,-8.109466,663,0.2739303809523809,0.5551415238095238,-0.7912453177337943,5
-0.38970363,-0.015201367,-7.803722,664,-0.6185771904761905,-0.024129153968253967,-0.7607720964467726,5
-0.3994213,-0.021508506,-7.7984376,665,-0.6340020634920635,-0.03414048571428571,-0.7602454051934066,5
-0.45627657,-0.058409687,-7.7675223,666,-0.7242485238095238,-0.09271378888888888,-0.7571641058774604,5
-0.48736832,-0.07858939,-7.750616,667,-0.7736005079365079,-0.12474506349206348,-0.7554790706157879,5
-0.49931967,-0.13377039,-7.76377,668,-0.7925709047619047,-0.21233395238095235,-0.7567901176119988,5
-0.43870506,-0.13833974,-7.7509875,669,-0.696357238095238,-0.21958688888888886,-0.7555160976766889,5
-0.37346652,-0.14325766,-7.73723,670,-0.592804,-0.2273931111111111,-0.7541449003944652,5
-0.36240536,-0.1440915,-7.734897,671,-0.5752466031746032,-0.22871666666666668,-0.7539123724453882,5
0.33670825,-0.1967932,-7.587467,672,0.5344575396825396,-0.3123701587301587,-0.7392181609012676,5
0.3477694,-0.19762704,-7.5851345,673,0.5520149206349206,-0.3136937142857143,-0.7389856827867273,5
0.41300792,-0.20254496,-7.5713773,674,0.6555681269841269,-0.32149993650793646,-0.7376145154052258,5
0.63,-0.2189026,-7.5256176,675,1.0,-0.3474644444444444,-0.7330536884907884,5
0.39445215,-0.23665905,-7.475945,676,0.6261145238095238,-0.3756492857142857,-0.728102866457644,5
0.31817916,-0.24240878,-7.4598603,677,0.5050462857142857,-0.3847758412698412,-0.726499719306971,5
0.3047039,-0.2434246,-7.457019,678,0.48365698412698416,-0.38638825396825394,-0.7262165295677028,5
-0.26476732,-0.2863534,-7.336928,679,-0.42026558730158725,-0.4545292063492063,-0.7142471708310483,5
-0.2782426,-0.28736922,-7.3340864,680,-0.4416549206349206,-0.456141619047619,-0.7139639511910579,5
-0.34999403,-0.2927781,-7.3189554,681,-0.5555460793650794,-0.4647271428571428,-0.7124558584360278,5
-0.35061273,-0.29777628,-7.327754,682,-0.5565281428571428,-0.47266076190476186,-0.7133328067483936,5
-0.3667155,-0.42786357,-7.556755,683,-0.5820880952380952,-0.6791485238095238,-0.7361571243080163,5
-0.39435872,-0.50823486,-7.5592046,684,-0.6259662222222222,-0.8067219999999999,-0.7364012736710935,5
-0.63,-0.6238783,-7.367168,685,-1.0,-0.9902830158730158,-0.7172611636214858,5
-0.6236972,-0.6269715,-7.3620315,686,-0.9899955555555554,-0.9951928571428571,-0.7167492134241285,5
-0.6156826,-0.63,-7.3616457,687,-0.9772739682539682,-1.0,-0.7167107610954728,5
-0.12211907,-0.443494,-7.337905,688,-0.19383979365079362,-0.7039587301587301,-0.7143445475161097,5
-0.006862144,-0.39994115,-7.3323607,689,-0.010892292063492062,-0.6348272222222222,-0.7137919522704739,5
0.020933598,-0.3894378,-7.3310237,690,0.033227933333333334,-0.6181552380952381,-0.7136586947188597,5
0.24184151,-0.3059619,-7.320398,691,0.3838754126984127,-0.4856538095238095,-0.7125996410418308,5
0.26963726,-0.29545856,-7.319061,692,0.42799565079365076,-0.4689818412698412,-0.7124663834902165,5
0.3848942,-0.25190568,-7.3135166,693,0.6109431746031746,-0.3998502857142857,-0.7119137782776735,5
0.42509755,-0.23671377,-7.311583,694,0.6747580158730159,-0.3757361428571428,-0.7117210581566553,5
0.63,-0.11717624,-7.257,695,1.0,-0.18599403174603174,-0.7062808211037302,5
0.4596555,-0.01779939,-7.2116227,696,0.7296119047619047,-0.028252999999999997,-0.701758107643098,5
0.3996292,0.017219204,-7.195633,697,0.6343320634920635,0.027332069841269836,-0.700164429054432,5
0.38930687,0.023241116,-7.192883,698,0.6179474126984127,0.036890660317460314,-0.6998903391015979,5
-0.17136881,0.35033232,-7.0435276,699,-0.27201398412698413,0.5560830476190476,-0.6850042247228639,5
-0.28090504,-0.2847672,-4.277773,600,-0.4458810158730158,-0.45201142857142856,-0.4093440254993358,6
-0.3244663,-0.32606998,-4.264553,601,-0.515025873015873,-0.5175713968253968,-0.40802640034425697,6
-0.6210199,-0.60724866,-4.174556,602,-0.9857458730158729,-0.9638867619047619,-0.3990564827132712,6
-0.56293935,-0.63,-4.1130867,603,-0.8935545238095237,-1.0,-0.39292989451772753,6
-0.36455357,-0.55228835,-3.9031267,604,-0.5786564603174603,-0.8766481746031746,-0.37200337579152815,6
-0.26754162,-0.37419444,-3.6610801,605,-0.42466923809523804,-0.5939594285714286,-0.34787881536329,6
-0.23859286,-0.32105052,-3.5888524,606,-0.3787188253968254,-0.509604,-0.34067994740462976,6
-0.23376057,-0.31217945,-3.5767958,607,-0.3710485238095238,-0.4955229365079365,-0.3394782772499608,6
0.054367214,0.21676347,-2.8579118,608,0.08629716507936507,0.344069,-0.26782777483061865,6
0.18483791,-0.34341657,-2.6340728,609,0.2933935079365079,-0.5451056666666666,-0.245517949029734,6
0.18718612,-0.35349873,-2.6300442,610,0.2971208253968254,-0.5611090952380952,-0.2451164221991931,6
0.20119938,-0.4136651,-2.6060026,611,0.3193640952380952,-0.6566112698412698,-0.24272021819553624,6
0.2515856,-0.63,-2.5195587,612,0.3993422222222222,-1.0,-0.23410443475051956,6
0.29281533,-0.45297888,-2.448824,613,0.46478623809523806,-0.7190140952380951,-0.2270543727189798,6
0.29842407,-0.46584225,-2.4511013,614,0.47368899999999997,-0.7394321428571429,-0.22728134910064854,6
0.34363523,-0.63,-2.4705946,615,0.545452746031746,-1.0,-0.22922422825613256,6
0.49279267,-0.08842253,-2.5349054,616,0.7822105873015872,-0.1403532222222222,-0.23563402612475925,6
0.63,-0.030191384,-2.6049051,617,1.0,-0.04792283174603175,-0.242610831387087,6
0.52630293,0.013817926,-2.657809,618,0.8354014761904761,0.02193321587301587,-0.2478837140982652,6
0.45860094,0.035849568,-2.7224145,619,0.727938,0.05690407619047618,-0.25432288444292833,6
0.39603066,0.056211233,-2.782123,620,0.6286200952380951,0.08922417936507936,-0.26027397533339924,6
0.38540855,0.0596679,-2.7922592,621,0.6117596031746032,0.09471095238095238,-0.26128424099882364,6
-0.2764809,0.27506056,-3.4238763,622,-0.4388585714285714,0.4366040634920635,-0.3242369323254464,6
-0.28710303,0.27851722,-3.4340127,623,-0.4557190952380952,0.44209082539682537,-0.3252472179246855,6
-0.3496733,0.29887888,-3.4937212,624,-0.5550369841269841,0.47441092063492063,-0.33119830881515644,6
-0.5026898,0.34867367,-3.6397393,625,-0.7979203174603173,0.5534502698412698,-0.34575179759403835,6
-0.63,0.42390314,-3.8458579,626,-1.0,0.672862126984127,-0.3662954475403043,6
-0.28122395,0.63,-4.4105353,627,-0.4463872222222222,1.0,-0.42257632097029835,6
-0.17825459,0.5691539,-4.577245,628,-0.28294379365079364,0.9034188888888888,-0.4391921223557483,6
-0.099911824,0.51521766,-4.728873,629,-0.15859019682539682,0.8178058095238095,-0.45430474467150445,6
-0.26327035,0.37721178,-4.8062587,630,-0.4178894444444444,0.5987488571428571,-0.4620177057126077,6
-0.32792553,0.32259086,-4.836887,631,-0.5205167142857143,0.5120489841269841,-0.46507040000438543,6
-0.4205995,0.24429953,-4.8807883,632,-0.6676182539682539,0.38777703174603173,-0.46944600191215113,6
-0.63,0.2737132,-4.909939,633,-1.0,0.4344653968253968,-0.47235142518054424,6
-0.33509463,0.31513742,-4.9509926,634,-0.5318962380952381,0.5002181269841269,-0.4764431994669698,6
-0.22521642,0.33057156,-4.9662886,635,-0.35748638095238094,0.5247167619047619,-0.47796773761917,6
-0.2015213,0.33389995,-4.9695873,636,-0.3198750793650793,0.5299999206349206,-0.47829651599277495,6
0.009870008,0.36359325,-4.999015,637,0.015666679365079362,0.5771321428571428,-0.481229547594599,6
0.047008343,0.38715658,-5.219136,638,0.07461641746031746,0.6145342539682539,-0.5031688037792519,6
0.060095306,0.39545992,-5.2967033,639,0.0953893746031746,0.6277141587301587,-0.5108998647241496,6
0.13154194,0.440791,-5.7201724,640,0.20879673015873015,0.6996682539682539,-0.5531066376862223,6
0.17128351,0.46600604,-5.9557233,641,0.27187858730158726,0.739692126984127,-0.5765837777120515,6
0.14589591,0.43625036,-5.986332,642,0.2315808095238095,0.6924608888888889,-0.5796345184899836,6
0.1033734,0.3864116,-6.0375996,643,0.1640847619047619,0.613351746031746,-0.5847443126957719,6
0.09616155,0.37795892,-6.0462947,644,0.15263738095238094,0.5999347936507936,-0.5856109452590038,6
-0.35810578,-0.15446764,-6.5939865,645,-0.568421873015873,-0.24518673015873013,-0.6401988796697764,6
-0.3653176,-0.16292033,-6.6026816,646,-0.5798692063492064,-0.2586036984126984,-0.6410655122330083,6
-0.40784013,-0.21275908,-6.6539493,647,-0.6473652857142858,-0.33771282539682534,-0.6461753164057039,6
-0.63,-0.4731428,-6.9217987,648,-1.0,-0.7510203174603174,-0.6728716180103013,6
-0.49616915,-0.63,-7.0831532,649,-0.7875700793650793,-1.0,-0.6889536715719632,6
-0.2739405,-0.36953565,-7.351085,650,-0.4348261904761904,-0.5865645238095237,-0.7156581859082382,6
-0.23489168,-0.3237683,-7.3981647,651,-0.37284393650793646,-0.5139179365079365,-0.7203505760000358,6
-0.2283804,-0.3161367,-7.4060154,652,-0.3625085714285714,-0.5018042857142857,-0.7211330479973866,6
0.27623817,0.27530435,-8.014414,653,0.4384732857142857,0.43699103174603166,-0.7817715729349627,6
0.28274944,0.28293595,-8.0222645,654,0.44880863492063494,0.4491046825396825,-0.7825540249984988,6
0.32179826,0.3287033,-8.069344,655,0.5107908888888889,0.5217512698412697,-0.7872463951564816,6
0.5788652,0.63,-8.379279,656,0.9188336507936506,1.0,-0.8181373295316227,6
0.63,0.5700671,-8.44093,657,1.0,0.9048684126984127,-0.8242820275978682,6
0.59088683,0.52422434,-8.488088,658,0.9379156031746031,0.8321021269841269,-0.8289822217781411,6
0.49262422,0.63,-8.379227,659,0.7819432063492063,1.0,-0.8181321467397872,6
0.32291412,0.4473141,-8.191213,660,0.5125620952380953,0.7100223809523809,-0.7993929655062777,6
0.2391491,0.39294747,-8.145664,661,0.379601746031746,0.6237261428571429,-0.7948531388656812,6
0.18229383,0.3560463,-8.114749,662,0.2893552857142857,0.5651528571428571,-0.7917718694504571,6
0.17257614,0.34973916,-8.109466,663,0.2739303809523809,0.5551415238095238,-0.7912453177337943,6
-0.38970363,-0.015201367,-7.803722,664,-0.6185771904761905,-0.024129153968253967,-0.7607720964467726,6
-0.3994213,-0.021508506,-7.7984376,665,-0.6340020634920635,-0.03414048571428571,-0.7602454051934066,6
-0.45627657,-0.058409687,-7.7675223,666,-0.7242485238095238,-0.09271378888888888,-0.7571641058774604,6
-0.48736832,-0.07858939,-7.750616,667,-0.7736005079365079,-0.12474506349206348,-0.7554790706157879,6
-0.49931967,-0.13377039,-7.76377,668,-0.7925709047619047,-0.21233395238095235,-0.7567901176119988,6
-0.43870506,-0.13833974,-7.7509875,669,-0.696357238095238,-0.21958688888888886,-0.7555160976766889,6
-0.37346652,-0.14325766,-7.73723,670,-0.592804,-0.2273931111111111,-0.7541449003944652,6
-0.36240536,-0.1440915,-7.734897,671,-0.5752466031746032,-0.22871666666666668,-0.7539123724453882,6
0.33670825,-0.1967932,-7.587467,672,0.5344575396825396,-0.3123701587301587,-0.7392181609012676,6
0.3477694,-0.19762704,-7.5851345,673,0.5520149206349206,-0.3136937142857143,-0.7389856827867273,6
0.41300792,-0.20254496,-7.5713773,674,0.6555681269841269,-0.32149993650793646,-0.7376145154052258,6
0.63,-0.2189026,-7.5256176,675,1.0,-0.3474644444444444,-0.7330536884907884,6
0.39445215,-0.23665905,-7.475945,676,0.6261145238095238,-0.3756492857142857,-0.728102866457644,6
0.31817916,-0.24240878,-7.4598603,677,0.5050462857142857,-0.3847758412698412,-0.726499719306971,6
0.3047039,-0.2434246,-7.457019,678,0.48365698412698416,-0.38638825396825394,-0.7262165295677028,6
-0.26476732,-0.2863534,-7.336928,679,-0.42026558730158725,-0.4545292063492063,-0.7142471708310483,6
-0.2782426,-0.28736922,-7.3340864,680,-0.4416549206349206,-0.456141619047619,-0.7139639511910579,6
-0.34999403,-0.2927781,-7.3189554,681,-0.5555460793650794,-0.4647271428571428,-0.7124558584360278,6
-0.35061273,-0.29777628,-7.327754,682,-0.5565281428571428,-0.47266076190476186,-0.7133328067483936,6
-0.3667155,-0.42786357,-7.556755,683,-0.5820880952380952,-0.6791485238095238,-0.7361571243080163,6
-0.39435872,-0.50823486,-7.5592046,684,-0.6259662222222222,-0.8067219999999999,-0.7364012736710935,6
-0.63,-0.6238783,-7.367168,685,-1.0,-0.9902830158730158,-0.7172611636214858,6
-0.6236972,-0.6269715,-7.3620315,686,-0.9899955555555554,-0.9951928571428571,-0.7167492134241285,6
-0.6156826,-0.63,-7.3616457,687,-0.9772739682539682,-1.0,-0.7167107610954728,6
-0.12211907,-0.443494,-7.337905,688,-0.19383979365079362,-0.7039587301587301,-0.7143445475161097,6
-0.006862144,-0.39994115,-7.3323607,689,-0.010892292063492062,-0.6348272222222222,-0.7137919522704739,6
0.020933598,-0.3894378,-7.3310237,690,0.033227933333333334,-0.6181552380952381,-0.7136586947188597,6
0.24184151,-0.3059619,-7.320398,691,0.3838754126984127,-0.4856538095238095,-0.7125996410418308,6
0.26963726,-0.29545856,-7.319061,692,0.42799565079365076,-0.4689818412698412,-0.7124663834902165,6
0.3848942,-0.25190568,-7.3135166,693,0.6109431746031746,-0.3998502857142857,-0.7119137782776735,6
0.42509755,-0.23671377,-7.311583,694,0.6747580158730159,-0.3757361428571428,-0.7117210581566553,6
0.63,-0.11717624,-7.257,695,1.0,-0.18599403174603174,-0.7062808211037302,6
0.4596555,-0.01779939,-7.2116227,696,0.7296119047619047,-0.028252999999999997,-0.701758107643098,6
0.3996292,0.017219204,-7.195633,697,0.6343320634920635,0.027332069841269836,-0.700164429054432,6
0.38930687,0.023241116,-7.192883,698,0.6179474126984127,0.036890660317460314,-0.6998903391015979,6
-0.17136881,0.35033232,-7.0435276,699,-0.27201398412698413,0.5560830476190476,-0.6850042247228639,6
-0.18169113,0.35635424,-7.040778,700,-0.28839861904761904,0.5656416507936507,-0.6847301746376594,6
-0.24171743,0.39137283,-7.024788,701,-0.38367846031746033,0.6212267142857143,-0.6831364661482712,6
-0.28899035,0.41895124,-7.012195,702,-0.45871484126984124,0.6650019682539682,-0.6818813335024385,6
-0.5056092,0.31732,-6.9599295,703,-0.8025542857142857,0.5036825396825396,-0.6766720795279474,6
-0.01414774,0.63,-6.267811,704,-0.02245673015873016,1.0,-0.607689269702271,6
0.050552882,0.58883584,-6.176694,705,0.08024266984126983,0.9346600634920634,-0.5986077227086766,6
-0.63,0.605673,-5.64592,706,-1.0,0.9613857142857143,-0.5457059697539245,6
0.3156886,0.6290698,-4.9083624,707,0.5010930158730158,0.998523492063492,-0.4721942869188576,6
0.3607315,0.5981316,-4.92107,708,0.5725896825396825,0.949415238095238,-0.473460841640543,6
0.35369807,0.43426788,-4.965189,709,0.5614255079365079,0.6893140952380952,-0.47785814150566575,6
0.36126578,0.28475785,-4.968724,710,0.573437746031746,0.45199658730158726,-0.4782104716813998,6
0.36770985,0.15744671,-4.9717336,711,0.5836664285714286,0.24991541269841266,-0.4785104357257815,6
0.36933938,0.12525348,-4.9724946,712,0.5862529841269841,0.1988150476190476,-0.4785862838909112,6
0.3800991,-0.08731938,-4.97752,713,0.6033319047619048,-0.13860219047619046,-0.4790871608541739,6
0.38172862,-0.11951261,-4.978281,714,0.6059184444444444,-0.18970255555555554,-0.47916300901930364,6
0.3881727,-0.24682376,-4.981291,715,0.6161471428571428,-0.39178374603174604,-0.47946301293131477,6
0.39344484,-0.35098237,-4.983753,716,0.624515619047619,-0.5571148730158729,-0.47970839819090666,6
0.27831566,-0.45321953,-4.602886,717,0.4417708888888889,-0.7193960793650793,-0.4417477370759735,6
0.24753967,-0.5801409,-4.453686,718,0.3929201111111111,-0.9208585714285713,-0.42687711127130146,6
0.43195367,-0.41230738,-4.6013446,719,0.685640746031746,-0.6544561587301587,-0.44159410716568315,6
0.46954632,-0.31359926,-4.8226147,720,0.745311619047619,-0.49777660317460315,-0.46364789308299115,6
0.39958137,-0.2278919,-4.90488,721,0.6342561428571428,-0.3617331746031746,-0.47184719933640334,6
0.35845459,-0.17751141,-4.9532375,722,0.5689755396825397,-0.28176414285714285,-0.4766669465706488,6
0.35149056,-0.16898043,-4.961426,723,0.5579215238095238,-0.26822290476190475,-0.477483086781115,6
0.22421712,-0.013069907,-5.1110754,724,0.3559001904761904,-0.020745884126984127,-0.4923985038675338,6
0.38963717,-0.016819172,-5.381534,725,0.6184716984126983,-0.026697098412698413,-0.5193548620193802,6
0.39963663,-0.01704581,-5.397883,726,0.6343438571428571,-0.027056841269841272,-0.5209843517062474,6
0.45963162,-0.018405605,-5.4959736,727,0.729574,-0.029215246031746026,-0.5307609509525997,6
0.63,-0.022267023,-5.7745223,728,1.0,-0.03534448095238095,-0.5585236418780544,6
0.6028138,-0.022883203,-5.8189716,729,0.9568473015873015,-0.036322544444444445,-0.5629538624382394,6
0.63,-0.014329996,-5.8780947,730,1.0,-0.022746025396825395,-0.5688466070529326,6
0.56646734,0.0056583444,-6.016263,731,0.8991545079365079,0.008981499047619048,-0.58261771353663,6
0.48579207,-0.022610802,-6.325528,732,0.7710985238095238,-0.0358901619047619,-0.6134418696323531,6
0.45937178,-0.024032813,-6.349247,733,0.7291615555555555,-0.03814732222222222,-0.6158059203928158,6
0.39906877,-0.027278474,-6.403384,734,0.633442492063492,-0.04329916507936508,-0.6212017050388448,6
0.3890065,-0.027820053,-6.412418,735,0.6174706349206348,-0.04415881428571428,-0.6221021154511732,6
-0.099216275,-0.05409745,-6.850722,736,-0.1574861507936508,-0.08586896825396825,-0.6657874691555363,6
0.22102772,0.32132033,-6.474478,737,0.3508376507936508,0.5100322698412698,-0.6282875781685858,6
0.22755177,0.32896838,-6.466813,738,0.36119328571428566,0.5221720317460318,-0.6275236147182318,6
0.26666465,0.3748199,-6.4208603,739,0.4232772222222222,0.5949522222222222,-0.6229435516725592,6
0.4843419,0.63,-6.1651187,740,0.7687966666666666,1.0,-0.5974540232792072,6
0.63,0.45924693,-5.9939895,741,1.0,0.7289633809523809,-0.5803977344222844,6
0.5094108,0.31788182,-5.8523135,742,0.8085885714285714,0.5045743174603174,-0.5662770187285665,6
0.41298836,0.20258482,-5.8745017,743,0.6555370793650793,0.3215632063492063,-0.5684884960709204,6
0.37022153,0.15144642,-5.884343,744,0.5876532222222223,0.24039114285714283,-0.5694693693264937,6
0.36293998,0.14273952,-5.8860188,745,0.5760952063492063,0.22657066666666667,-0.5696363947602971,6
-0.076287344,-0.382466,-5.9870915,746,-0.12109102222222223,-0.6070888888888888,-0.5797102171515027,6
-0.08356889,-0.39117292,-5.988767,747,-0.13264903174603174,-0.6209093968253968,-0.579877212684584,6
-0.12633573,-0.4423113,-5.9986086,748,-0.20053290476190477,-0.7020814285714285,-0.5808581158408793,6
-0.26751533,-0.61112666,-6.031096,749,-0.4246275079365079,-0.9700423174603174,-0.5840961049076803,6
-0.30985382,-0.63,-6.0518203,750,-0.4918314603174603,-1.0,-0.5861616766929602,6
-0.34723976,-0.61333436,-6.07012,751,-0.5511742222222222,-0.9735466031746031,-0.5879855908420069,6
-0.5514706,0.13698936,-5.783566,752,-0.8753501587301588,0.21744342857142857,-0.5594250190803983,6
-0.5474771,0.34726116,-5.762967,753,-0.8690112698412699,0.5512081904761905,-0.5573719358300602,6
-0.27865055,0.5900936,-5.6919537,754,-0.4423024603174603,0.9366565079365079,-0.5502941059945715,6
-0.2623022,0.60754776,-5.689997,755,-0.41635269841269834,0.9643615238095238,-0.5500990835179496,6
-0.25351456,0.56519836,-5.696368,756,-0.4024040634920635,0.8971402539682539,-0.5507340751868608,6
-0.3565145,0.29068437,-5.7347302,757,-0.5658960317460318,0.4614037619047619,-0.5545576001281745,6
-0.45973608,0.015579674,-5.773175,758,-0.7297398095238095,0.024729641269841268,-0.5583893577349804,6
-0.46765497,-0.0055256397,-5.776124,759,-0.7423094761904762,-0.008770856666666667,-0.5586832818334924,6
-0.57096446,-0.14034916,-5.594172,760,-0.9062927936507936,-0.22277644444444444,-0.540548294525103,6
-0.5857247,-0.19956914,-5.570357,761,-0.929721746031746,-0.31677641269841267,-0.5381746755335597,6
-0.63,-0.24545681,-5.580331,762,-1.0,-0.3896139841269841,-0.5391687748752205,6
-0.37563697,-0.50908315,-5.63763,763,-0.5962491587301587,-0.8080684920634921,-0.5448797131324719,6
-0.36759645,-0.50966924,-5.600972,764,-0.5834864285714285,-0.8089987936507936,-0.5412260442266564,6
-0.63,-0.5298102,-5.2730536,765,-1.0,-0.8409685714285714,-0.5085427210304985,6
-0.10046552,-0.57045496,-4.611309,766,-0.15946907936507937,-0.9054840634920633,-0.4425872496842359,6
-0.03990561,-0.61160564,-4.530837,767,-0.06334223809523809,-0.9708026031746031,-0.43456667998079374,6
-0.031625036,-0.63,-4.4985495,768,-0.05019846984126984,-1.0,-0.431348614761837,6
0.04593892,-0.45770034,-4.196112,769,0.07291892063492063,-0.7265084761904761,-0.4012049492671956,6
0.075117506,-0.3928834,-4.0823393,770,0.1192341365079365,-0.6236244444444444,-0.38986532963926523,6
0.08016445,-0.3816722,-4.06266,771,0.1272451587301587,-0.6058288888888889,-0.3879039120360623,6
0.10488369,-0.32676116,-3.9662747,772,0.1664820476190476,-0.5186685079365079,-0.3782972784611892,6
0.21956944,-0.32231858,-4.105842,773,0.34852292063492063,-0.5116167936507937,-0.39220782197907395,6
0.23783693,-0.32161096,-4.1280727,774,0.3775189365079365,-0.5104935873015872,-0.3944235352570627,6
0.3324303,-0.31794667,-4.2431884,775,0.5276671428571429,-0.5046772539682539,-0.4058970104510499,6
0.63,-0.30641973,-4.6053166,776,1.0,-0.4863805238095238,-0.44198999272664935,6
0.5900799,-0.30487335,-4.6538973,777,0.9366347619047618,-0.4839259523809523,-0.44683198609815755,6
0.5072398,-0.4899616,-4.492064,778,0.8051425396825397,-0.7777168253968253,-0.4307022109839804,6
0.3381908,-0.63,-4.444741,779,0.5368107936507936,-1.0,-0.42598557140653737,6
0.11525937,-0.44532603,-4.3823338,780,0.18295138095238095,-0.7068667142857142,-0.41976550358671616,6
0.055818878,-0.39608616,-4.3656945,781,0.08860139365079366,-0.6287081904761904,-0.4181070799677371,6
0.045287028,-0.3873617,-4.3627462,782,0.07188417142857143,-0.6148598412698412,-0.41781322563757683,6
-0.3890233,-0.027583715,-4.241166,783,-0.6174973015873015,-0.0437836746031746,-0.40569543971628197,6
-0.39955518,-0.018859243,-4.2382183,784,-0.6342145714285714,-0.02993530634920635,-0.40540164518756594,6
-0.45899567,0.030380622,-4.2215786,785,-0.7285645555555555,0.04822320952380952,-0.40374318170095735,6
-0.47558478,0.044122867,-4.2169347,786,-0.7548964761904762,0.07003629682539683,-0.4032803284893333,6
-0.63,0.10981965,-4.2919636,787,-1.0,0.17431690476190476,-0.410758389457404,6
-0.4132583,0.20203356,-4.3972764,788,-0.6559655555555556,0.32068819047619046,-0.4212548186882503,6
-0.31809264,0.24252231,-4.4435163,789,-0.5049089523809523,0.38495604761904756,-0.42586350669190615,6
-0.2986771,0.25078276,-4.4529505,790,-0.47409063492063486,0.398067873015873,-0.4268038046675525,6
0.026434219,0.3891031,-4.610919,791,0.04195907777777777,0.6176239682539681,-0.4425483787454703,6
0.045849763,0.39736357,-4.6203527,792,0.07277740158730159,0.6307358253968254,-0.4434886268865798,6
0.14101544,0.43785232,-4.6665926,793,0.22383403174603173,0.6950036825396825,-0.44809731489023574,6
0.42592728,0.5590696,-4.805029,794,0.6760750476190476,0.8874120634920636,-0.46189514265260767,6
0.07659096,-0.0045050276,3.955337,795,0.12157295238095238,-0.0071508374603174605,0.41124242234720176,6
0.385461,0.059328087,4.012602,796,0.6118428571428571,0.09417156666666666,0.41694997185594534,6
0.3952665,0.061354563,4.01442,797,0.6274071428571428,0.09738819523809523,0.41713117023203716,6
0.45408824,0.07351105,4.0253253,798,0.720774984126984,0.11668420634920633,0.4182180913820887,6
0.63,0.10986613,4.0579395,799,1.0,0.17439068253968254,0.4214687184874421,6
