trajectory_id,point_id,x,y,z,arc_length
0,0,0.0012036994,-0.086800836,-1.9435761,0
0,1,-0.013430588,-0.17666723,-3.6442497,1
0,2,-0.022433756,-0.27814934,-5.3108177,2
0,3,-0.02509457,-0.37696803,-6.754053,3
0,4,-0.023851762,-0.4573047,-7.8419952,4
0,5,-0.020129316,-0.5168253,-8.6175375,5
0,6,-0.013882451,-0.55937475,-9.180781,6
0,7,-0.010928363,-0.58616525,-9.540612,7
0,8,-0.009646991,-0.60297495,-9.775048,8
0,9,-0.011114735,-0.61340195,-9.928723,9
0,10,-0.015448425,-0.61982334,-10.028852,10
0,11,-0.022483813,-0.6237577,-10.093386,11
0,12,-0.031601112,-0.62615657,-10.134453,12
0,13,-0.042708144,-0.62760836,-10.160104,13
0,14,-0.054384526,-0.62848616,-10.175998,14
0,15,-0.066156484,-0.62901723,-10.185771,15
0,16,-0.0770315,-0.6293412,-10.191791,16
0,17,-0.085800305,-0.62954265,-10.195552,17
0,18,-0.092702806,-0.6296699,-10.197927,18
0,19,-0.09856953,-0.6297509,-10.199439,19
0,20,-0.102759846,-0.6298043,-10.200432,20
0,21,-0.10484223,-0.62984073,-10.201105,21
0,22,-0.105658546,-0.6298663,-10.201578,22
0,23,-0.10597103,-0.62988466,-10.201914,23
0,24,-0.10499767,-0.62989855,-10.202167,24
0,25,-0.105409175,-0.6299086,-10.202351,25
0,26,-0.10586349,-0.6299163,-10.202489,26
0,27,-0.106588565,-0.62992233,-10.202593,27
0,28,-0.108270265,-0.6299267,-10.202672,28
0,29,-0.109348334,-0.62993014,-10.202733,29
0,30,-0.11024111,-0.629933,-10.202783,30
0,31,-0.1104007,-0.6299352,-10.202822,31
0,32,-0.109886244,-0.62993735,-10.202858,32
0,33,-0.10941571,-0.62993914,-10.202888,33
0,34,-0.10876043,-0.6299407,-10.202915,34
0,35,-0.10833174,-0.62994206,-10.202938,35
0,36,-0.10449373,-0.6299439,-10.20297,36
0,37,-0.10417467,-0.62994516,-10.202994,37
0,38,-0.10449483,-0.6299462,-10.203014,38
0,39,-0.10488827,-0.6299472,-10.203033,39
0,40,-0.10670923,-0.6299478,-10.203045,40
0,41,-0.10918147,-0.6299481,-10.2030525,41
0,42,-0.10985604,-0.62994844,-10.20306,42
0,43,-0.10944471,-0.62994885,-10.203067,43
0,44,-0.108858615,-0.6299491,-10.203074,44
0,45,-0.10849935,-0.6299494,-10.203077,45
0,46,-0.10547422,-0.62995017,-10.203089,46
0,47,-0.10326021,-0.6299509,-10.2031,47
0,48,-0.10207763,-0.62995154,-10.20311,48
0,49,-0.100726634,-0.62995243,-10.203122,49
0,50,-0.09983122,-0.62995315,-10.203136,50
0,51,-0.09939116,-0.62995386,-10.203146,51
0,52,-0.09748635,-0.62995493,-10.203164,52
0,53,-0.096656084,-0.62995565,-10.203181,53
0,54,-0.098097816,-0.6299561,-10.203194,54
0,55,-0.09924721,-0.6299565,-10.203204,55
0,56,-0.09992265,-0.62995684,-10.203212,56
0,57,-0.09964961,-0.62995726,-10.20322,57
0,58,-0.09880265,-0.6299577,-10.203228,58
0,59,-0.09836872,-0.62995803,-10.203236,59
0,60,-0.09782245,-0.62995845,-10.203242,60
0,61,-0.097625986,-0.62995887,-10.20325,61
0,62,-0.09753477,-0.62995917,-10.203257,62
0,63,-0.09990721,-0.6299595,-10.2032585,63
0,64,-0.10174177,-0.62995964,-10.203259,64
0,65,-0.1012779,-0.62995994,-10.203263,65
0,66,-0.10533301,-0.6299597,-10.203257,66
0,67,-0.10855845,-0.62995946,-10.203251,67
0,68,-0.11054577,-0.62995917,-10.203244,68
0,69,-0.11221875,-0.6299587,-10.203236,69
0,70,-0.113394774,-0.6299583,-10.203227,70
0,71,-0.11395678,-0.62995774,-10.203217,71
0,72,-0.11427101,-0.6299572,-10.203204,72
0,73,-0.11508729,-0.62995654,-10.203195,73
0,74,-0.11556546,-0.62995595,-10.203184,74
0,75,-0.116300665,-0.62995535,-10.203171,75
0,76,-0.11864792,-0.6299544,-10.2031555,76
0,77,-0.11973986,-0.62995356,-10.20314,77
0,78,-0.11964755,-0.62995285,-10.203125,78
0,79,-0.11808988,-0.6299524,-10.2031145,79
0,80,-0.11513159,-0.62995225,-10.20311,80
0,81,-0.11274811,-0.62995213,-10.203109,81
0,82,-0.111105174,-0.6299521,-10.203108,82
0,83,-0.106628165,-0.62995267,-10.203118,83
0,84,-0.10364421,-0.62995315,-10.203127,84
0,85,-0.10131483,-0.62995374,-10.203141,85
0,86,-0.09977699,-0.6299543,-10.203155,86
0,87,-0.09770896,-0.62995505,-10.203171,87
0,88,-0.09806909,-0.6299555,-10.203181,88
0,89,-0.099243134,-0.6299559,-10.20319,89
0,90,-0.100213915,-0.62995625,-10.203198,90
0,91,-0.10315637,-0.6299561,-10.2032,91
0,92,-0.10535025,-0.6299561,-10.2032,92
0,93,-0.10725523,-0.6299559,-10.2032,93
0,94,-0.110386685,-0.6299555,-10.203194,94
0,95,-0.11314358,-0.629955,-10.203186,95
0,96,-0.1154337,-0.62995416,-10.203176,96
0,97,-0.11710153,-0.62995327,-10.20316,97
0,98,-0.118373096,-0.62995213,-10.203143,98
0,99,-0.12030993,-0.62995094,-10.203122,99
0,100,-0.12000571,-0.6299498,-10.203104,100
0,101,-0.11889122,-0.6299489,-10.20309,101
0,102,-0.11785629,-0.62994814,-10.203074,102
0,103,-0.11252842,-0.629948,-10.203073,103
0,104,-0.10854641,-0.62994814,-10.203074,104
0,105,-0.105543524,-0.62994826,-10.203079,105
0,106,-0.101507634,-0.6299487,-10.20309,106
0,107,-0.1020925,-0.6299487,-10.203092,107
0,108,-0.103934504,-0.6299485,-10.203094,108
0,109,-0.1059772,-0.62994826,-10.203091,109
0,110,-0.111316435,-0.62994736,-10.203074,110
0,111,-0.11118649,-0.629947,-10.203068,111
0,112,-0.108598284,-0.629947,-10.203068,112
0,113,-0.10305694,-0.62994754,-10.203077,113
0,114,-0.10273122,-0.6299477,-10.203081,114
0,115,-0.105524756,-0.6299474,-10.203077,115
0,116,-0.11077455,-0.6299466,-10.203066,116
0,117,-0.11107868,-0.6299465,-10.20306,117
0,118,-0.107708395,-0.62994665,-10.203063,118
0,119,-0.102149345,-0.62994736,-10.203075,119
0,120,-0.10144629,-0.6299477,-10.203082,120
0,121,-0.10260967,-0.62994784,-10.20309,121
0,122,-0.10450271,-0.6299479,-10.20309,122
0,123,-0.10606645,-0.6299479,-10.203089,123
0,124,-0.10717606,-0.6299478,-10.203086,124
0,125,-0.11015644,-0.62994725,-10.203077,125
0,126,-0.11225527,-0.62994695,-10.203068,126
0,127,-0.11405257,-0.6299464,-10.203057,127
0,128,-0.11668009,-0.62994564,-10.203039,128
0,129,-0.118128896,-0.6299448,-10.203023,129
0,130,-0.117389135,-0.6299443,-10.20301,130
0,131,-0.11584157,-0.629944,-10.203002,131
0,132,-0.114286885,-0.62994397,-10.202999,132
0,133,-0.11316585,-0.62994385,-10.202994,133
0,134,-0.11000734,-0.62994426,-10.203,134
0,135,-0.10653937,-0.62994474,-10.20301,135
0,136,-0.10426875,-0.6299454,-10.203021,136
0,137,-0.10242664,-0.6299462,-10.203034,137
0,138,-0.09977735,-0.629947,-10.203053,138
0,139,-0.099710606,-0.62994766,-10.203066,139
0,140,-0.10046392,-0.62994826,-10.203075,140
0,141,-0.1011896,-0.62994874,-10.203086,141
0,142,-0.10738795,-0.6299484,-10.203081,142
0,143,-0.11176285,-0.62994784,-10.203071,143
0,144,-0.11468452,-0.6299473,-10.203061,144
0,145,-0.11694419,-0.6299466,-10.203045,145
0,146,-0.11842298,-0.6299459,-10.2030325,146
0,147,-0.119556576,-0.62994504,-10.203016,147
0,148,-0.1193884,-0.62994444,-10.203005,148
0,149,-0.11743822,-0.62994415,-10.202999,149
0,150,-0.114112206,-0.62994415,-10.203,150
0,151,-0.11069677,-0.62994444,-10.203006,151
0,152,-0.10782811,-0.6299448,-10.203013,152
0,153,-0.10572218,-0.6299452,-10.203024,153
0,154,-0.1041666,-0.62994564,-10.203033,154
0,155,-0.1031632,-0.62994605,-10.203042,155
0,156,-0.10147653,-0.62994665,-10.2030525,156
0,157,-0.100283444,-0.6299472,-10.203061,157
0,158,-0.09990897,-0.6299475,-10.203071,158
0,159,-0.0998095,-0.62994784,-10.203075,159
0,160,-0.09888568,-0.62994844,-10.203087,160
0,161,-0.10034983,-0.6299486,-10.203092,161
0,162,-0.102705166,-0.62994874,-10.203094,162
0,163,-0.10222095,-0.62994903,-10.203098,163
0,164,-0.1022689,-0.6299493,-10.2031,164
0,165,-0.11002906,-0.6299484,-10.203085,165
0,166,-0.11621976,-0.6299472,-10.203066,166
0,167,-0.120986804,-0.6299458,-10.203042,167
0,168,-0.12199658,-0.6299446,-10.203019,168
0,169,-0.12143835,-0.62994355,-10.202999,169
0,170,-0.12068082,-0.6299427,-10.202982,170
0,171,-0.117336966,-0.6299421,-10.202971,171
0,172,-0.114732966,-0.6299418,-10.202964,172
0,173,-0.112521015,-0.62994164,-10.20296,173
0,174,-0.10840317,-0.629942,-10.202968,174
0,175,-0.10669099,-0.6299423,-10.202973,175
0,176,-0.10622897,-0.6299424,-10.202979,176
0,177,-0.1059738,-0.6299426,-10.202987,177
0,178,-0.10706744,-0.6299427,-10.2029915,178
0,179,-0.107937224,-0.6299428,-10.202995,179
0,180,-0.10843391,-0.62994283,-10.202999,180
0,181,-0.1091054,-0.6299428,-10.203001,181
0,182,-0.110212125,-0.6299427,-10.203001,182
0,183,-0.11483506,-0.6299418,-10.202986,183
0,184,-0.117371544,-0.629941,-10.20297,184
0,185,-0.118253164,-0.62994033,-10.202958,185
0,186,-0.11842912,-0.6299397,-10.202946,186
0,187,-0.11831724,-0.6299391,-10.202935,187
0,188,-0.11845638,-0.6299385,-10.202922,188
0,189,-0.118393764,-0.6299378,-10.20291,189
0,190,-0.11875793,-0.62993705,-10.202894,190
0,191,-0.11932429,-0.6299361,-10.202877,191
0,192,-0.11984836,-0.6299352,-10.20286,192
0,193,-0.11986798,-0.6299345,-10.202844,193
0,194,-0.11993206,-0.62993383,-10.202828,194
0,195,-0.120214835,-0.6299331,-10.202814,195
0,196,-0.118533045,-0.6299327,-10.202807,196
0,197,-0.11721204,-0.62993246,-10.202803,197
0,198,-0.11636162,-0.62993234,-10.202797,198
0,199,-0.115166485,-0.62993234,-10.202797,199
1,0,0.018661018,-0.10883053,-2.330439,0
1,1,0.011421662,-0.25288874,-4.9195414,1
1,2,-0.007457828,-0.41692573,-7.454074,2
1,3,-0.03237952,-0.54073924,-9.117673,3
1,4,-0.060811598,-0.6007875,-9.85641,4
1,5,-0.085463926,-0.6216971,-10.105035,5
1,6,-0.09881151,-0.6276585,-10.176112,6
1,7,-0.10922737,-0.6292412,-10.195115,7
1,8,-0.115623996,-0.6296956,-10.200497,8
1,9,-0.11897045,-0.6298464,-10.202256,9
1,10,-0.12156523,-0.6299056,-10.2029295,10
1,11,-0.12437101,-0.62993234,-10.203233,11
1,12,-0.12742941,-0.6299462,-10.203386,12
1,13,-0.13035844,-0.629954,-10.203472,13
1,14,-0.1331897,-0.6299586,-10.203523,14
1,15,-0.13565286,-0.62996167,-10.203555,15
1,16,-0.1378144,-0.6299638,-10.203578,16
1,17,-0.13916238,-0.6299652,-10.203592,17
1,18,-0.14016484,-0.62996614,-10.203605,18
1,19,-0.14222324,-0.62996703,-10.203612,19
1,20,-0.14410122,-0.6299677,-10.203617,20
1,21,-0.14504306,-0.62996805,-10.203621,21
1,22,-0.14535329,-0.6299684,-10.203626,22
1,23,-0.14547186,-0.6299686,-10.203629,23
1,24,-0.14492828,-0.6299688,-10.20363,24
1,25,-0.14514533,-0.62996894,-10.203631,25
1,26,-0.14552563,-0.6299691,-10.203633,26
1,27,-0.14605929,-0.6299691,-10.203636,27
1,28,-0.14726314,-0.62996924,-10.203637,28
1,29,-0.14802894,-0.62996936,-10.203637,29
1,30,-0.14853705,-0.6299693,-10.203636,30
1,31,-0.1484524,-0.6299694,-10.203637,31
1,32,-0.14772181,-0.6299694,-10.203637,32
1,33,-0.14699166,-0.6299694,-10.203639,33
1,34,-0.1461584,-0.6299694,-10.20364,34
1,35,-0.14551288,-0.6299694,-10.203641,35
1,36,-0.14242436,-0.6299694,-10.203642,36
1,37,-0.14190508,-0.62996954,-10.203642,37
1,38,-0.14182985,-0.6299694,-10.203645,38
1,39,-0.14198826,-0.6299695,-10.203646,39
1,40,-0.14343256,-0.62996954,-10.203646,40
1,41,-0.1450439,-0.62996954,-10.203646,41
1,42,-0.14556265,-0.6299695,-10.203646,42
1,43,-0.14522383,-0.6299694,-10.203647,43
1,44,-0.14472103,-0.6299693,-10.203646,44
1,45,-0.1443849,-0.6299694,-10.203646,45
1,46,-0.14163417,-0.62996924,-10.203647,46
1,47,-0.13977572,-0.62996924,-10.203649,47
1,48,-0.1386099,-0.6299693,-10.203649,48
1,49,-0.13722682,-0.6299695,-10.20365,49
1,50,-0.13624197,-0.6299696,-10.20365,50
1,51,-0.13558924,-0.6299697,-10.203651,51
1,52,-0.13451588,-0.62997,-10.203651,52
1,53,-0.13331284,-0.62997013,-10.203653,53
1,54,-0.13390203,-0.6299702,-10.203654,54
1,55,-0.13451411,-0.6299702,-10.203656,55
1,56,-0.13482347,-0.6299703,-10.203656,56
1,57,-0.13425568,-0.62997013,-10.203658,57
1,58,-0.13318324,-0.62997013,-10.203658,58
1,59,-0.13253546,-0.62997013,-10.203659,59
1,60,-0.1316582,-0.6299702,-10.203659,60
1,61,-0.13102466,-0.6299702,-10.20366,61
1,62,-0.13048257,-0.62997043,-10.20366,62
1,63,-0.13150354,-0.62997043,-10.20366,63
1,64,-0.13283429,-0.62997055,-10.203658,64
1,65,-0.13251616,-0.62997055,-10.203659,65
1,66,-0.13508564,-0.6299706,-10.203656,66
1,67,-0.13793443,-0.6299707,-10.203654,67
1,68,-0.14000966,-0.62997067,-10.203653,68
1,69,-0.141933,-0.62997067,-10.203651,69
1,70,-0.14335938,-0.6299706,-10.2036495,70
1,71,-0.14424033,-0.6299705,-10.203649,71
1,72,-0.14490683,-0.62997043,-10.203647,72
1,73,-0.14584237,-0.6299703,-10.203646,73
1,74,-0.14659722,-0.62997025,-10.203645,74
1,75,-0.14749572,-0.6299702,-10.203645,75
1,76,-0.1495897,-0.62997013,-10.203642,76
1,77,-0.150935,-0.62997013,-10.203642,77
1,78,-0.15112405,-0.6299701,-10.203642,78
1,79,-0.15022625,-0.62997,-10.203641,79
1,80,-0.1484133,-0.6299699,-10.20364,80
1,81,-0.14658588,-0.6299698,-10.203641,81
1,82,-0.14527386,-0.6299697,-10.203641,82
1,83,-0.14227712,-0.62996984,-10.20364,83
1,84,-0.13955444,-0.62996966,-10.203641,84
1,85,-0.13747606,-0.6299697,-10.203644,85
1,86,-0.13599698,-0.62996966,-10.203645,86
1,87,-0.13422668,-0.62996966,-10.203646,87
1,88,-0.1340622,-0.6299697,-10.203649,88
1,89,-0.13473679,-0.6299699,-10.2036495,89
1,90,-0.1353702,-0.62996984,-10.2036495,90
1,91,-0.13755323,-0.62996995,-10.2036495,91
1,92,-0.1393495,-0.62997,-10.2036495,92
1,93,-0.14091623,-0.62997,-10.20365,93
1,94,-0.14343072,-0.62997,-10.2036495,94
1,95,-0.14530535,-0.6299698,-10.203647,95
1,96,-0.14831886,-0.62996954,-10.203645,96
1,97,-0.15091704,-0.6299695,-10.203642,97
1,98,-0.15299818,-0.6299693,-10.20364,98
1,99,-0.15537126,-0.6299692,-10.203636,99
1,100,-0.15601783,-0.62996906,-10.203633,100
1,101,-0.15572712,-0.62996894,-10.203631,101
1,102,-0.15532815,-0.6299687,-10.203629,102
1,103,-0.15189935,-0.6299685,-10.203627,103
1,104,-0.14883116,-0.6299684,-10.203627,104
1,105,-0.14658584,-0.62996817,-10.203626,105
1,106,-0.14368224,-0.62996817,-10.203626,106
1,107,-0.1439483,-0.6299681,-10.203626,107
1,108,-0.14550835,-0.62996817,-10.203627,108
1,109,-0.14733028,-0.6299681,-10.203627,109
1,110,-0.15149486,-0.62996817,-10.203624,110
1,111,-0.1519013,-0.62996817,-10.203622,111
1,112,-0.14996377,-0.62996817,-10.203622,112
1,113,-0.14560531,-0.6299681,-10.203622,113
1,114,-0.14462008,-0.629968,-10.203624,114
1,115,-0.14640273,-0.6299681,-10.203626,115
1,116,-0.15025868,-0.6299682,-10.203624,116
1,117,-0.1507655,-0.6299682,-10.203623,117
1,118,-0.14818497,-0.62996817,-10.203623,118
1,119,-0.14365184,-0.6299681,-10.203626,119
1,120,-0.14230707,-0.6299681,-10.203627,120
1,121,-0.1429824,-0.62996817,-10.203628,121
1,122,-0.14402929,-0.6299683,-10.20363,122
1,123,-0.1451242,-0.6299683,-10.20363,123
1,124,-0.14595124,-0.62996835,-10.20363,124
1,125,-0.14774497,-0.62996835,-10.203629,125
1,126,-0.14955813,-0.6299684,-10.203629,126
1,127,-0.15097657,-0.62996846,-10.203628,127
1,128,-0.15280017,-0.6299686,-10.203627,128
1,129,-0.15416181,-0.6299685,-10.203627,129
1,130,-0.15386786,-0.6299686,-10.203626,130
1,131,-0.15283109,-0.6299685,-10.203626,131
1,132,-0.15168105,-0.6299685,-10.203623,132
1,133,-0.15084727,-0.6299685,-10.203624,133
1,134,-0.14874075,-0.6299685,-10.203623,134
1,135,-0.14608938,-0.6299684,-10.203622,135
1,136,-0.14421386,-0.6299683,-10.203623,136
1,137,-0.14275587,-0.62996835,-10.203624,137
1,138,-0.14073041,-0.62996835,-10.203624,138
1,139,-0.14033426,-0.6299684,-10.203626,139
1,140,-0.14077498,-0.6299685,-10.203626,140
1,141,-0.14127867,-0.6299685,-10.203626,141
1,142,-0.1457796,-0.6299686,-10.203626,142
1,143,-0.14958864,-0.62996876,-10.203624,143
1,144,-0.15218586,-0.6299688,-10.203623,144
1,145,-0.15412469,-0.6299688,-10.203622,145
1,146,-0.15540612,-0.6299689,-10.203621,146
1,147,-0.15640236,-0.6299689,-10.203621,147
1,148,-0.15642482,-0.6299688,-10.203619,148
1,149,-0.15502939,-0.6299687,-10.203619,149
1,150,-0.15252694,-0.6299686,-10.203618,150
1,151,-0.14982799,-0.62996846,-10.203619,151
1,152,-0.14751755,-0.6299683,-10.203621,152
1,153,-0.14588432,-0.6299683,-10.203624,153
1,154,-0.14475484,-0.6299682,-10.203623,154
1,155,-0.14411977,-0.62996817,-10.203626,155
1,156,-0.14263795,-0.629968,-10.203627,156
1,157,-0.14196216,-0.6299681,-10.203627,157
1,158,-0.14170551,-0.6299681,-10.203627,158
1,159,-0.14155719,-0.6299681,-10.203627,159
1,160,-0.1408579,-0.6299681,-10.203626,160
1,161,-0.14169003,-0.62996817,-10.203624,161
1,162,-0.14334738,-0.6299682,-10.203623,162
1,163,-0.14325832,-0.6299682,-10.203621,163
1,164,-0.14317355,-0.6299682,-10.203618,164
1,165,-0.14880852,-0.62996835,-10.203618,165
1,166,-0.15452859,-0.6299685,-10.203614,166
1,167,-0.1588274,-0.62996846,-10.203613,167
1,168,-0.16031371,-0.6299684,-10.203609,168
1,169,-0.16031921,-0.6299684,-10.203608,169
1,170,-0.15997604,-0.62996817,-10.203607,170
1,171,-0.15764779,-0.62996787,-10.203604,171
1,172,-0.1557072,-0.62996775,-10.203603,172
1,173,-0.15405235,-0.6299676,-10.203603,173
1,174,-0.15100999,-0.6299674,-10.203602,174
1,175,-0.14971904,-0.62996733,-10.2036,175
1,176,-0.14923967,-0.6299673,-10.2036,176
1,177,-0.14901021,-0.6299672,-10.2036,177
1,178,-0.15003146,-0.6299673,-10.203599,178
1,179,-0.15065084,-0.6299673,-10.203599,179
1,180,-0.15106942,-0.62996733,-10.2036,180
1,181,-0.15161401,-0.62996733,-10.203602,181
1,182,-0.15234375,-0.6299674,-10.203602,182
1,183,-0.1555306,-0.62996745,-10.203602,183
1,184,-0.15780567,-0.6299676,-10.203602,184
1,185,-0.15857588,-0.6299676,-10.2036,185
1,186,-0.15858775,-0.6299676,-10.2036,186
1,187,-0.1583713,-0.62996745,-10.203599,187
1,188,-0.15829371,-0.62996745,-10.203602,188
1,189,-0.1582264,-0.6299674,-10.203599,189
1,190,-0.15815362,-0.6299673,-10.203599,190
1,191,-0.15884636,-0.6299673,-10.203598,191
1,192,-0.15963678,-0.6299672,-10.203597,192
1,193,-0.15994783,-0.6299673,-10.203595,193
1,194,-0.16006856,-0.6299674,-10.203597,194
1,195,-0.16025831,-0.6299673,-10.203597,195
1,196,-0.15906277,-0.6299672,-10.203595,196
1,197,-0.1581561,-0.62996715,-10.203595,197
1,198,-0.15757403,-0.6299672,-10.203594,198
1,199,-0.15678917,-0.62996715,-10.203594,199
2,0,0.011425442,-0.10680232,-2.398735,0
2,1,0.008764069,-0.23494273,-4.696689,1
2,2,0.0068221805,-0.3748735,-6.836267,2
2,3,0.004114921,-0.49346006,-8.471967,3
2,4,-0.0022180607,-0.5690481,-9.440551,4
2,5,-0.013591856,-0.606632,-9.9057045,5
2,6,-0.02921591,-0.62192905,-10.095852,6
2,7,-0.049333412,-0.6272538,-10.1644125,7
2,8,-0.06947388,-0.62900704,-10.18844,8
2,9,-0.086533435,-0.6295932,-10.197122,9
2,10,-0.10083117,-0.6298039,-10.200477,10
2,11,-0.108367756,-0.62989074,-10.201937,11
2,12,-0.111739494,-0.6299304,-10.202633,12
2,13,-0.11132911,-0.6299508,-10.203001,13
2,14,-0.11241081,-0.62996197,-10.2032,14
2,15,-0.11422837,-0.6299685,-10.203318,15
2,16,-0.117231034,-0.62997246,-10.203391,16
2,17,-0.11668641,-0.6299754,-10.203442,17
2,18,-0.113919914,-0.6299775,-10.203478,18
2,19,-0.109762534,-0.62997925,-10.203507,19
2,20,-0.108934,-0.6299803,-10.203525,20
2,21,-0.1088828,-0.6299811,-10.203538,21
2,22,-0.109635085,-0.62998176,-10.2035475,22
2,23,-0.110316634,-0.6299822,-10.203555,23
2,24,-0.11069894,-0.62998253,-10.203558,24
2,25,-0.1128398,-0.6299828,-10.203561,25
2,26,-0.11409501,-0.62998307,-10.203563,26
2,27,-0.115172386,-0.6299832,-10.203566,27
2,28,-0.11714812,-0.6299833,-10.203567,28
2,29,-0.11809582,-0.62998337,-10.203566,29
2,30,-0.117274396,-0.62998354,-10.203568,30
2,31,-0.115873046,-0.62998366,-10.203569,31
2,32,-0.11449627,-0.6299838,-10.203571,32
2,33,-0.11353102,-0.629984,-10.203574,33
2,34,-0.11077595,-0.6299842,-10.203576,34
2,35,-0.1081168,-0.6299844,-10.203578,35
2,36,-0.10645083,-0.62998456,-10.203579,36
2,37,-0.10504092,-0.6299847,-10.203583,37
2,38,-0.102990046,-0.6299849,-10.203585,38
2,39,-0.10298399,-0.62998503,-10.203585,39
2,40,-0.10335353,-0.62998503,-10.203585,40
2,41,-0.10370798,-0.62998503,-10.203586,41
2,42,-0.108392656,-0.62998486,-10.203583,42
2,43,-0.11119547,-0.62998474,-10.203583,43
2,44,-0.11331197,-0.62998474,-10.20358,44
2,45,-0.115020216,-0.62998456,-10.20358,45
2,46,-0.11617329,-0.6299845,-10.203579,46
2,47,-0.11711732,-0.6299843,-10.203578,47
2,48,-0.11693136,-0.62998426,-10.203576,48
2,49,-0.115405925,-0.6299842,-10.203578,49
2,50,-0.11293354,-0.6299842,-10.20358,50
2,51,-0.11060629,-0.62998426,-10.203583,51
2,52,-0.10884563,-0.6299843,-10.203584,52
2,53,-0.10771993,-0.6299843,-10.203581,53
2,54,-0.10696528,-0.62998444,-10.203583,54
2,55,-0.106545486,-0.6299845,-10.203584,55
2,56,-0.10560538,-0.6299846,-10.203583,56
2,57,-0.10513605,-0.6299846,-10.203584,57
2,58,-0.10485575,-0.6299848,-10.203585,58
2,59,-0.10466444,-0.62998486,-10.203584,59
2,60,-0.103704534,-0.629985,-10.203584,60
2,61,-0.10460012,-0.629985,-10.203585,61
2,62,-0.10608888,-0.6299849,-10.203583,62
2,63,-0.10536694,-0.629985,-10.203585,63
2,64,-0.105223194,-0.62998503,-10.203584,64
2,65,-0.11085074,-0.62998474,-10.203578,65
2,66,-0.114526294,-0.62998456,-10.203576,66
2,67,-0.118016794,-0.6299843,-10.203573,67
2,68,-0.118771344,-0.62998414,-10.203571,68
2,69,-0.11864576,-0.62998396,-10.20357,69
2,70,-0.11836041,-0.6299839,-10.203569,70
2,71,-0.11603092,-0.6299839,-10.20357,71
2,72,-0.11449899,-0.62998396,-10.203571,72
2,73,-0.11303517,-0.62998384,-10.203571,73
2,74,-0.11013785,-0.629984,-10.203573,74
2,75,-0.10886663,-0.62998414,-10.203573,75
2,76,-0.10827879,-0.629984,-10.203574,76
2,77,-0.1080047,-0.629984,-10.203573,77
2,78,-0.10839957,-0.629984,-10.203575,78
2,79,-0.108729154,-0.6299839,-10.203574,79
2,80,-0.10901944,-0.6299839,-10.203574,80
2,81,-0.10939064,-0.62998384,-10.203574,81
2,82,-0.11016604,-0.6299837,-10.203573,82
2,83,-0.113804966,-0.6299835,-10.20357,83
2,84,-0.11556935,-0.6299833,-10.203569,84
2,85,-0.11628577,-0.6299831,-10.203568,85
2,86,-0.11659074,-0.62998307,-10.203567,86
2,87,-0.116733,-0.629983,-10.203567,87
2,88,-0.11716836,-0.6299829,-10.203566,88
2,89,-0.11731765,-0.6299828,-10.203565,89
2,90,-0.11840255,-0.6299827,-10.203565,90
2,91,-0.119584315,-0.6299827,-10.203561,91
2,92,-0.120306894,-0.62998265,-10.20356,92
2,93,-0.1203222,-0.62998253,-10.20356,93
2,94,-0.12033642,-0.62998253,-10.203557,94
2,95,-0.12049358,-0.6299825,-10.203557,95
2,96,-0.11928966,-0.6299826,-10.20356,96
2,97,-0.11836645,-0.62998253,-10.203558,97
2,98,-0.11764908,-0.6299827,-10.203558,98
2,99,-0.11665636,-0.6299827,-10.20356,99
2,100,-0.115918726,-0.6299828,-10.20356,100
2,101,-0.114165045,-0.629983,-10.203562,101
2,102,-0.113172345,-0.6299831,-10.203563,102
2,103,-0.10981897,-0.6299833,-10.203566,103
2,104,-0.107851,-0.6299835,-10.203568,104
2,105,-0.10629371,-0.6299836,-10.20357,105
2,106,-0.10485285,-0.6299838,-10.203571,106
2,107,-0.104108565,-0.6299839,-10.203574,107
2,108,-0.10383512,-0.62998396,-10.203575,108
2,109,-0.10343479,-0.629984,-10.203575,109
2,110,-0.10468144,-0.6299841,-10.203574,110
2,111,-0.10577439,-0.629984,-10.203574,111
2,112,-0.10664794,-0.629984,-10.203575,112
2,113,-0.107240885,-0.6299841,-10.203573,113
2,114,-0.108307675,-0.6299839,-10.203574,114
2,115,-0.11013673,-0.6299837,-10.203573,115
2,116,-0.11123623,-0.6299838,-10.203573,116
2,117,-0.11189865,-0.6299837,-10.203571,117
2,118,-0.11248207,-0.6299836,-10.20357,118
2,119,-0.11286952,-0.62998354,-10.203571,119
2,120,-0.113144204,-0.6299834,-10.203571,120
2,121,-0.11354371,-0.6299834,-10.20357,121
2,122,-0.113802694,-0.6299833,-10.203569,122
2,123,-0.11509164,-0.6299833,-10.203568,123
2,124,-0.11588996,-0.6299832,-10.203568,124
2,125,-0.11669215,-0.6299831,-10.203566,125
2,126,-0.1181002,-0.6299831,-10.203565,126
2,127,-0.11948621,-0.629983,-10.203562,127
2,128,-0.12039104,-0.6299828,-10.203562,128
2,129,-0.12049312,-0.62998277,-10.203561,129
2,130,-0.12014171,-0.6299828,-10.20356,130
2,131,-0.11974117,-0.6299828,-10.20356,131
2,132,-0.118423514,-0.6299829,-10.203561,132
2,133,-0.11744922,-0.6299829,-10.203561,133
2,134,-0.11681224,-0.6299829,-10.203561,134
2,135,-0.11417714,-0.62998295,-10.203563,135
2,136,-0.112661056,-0.62998307,-10.203565,136
2,137,-0.111498475,-0.62998307,-10.203566,137
2,138,-0.110300615,-0.6299831,-10.203567,138
2,139,-0.10950126,-0.6299831,-10.203568,139
2,140,-0.108984746,-0.6299832,-10.203569,140
2,141,-0.108715214,-0.62998325,-10.203568,141
2,142,-0.108325146,-0.62998337,-10.203568,142
2,143,-0.10811774,-0.62998337,-10.203568,143
2,144,-0.1080825,-0.6299835,-10.203568,144
2,145,-0.108084105,-0.62998354,-10.203568,145
2,146,-0.106138065,-0.62998366,-10.20357,146
2,147,-0.105575934,-0.6299837,-10.203571,147
2,148,-0.106221676,-0.62998366,-10.203571,148
2,149,-0.10677879,-0.62998366,-10.203571,149
2,150,-0.10717328,-0.6299836,-10.20357,150
2,151,-0.109420665,-0.6299836,-10.203569,151
2,152,-0.11079151,-0.6299835,-10.203569,152
2,153,-0.1119374,-0.6299834,-10.203567,153
2,154,-0.113286644,-0.62998337,-10.203566,154
2,155,-0.11410355,-0.62998325,-10.203565,155
2,156,-0.11456765,-0.6299832,-10.203565,156
2,157,-0.11477776,-0.6299832,-10.203563,157
2,158,-0.11486322,-0.6299831,-10.203563,158
2,159,-0.114257984,-0.6299831,-10.203565,159
2,160,-0.113987036,-0.6299831,-10.203563,160
2,161,-0.11368717,-0.629983,-10.203565,161
2,162,-0.11333248,-0.629983,-10.203566,162
2,163,-0.11345371,-0.6299829,-10.203565,163
2,164,-0.11332125,-0.6299828,-10.203565,164
2,165,-0.112945504,-0.6299829,-10.203565,165
2,166,-0.11265752,-0.6299829,-10.203565,166
2,167,-0.11178648,-0.6299829,-10.203565,167
2,168,-0.11069857,-0.6299829,-10.203566,168
2,169,-0.1100227,-0.629983,-10.203566,169
2,170,-0.10936072,-0.62998307,-10.203567,170
2,171,-0.10874417,-0.62998307,-10.203567,171
2,172,-0.1079603,-0.6299831,-10.203567,172
2,173,-0.10584836,-0.62998325,-10.203569,173
2,174,-0.105324395,-0.6299833,-10.20357,174
2,175,-0.10703553,-0.6299832,-10.203569,175
2,176,-0.1086287,-0.6299831,-10.203567,176
2,177,-0.109756276,-0.6299832,-10.203566,177
2,178,-0.11261768,-0.6299829,-10.203565,178
2,179,-0.11446256,-0.6299828,-10.203563,179
2,180,-0.11614299,-0.6299828,-10.203562,180
2,181,-0.11766847,-0.6299827,-10.20356,181
2,182,-0.11930644,-0.62998253,-10.203558,182
2,183,-0.12008356,-0.6299825,-10.203557,183
2,184,-0.11980308,-0.6299824,-10.203557,184
2,185,-0.11920326,-0.6299825,-10.20356,185
2,186,-0.11871898,-0.6299825,-10.203558,186
2,187,-0.11654092,-0.6299826,-10.203558,187
2,188,-0.113724165,-0.6299827,-10.203561,188
2,189,-0.111906625,-0.6299829,-10.203561,189
2,190,-0.1106177,-0.6299829,-10.203562,190
2,191,-0.10839971,-0.6299831,-10.203565,191
2,192,-0.10729788,-0.6299832,-10.203567,192
2,193,-0.10732193,-0.6299834,-10.203566,193
2,194,-0.10995631,-0.6299832,-10.203566,194
2,195,-0.111551374,-0.6299832,-10.203565,195
2,196,-0.11252619,-0.6299832,-10.203565,196
2,197,-0.11309297,-0.6299831,-10.203563,197
2,198,-0.11341327,-0.6299831,-10.203563,198
2,199,-0.113298625,-0.62998307,-10.203563,199
3,0,-5.3805783e-05,-0.16466425,-2.994899,0
3,1,-0.025985623,-0.37671575,-6.317335,1
3,2,-0.053162314,-0.54102695,-8.786692,2
3,3,-0.07296941,-0.6087355,-9.83409,3
3,4,-0.08370199,-0.6257115,-10.12101,4
3,5,-0.086489305,-0.6290798,-10.184365,5
3,6,-0.08313635,-0.62974906,-10.19828,6
3,7,-0.08735316,-0.629904,-10.201739,7
3,8,-0.093431756,-0.62995064,-10.202818,8
3,9,-0.1005078,-0.62996817,-10.203235,9
3,10,-0.107671104,-0.6299762,-10.2034235,10
3,11,-0.11431389,-0.6299804,-10.203524,11
3,12,-0.12000966,-0.6299828,-10.203581,12
3,13,-0.1250908,-0.62998426,-10.203613,13
3,14,-0.12921314,-0.62998533,-10.203636,14
3,15,-0.13275011,-0.6299859,-10.20365,15
3,16,-0.1357415,-0.6299864,-10.203661,16
3,17,-0.1376956,-0.62998676,-10.203668,17
3,18,-0.13943742,-0.62998706,-10.203672,18
3,19,-0.1416491,-0.62998724,-10.203675,19
3,20,-0.14336184,-0.6299873,-10.203678,20
3,21,-0.14404993,-0.6299874,-10.20368,21
3,22,-0.14421049,-0.6299875,-10.203684,22
3,23,-0.1442637,-0.6299876,-10.203684,23
3,24,-0.1434126,-0.6299877,-10.203689,24
3,25,-0.14366001,-0.62998766,-10.20369,25
3,26,-0.14380763,-0.6299878,-10.20369,26
3,27,-0.14415528,-0.6299878,-10.2036915,27
3,28,-0.14517988,-0.62998784,-10.2036915,28
3,29,-0.14563145,-0.6299878,-10.2036915,29
3,30,-0.14596963,-0.6299878,-10.2036915,30
3,31,-0.14577825,-0.6299878,-10.2036915,31
3,32,-0.14520942,-0.62998784,-10.2036915,32
3,33,-0.14464296,-0.6299878,-10.2036915,33
3,34,-0.14397761,-0.6299877,-10.2036915,34
3,35,-0.14349723,-0.62998796,-10.203692,35
3,36,-0.14073603,-0.6299879,-10.203693,36
3,37,-0.13998662,-0.62998796,-10.203694,37
3,38,-0.13958341,-0.62998796,-10.203698,38
3,39,-0.13933295,-0.62998796,-10.203698,39
3,40,-0.13975358,-0.6299881,-10.203701,40
3,41,-0.14091839,-0.6299881,-10.203699,41
3,42,-0.14117749,-0.62998796,-10.203699,42
3,43,-0.14096858,-0.629988,-10.203698,43
3,44,-0.1407127,-0.62998796,-10.203698,44
3,45,-0.14059128,-0.62998796,-10.203698,45
3,46,-0.1391788,-0.62998796,-10.203699,46
3,47,-0.13841906,-0.6299881,-10.203699,47
3,48,-0.13812366,-0.629988,-10.203698,48
3,49,-0.13776392,-0.6299881,-10.203698,49
3,50,-0.13760597,-0.62998813,-10.203701,50
3,51,-0.13754627,-0.6299881,-10.203701,51
3,52,-0.1353103,-0.6299882,-10.203703,52
3,53,-0.13357341,-0.6299883,-10.203706,53
3,54,-0.13328244,-0.6299884,-10.20371,54
3,55,-0.13285129,-0.6299884,-10.2037115,55
3,56,-0.13240387,-0.6299884,-10.203712,56
3,57,-0.13185206,-0.6299884,-10.203715,57
3,58,-0.13138168,-0.6299884,-10.203716,58
3,59,-0.13120365,-0.6299884,-10.203715,59
3,60,-0.13097475,-0.6299884,-10.203715,60
3,61,-0.13106714,-0.62998843,-10.203715,61
3,62,-0.13115501,-0.6299885,-10.203716,62
3,63,-0.13330959,-0.6299884,-10.203716,63
3,64,-0.13488555,-0.6299884,-10.203715,64
3,65,-0.1346448,-0.6299884,-10.203712,65
3,66,-0.13777733,-0.6299884,-10.203712,66
3,67,-0.14033978,-0.6299883,-10.20371,67
3,68,-0.14208217,-0.6299883,-10.203708,68
3,69,-0.14333662,-0.62998825,-10.203707,69
3,70,-0.1441886,-0.6299882,-10.203704,70
3,71,-0.14464712,-0.6299882,-10.203703,71
3,72,-0.14487316,-0.6299882,-10.203702,72
3,73,-0.14552838,-0.62998813,-10.203701,73
3,74,-0.14592427,-0.6299881,-10.203699,74
3,75,-0.14656089,-0.6299881,-10.203698,75
3,76,-0.14836153,-0.629988,-10.203697,76
3,77,-0.14916593,-0.62998796,-10.203694,77
3,78,-0.14941025,-0.6299879,-10.203692,78
3,79,-0.14890015,-0.6299879,-10.20369,79
3,80,-0.14722778,-0.6299879,-10.2036915,80
3,81,-0.1458301,-0.629988,-10.2036915,81
3,82,-0.14489293,-0.6299879,-10.203692,82
3,83,-0.14141077,-0.629988,-10.203694,83
3,84,-0.13904311,-0.6299881,-10.203698,84
3,85,-0.13704406,-0.62998813,-10.203701,85
3,86,-0.13560137,-0.6299882,-10.203703,86
3,87,-0.1336658,-0.6299882,-10.203708,87
3,88,-0.13346042,-0.62998825,-10.20371,88
3,89,-0.13371001,-0.62998825,-10.2037115,89
3,90,-0.13384676,-0.6299883,-10.2037115,90
3,91,-0.13535184,-0.6299883,-10.203712,91
3,92,-0.13625106,-0.6299883,-10.203714,92
3,93,-0.13708226,-0.6299883,-10.203712,93
3,94,-0.13872835,-0.6299883,-10.2037115,94
3,95,-0.13892154,-0.6299883,-10.20371,95
3,96,-0.14168571,-0.6299882,-10.203707,96
3,97,-0.14358588,-0.6299881,-10.203703,97
3,98,-0.14508589,-0.6299881,-10.203701,98
3,99,-0.14683482,-0.62998796,-10.203699,99
3,100,-0.14683841,-0.62998796,-10.203698,100
3,101,-0.1463151,-0.6299879,-10.203694,101
3,102,-0.14580747,-0.6299879,-10.203696,102
3,103,-0.14197268,-0.6299879,-10.203697,103
3,104,-0.13930498,-0.6299879,-10.203699,104
3,105,-0.13715325,-0.62998796,-10.203702,105
3,106,-0.13405178,-0.62998796,-10.203704,106
3,107,-0.13437067,-0.62998796,-10.203707,107
3,108,-0.1354189,-0.629988,-10.20371,108
3,109,-0.1366622,-0.62998796,-10.20371,109
3,110,-0.14043608,-0.62998796,-10.203708,110
3,111,-0.14005098,-0.6299879,-10.203707,111
3,112,-0.13821095,-0.62998796,-10.203708,112
3,113,-0.13418378,-0.6299879,-10.20371,113
3,114,-0.13417985,-0.629988,-10.2037115,114
3,115,-0.13611841,-0.62998796,-10.2037115,115
3,116,-0.13983148,-0.62998796,-10.20371,116
3,117,-0.13986292,-0.629988,-10.203708,117
3,118,-0.13752195,-0.62998796,-10.20371,118
3,119,-0.13357005,-0.62998796,-10.203711,119
3,120,-0.1332745,-0.6299881,-10.203712,120
3,121,-0.13366327,-0.6299881,-10.203712,121
3,122,-0.13492022,-0.629988,-10.203714,122
3,123,-0.1360279,-0.629988,-10.203714,123
3,124,-0.13680312,-0.6299881,-10.203712,124
3,125,-0.13953432,-0.629988,-10.203711,125
3,126,-0.14143378,-0.62998796,-10.203708,126
3,127,-0.14317483,-0.6299879,-10.203704,127
3,128,-0.1457677,-0.6299879,-10.203702,128
3,129,-0.14746363,-0.6299879,-10.203698,129
3,130,-0.14759474,-0.6299878,-10.203694,130
3,131,-0.1470427,-0.62998784,-10.203693,131
3,132,-0.14638294,-0.62998784,-10.203694,132
3,133,-0.14597556,-0.62998784,-10.203693,133
3,134,-0.14379373,-0.6299878,-10.203694,134
3,135,-0.14149512,-0.62998784,-10.203697,135
3,136,-0.13998583,-0.62998796,-10.203699,136
3,137,-0.13866876,-0.62998796,-10.203699,137
3,138,-0.13663954,-0.62998796,-10.203703,138
3,139,-0.13650724,-0.629988,-10.203704,139
3,140,-0.13681856,-0.62998796,-10.203707,140
3,141,-0.13709827,-0.629988,-10.203707,141
3,142,-0.14134867,-0.6299881,-10.203708,142
3,143,-0.14402802,-0.6299879,-10.203704,143
3,144,-0.14588565,-0.6299879,-10.203703,144
3,145,-0.14733286,-0.6299878,-10.203702,145
3,146,-0.14828949,-0.62998784,-10.203701,146
3,147,-0.14900021,-0.6299878,-10.203698,147
3,148,-0.14869665,-0.6299878,-10.203697,148
3,149,-0.14713132,-0.6299878,-10.203696,149
3,150,-0.14452678,-0.6299878,-10.203699,150
3,151,-0.14187351,-0.6299878,-10.203701,151
3,152,-0.13972455,-0.6299879,-10.203702,152
3,153,-0.13822475,-0.6299879,-10.203704,153
3,154,-0.13718225,-0.6299879,-10.203707,154
3,155,-0.13651772,-0.6299879,-10.203707,155
3,156,-0.13575633,-0.62998796,-10.203707,156
3,157,-0.13546558,-0.62998796,-10.203708,157
3,158,-0.13550816,-0.62998796,-10.203708,158
3,159,-0.13570632,-0.629988,-10.203708,159
3,160,-0.13502334,-0.62998796,-10.203708,160
3,161,-0.13609104,-0.62998796,-10.20371,161
3,162,-0.13795975,-0.62998796,-10.203708,162
3,163,-0.13764831,-0.629988,-10.203708,163
3,164,-0.13781242,-0.62998796,-10.203708,164
3,165,-0.14333403,-0.6299879,-10.203706,165
3,166,-0.14694495,-0.62998784,-10.203704,166
3,167,-0.15015729,-0.6299878,-10.203702,167
3,168,-0.15086815,-0.6299877,-10.203699,168
3,169,-0.15067823,-0.62998766,-10.203698,169
3,170,-0.15039021,-0.6299876,-10.203696,170
3,171,-0.14839388,-0.62998754,-10.203696,171
3,172,-0.14701357,-0.6299876,-10.203698,172
3,173,-0.1457843,-0.62998754,-10.203697,173
3,174,-0.14319636,-0.62998754,-10.203698,174
3,175,-0.14193061,-0.62998766,-10.203701,175
3,176,-0.14136834,-0.62998766,-10.203703,176
3,177,-0.14098565,-0.6299876,-10.203704,177
3,178,-0.14094096,-0.6299877,-10.203706,178
3,179,-0.14086896,-0.6299877,-10.20371,179
3,180,-0.14057893,-0.62998766,-10.203711,180
3,181,-0.14026797,-0.62998766,-10.203712,181
3,182,-0.14042792,-0.6299877,-10.203712,182
3,183,-0.14349538,-0.6299876,-10.2037115,183
3,184,-0.14491369,-0.6299876,-10.20371,184
3,185,-0.14529254,-0.6299875,-10.20371,185
3,186,-0.14529188,-0.6299875,-10.203707,186
3,187,-0.1451561,-0.6299875,-10.203708,187
3,188,-0.14538682,-0.6299874,-10.203706,188
3,189,-0.14534509,-0.6299875,-10.203704,189
3,190,-0.14648646,-0.62998736,-10.203701,190
3,191,-0.14777689,-0.6299873,-10.203701,191
3,192,-0.14879629,-0.6299873,-10.203697,192
3,193,-0.14924088,-0.6299873,-10.203694,193
3,194,-0.14966433,-0.6299873,-10.203693,194
3,195,-0.15011984,-0.6299873,-10.203692,195
3,196,-0.14943127,-0.6299873,-10.203692,196
3,197,-0.14889656,-0.6299873,-10.2036915,197
3,198,-0.14857611,-0.62998736,-10.2036915,198
3,199,-0.14802939,-0.62998736,-10.20369,199
4,0,-0.0031322541,-0.060145665,-1.7441988,0
4,1,-0.02952769,-0.12101823,-3.2500792,1
4,2,-0.05797125,-0.20611106,-4.8671265,2
4,3,-0.08389122,-0.3118339,-6.4938097,3
4,4,-0.10893989,-0.41886654,-7.8702016,4
4,5,-0.13270238,-0.5069901,-8.870601,5
4,6,-0.15388046,-0.56690353,-9.510626,6
4,7,-0.17596188,-0.6006133,-9.863289,7
4,8,-0.19443005,-0.61707157,-10.04177,8
4,9,-0.20745832,-0.62441427,-10.126996,9
4,10,-0.21623132,-0.6275245,-10.166069,10
4,11,-0.21371648,-0.6288389,-10.184498,11
4,12,-0.20478229,-0.6294125,-10.1933155,12
4,13,-0.18979955,-0.62967557,-10.19771,13
4,14,-0.17815907,-0.6298022,-10.199937,14
4,15,-0.16828507,-0.6298668,-10.201127,15
4,16,-0.16180596,-0.6299018,-10.201799,16
4,17,-0.15253937,-0.6299222,-10.202214,17
4,18,-0.14336945,-0.6299352,-10.202489,18
4,19,-0.13428451,-0.62994385,-10.2026825,19
4,20,-0.13141006,-0.6299498,-10.202816,20
4,21,-0.12972489,-0.6299541,-10.202911,21
4,22,-0.12897845,-0.62995714,-10.202982,22
4,23,-0.12868665,-0.62995934,-10.203031,23
4,24,-0.12851986,-0.6299609,-10.203067,24
4,25,-0.13040651,-0.6299617,-10.203092,25
4,26,-0.13160226,-0.6299625,-10.203106,26
4,27,-0.13288626,-0.62996304,-10.203117,27
4,28,-0.13503319,-0.6299633,-10.20312,28
4,29,-0.13622749,-0.62996334,-10.20312,29
4,30,-0.13581975,-0.62996346,-10.203122,30
4,31,-0.13513796,-0.62996364,-10.20312,31
4,32,-0.13438705,-0.62996364,-10.203123,32
4,33,-0.13391627,-0.6299638,-10.203124,33
4,34,-0.13135248,-0.629964,-10.203128,34
4,35,-0.12896964,-0.62996423,-10.2031355,35
4,36,-0.12756538,-0.6299644,-10.203143,36
4,37,-0.12620215,-0.62996477,-10.203151,37
4,38,-0.123989046,-0.629965,-10.203161,38
4,39,-0.12442997,-0.62996536,-10.20317,39
4,40,-0.12482723,-0.6299656,-10.203176,40
4,41,-0.1251503,-0.6299658,-10.203181,41
4,42,-0.13064575,-0.62996584,-10.20318,42
4,43,-0.13268805,-0.62996584,-10.203178,43
4,44,-0.13440274,-0.6299657,-10.203175,44
4,45,-0.13575812,-0.6299656,-10.20317,45
4,46,-0.13656609,-0.6299655,-10.203164,46
4,47,-0.13728417,-0.6299652,-10.203157,47
4,48,-0.13679032,-0.6299651,-10.203153,48
4,49,-0.13496588,-0.62996507,-10.203152,49
4,50,-0.13221025,-0.6299651,-10.2031555,50
4,51,-0.12959014,-0.62996536,-10.20316,51
4,52,-0.12747736,-0.6299654,-10.203166,52
4,53,-0.1260678,-0.6299656,-10.203174,53
4,54,-0.12508681,-0.62996566,-10.203179,54
4,55,-0.124600805,-0.62996584,-10.203186,55
4,56,-0.123232216,-0.6299657,-10.203191,56
4,57,-0.123349816,-0.6299657,-10.203191,57
4,58,-0.12353672,-0.6299658,-10.203191,58
4,59,-0.12376911,-0.62996566,-10.203191,59
4,60,-0.123111844,-0.62996566,-10.20319,60
4,61,-0.12490694,-0.6299657,-10.203189,61
4,62,-0.12677224,-0.6299656,-10.203185,62
4,63,-0.12596713,-0.62996554,-10.20318,63
4,64,-0.12649213,-0.6299654,-10.203178,64
4,65,-0.1339683,-0.62996525,-10.203166,65
4,66,-0.13744412,-0.62996507,-10.2031555,66
4,67,-0.14037606,-0.62996465,-10.203141,67
4,68,-0.14022522,-0.6299642,-10.203128,68
4,69,-0.13976987,-0.62996376,-10.203117,69
4,70,-0.13933828,-0.62996334,-10.203105,70
4,71,-0.13648526,-0.629963,-10.203098,71
4,72,-0.13519704,-0.6299627,-10.203091,72
4,73,-0.13373016,-0.6299625,-10.203087,73
4,74,-0.13041201,-0.62996244,-10.203089,74
4,75,-0.12997109,-0.62996256,-10.203089,75
4,76,-0.12935081,-0.6299628,-10.203091,76
4,77,-0.12884979,-0.6299629,-10.2030945,77
4,78,-0.12955931,-0.62996316,-10.203096,78
4,79,-0.12920928,-0.62996334,-10.203103,79
4,80,-0.12895611,-0.62996346,-10.203108,80
4,81,-0.12891455,-0.62996376,-10.203114,81
4,82,-0.12923422,-0.6299638,-10.203117,82
4,83,-0.13302049,-0.6299637,-10.2031145,83
4,84,-0.13418657,-0.6299636,-10.20311,84
4,85,-0.13462763,-0.6299634,-10.203106,85
4,86,-0.13475452,-0.6299631,-10.203103,86
4,87,-0.13483077,-0.62996304,-10.203099,87
4,88,-0.13524091,-0.62996286,-10.203095,88
4,89,-0.13543193,-0.6299626,-10.203092,89
4,90,-0.13608594,-0.6299623,-10.203085,90
4,91,-0.13727395,-0.62996185,-10.203074,91
4,92,-0.13832118,-0.6299614,-10.203061,92
4,93,-0.13878109,-0.629961,-10.2030525,93
4,94,-0.13923766,-0.62996083,-10.20304,94
4,95,-0.13968024,-0.6299606,-10.203033,95
4,96,-0.13833313,-0.6299604,-10.203028,96
4,97,-0.13788699,-0.6299602,-10.203021,97
4,98,-0.13750845,-0.62996006,-10.203018,98
4,99,-0.13673508,-0.62996,-10.203015,99
4,100,-0.13629143,-0.62996006,-10.203016,100
4,101,-0.1345646,-0.6299602,-10.203019,101
4,102,-0.13396733,-0.62996036,-10.203021,102
4,103,-0.1303084,-0.62996066,-10.20303,103
4,104,-0.12861726,-0.62996095,-10.203039,104
4,105,-0.12699062,-0.6299613,-10.20305,105
4,106,-0.12536372,-0.6299618,-10.203061,106
4,107,-0.12458982,-0.6299622,-10.203073,107
4,108,-0.12438543,-0.62996256,-10.203085,108
4,109,-0.12341463,-0.6299628,-10.203094,109
4,110,-0.12486848,-0.6299629,-10.203099,110
4,111,-0.12684254,-0.62996316,-10.203099,111
4,112,-0.12799177,-0.62996334,-10.203101,112
4,113,-0.12869023,-0.62996334,-10.203103,113
4,114,-0.13061261,-0.6299637,-10.203103,114
4,115,-0.13212955,-0.62996364,-10.203106,115
4,116,-0.13251962,-0.62996376,-10.203106,116
4,117,-0.13261595,-0.62996376,-10.203106,117
4,118,-0.13280538,-0.62996364,-10.203105,118
4,119,-0.13277194,-0.6299635,-10.203108,119
4,120,-0.13267429,-0.6299634,-10.203105,120
4,121,-0.13277431,-0.6299633,-10.203103,121
4,122,-0.13286789,-0.62996316,-10.2031,122
4,123,-0.1338889,-0.6299628,-10.2030945,123
4,124,-0.13475254,-0.6299626,-10.203087,124
4,125,-0.13569887,-0.6299622,-10.203077,125
4,126,-0.13712648,-0.62996185,-10.203067,126
4,127,-0.13917579,-0.62996143,-10.203053,127
4,128,-0.14026459,-0.62996113,-10.203042,128
4,129,-0.1405706,-0.6299608,-10.2030325,129
4,130,-0.14039224,-0.6299606,-10.203024,130
4,131,-0.1397478,-0.6299602,-10.203016,131
4,132,-0.1390785,-0.6299599,-10.203009,132
4,133,-0.1385066,-0.6299598,-10.203005,133
4,134,-0.13805827,-0.62995976,-10.203002,134
4,135,-0.13576369,-0.62996006,-10.203005,135
4,136,-0.1339993,-0.62996036,-10.203014,136
4,137,-0.13236807,-0.6299607,-10.203024,137
4,138,-0.13067523,-0.629961,-10.203035,138
4,139,-0.12913628,-0.6299613,-10.203049,139
4,140,-0.12817276,-0.6299616,-10.203057,140
4,141,-0.1276378,-0.6299618,-10.203066,141
4,142,-0.1262921,-0.6299618,-10.203073,142
4,143,-0.12637469,-0.6299619,-10.203073,143
4,144,-0.12659664,-0.62996197,-10.203074,144
4,145,-0.12653925,-0.6299619,-10.203072,145
4,146,-0.12532389,-0.6299622,-10.203075,146
4,147,-0.12577398,-0.6299628,-10.203082,147
4,148,-0.1258901,-0.629963,-10.203091,148
4,149,-0.12608443,-0.6299631,-10.203095,149
4,150,-0.12624824,-0.62996334,-10.2031,150
4,151,-0.12819117,-0.62996304,-10.203099,151
4,152,-0.12973961,-0.62996286,-10.203092,152
4,153,-0.13121544,-0.6299626,-10.203084,153
4,154,-0.13284725,-0.62996227,-10.203074,154
4,155,-0.13429038,-0.629962,-10.203063,155
4,156,-0.13523202,-0.6299618,-10.203053,156
4,157,-0.13582405,-0.6299615,-10.203044,157
4,158,-0.13612801,-0.6299613,-10.20304,158
4,159,-0.13649811,-0.62996143,-10.203037,159
4,160,-0.13578421,-0.6299615,-10.203038,160
4,161,-0.1349825,-0.6299616,-10.203042,161
4,162,-0.1342376,-0.6299617,-10.203045,162
4,163,-0.13364652,-0.6299616,-10.203049,163
4,164,-0.13300183,-0.62996167,-10.2030525,164
4,165,-0.13219917,-0.62996167,-10.203054,165
4,166,-0.13170299,-0.6299616,-10.203056,166
4,167,-0.13033426,-0.6299616,-10.203058,167
4,168,-0.12915657,-0.6299617,-10.203061,168
4,169,-0.1284061,-0.62996167,-10.203065,169
4,170,-0.12758583,-0.6299619,-10.20307,170
4,171,-0.12679568,-0.62996215,-10.203075,171
4,172,-0.12562408,-0.6299623,-10.20308,172
4,173,-0.12279799,-0.6299626,-10.20309,173
4,174,-0.12248198,-0.629963,-10.203099,174
4,175,-0.124635674,-0.6299631,-10.203105,175
4,176,-0.12625153,-0.62996316,-10.203108,176
4,177,-0.12742613,-0.62996316,-10.203106,177
4,178,-0.13084093,-0.629963,-10.2031,178
4,179,-0.13272965,-0.6299628,-10.203092,179
4,180,-0.13466458,-0.62996244,-10.203084,180
4,181,-0.1364148,-0.62996215,-10.203073,181
4,182,-0.13808309,-0.62996167,-10.20306,182
4,183,-0.13889904,-0.6299612,-10.203047,183
4,184,-0.13889496,-0.62996083,-10.203034,184
4,185,-0.13865137,-0.6299605,-10.203024,185
4,186,-0.13849,-0.6299602,-10.203016,186
4,187,-0.13629842,-0.62996006,-10.2030115,187
4,188,-0.1331407,-0.62995994,-10.203014,188
4,189,-0.13167636,-0.62996,-10.203013,189
4,190,-0.13050313,-0.62996006,-10.203018,190
4,191,-0.12770465,-0.6299603,-10.203021,191
4,192,-0.12711687,-0.62996036,-10.203026,192
4,193,-0.12793858,-0.6299607,-10.203029,193
4,194,-0.13150144,-0.62996083,-10.203029,194
4,195,-0.13325618,-0.6299609,-10.203028,195
4,196,-0.134619,-0.6299608,-10.203025,196
4,197,-0.13541591,-0.62996083,-10.203024,197
4,198,-0.13582249,-0.62996083,-10.20302,198
4,199,-0.13659886,-0.6299611,-10.203021,199
5,0,0.009780562,-0.06665528,-1.583041,0
5,1,0.003862562,-0.120851874,-2.6256957,1
5,2,-0.0009251287,-0.17835873,-3.546656,2
5,3,-0.002527618,-0.23875313,-4.421623,3
5,4,-0.0029612829,-0.29653713,-5.1857786,4
5,5,-0.0029838036,-0.3489141,-5.836851,5
5,6,-0.0020777825,-0.39568144,-6.409955,6
5,7,-0.0040459335,-0.43400124,-6.8523207,7
5,8,-0.0081060715,-0.46481502,-7.196764,8
5,9,-0.013502996,-0.48932138,-7.4674687,9
5,10,-0.022006046,-0.50783515,-7.655868,10
5,11,-0.027859565,-0.52355283,-7.8434253,11
5,12,-0.03189096,-0.5371883,-8.034086,12
5,13,-0.03308091,-0.5499429,-8.248058,13
5,14,-0.036846682,-0.5606732,-8.435149,14
5,15,-0.04272026,-0.5697035,-8.594692,15
5,16,-0.05084248,-0.5770937,-8.725066,16
5,17,-0.05608231,-0.58392084,-8.864847,17
5,18,-0.05864951,-0.5903861,-9.018593,18
5,19,-0.058883548,-0.59664756,-9.185725,19
5,20,-0.06209956,-0.60211915,-9.33662,20
5,21,-0.0664716,-0.60702133,-9.475004,21
5,22,-0.07270544,-0.61122274,-9.597235,22
5,23,-0.07906616,-0.61483455,-9.705667,23
5,24,-0.085240856,-0.61791515,-9.801826,24
5,25,-0.09367026,-0.62040174,-9.881108,25
5,26,-0.10065707,-0.62248206,-9.949158,26
5,27,-0.10743934,-0.62417537,-10.006409,27
5,28,-0.11518113,-0.625513,-10.0525255,28
5,29,-0.12151971,-0.62658465,-10.089999,29
5,30,-0.1257199,-0.6274355,-10.120249,30
5,31,-0.12883112,-0.6280952,-10.143734,31
5,32,-0.13141437,-0.6285952,-10.161273,32
5,33,-0.1337801,-0.6289654,-10.173899,33
5,34,-0.13281366,-0.6292412,-10.183011,34
5,35,-0.13041143,-0.62944025,-10.189333,35
5,36,-0.1280312,-0.62958163,-10.193585,36
5,37,-0.12498545,-0.6296819,-10.196441,37
5,38,-0.12015815,-0.6297538,-10.198387,38
5,39,-0.11864401,-0.62980413,-10.199673,39
5,40,-0.11820356,-0.62984014,-10.200547,40
5,41,-0.11825632,-0.6298662,-10.201155,41
5,42,-0.12630138,-0.6298842,-10.201546,42
5,43,-0.13158704,-0.6298976,-10.201831,43
5,44,-0.13589372,-0.6299076,-10.202042,44
5,45,-0.13962656,-0.629915,-10.202196,45
5,46,-0.14238742,-0.6299206,-10.202313,46
5,47,-0.14466318,-0.6299249,-10.202403,47
5,48,-0.14511299,-0.62992847,-10.20248,48
5,49,-0.14333673,-0.6299316,-10.202551,49
5,50,-0.13980855,-0.62993443,-10.2026205,50
5,51,-0.13619237,-0.6299371,-10.202682,51
5,52,-0.13326597,-0.62993926,-10.202734,52
5,53,-0.13124624,-0.6299411,-10.20278,53
5,54,-0.1298374,-0.6299426,-10.202816,54
5,55,-0.12900919,-0.629944,-10.202848,55
5,56,-0.12766753,-0.6299448,-10.202872,56
5,57,-0.12668738,-0.6299456,-10.2028885,57
5,58,-0.1263266,-0.62994635,-10.202903,58
5,59,-0.126163,-0.62994677,-10.202915,59
5,60,-0.124721,-0.6299474,-10.202929,60
5,61,-0.1265474,-0.6299477,-10.202933,61
5,62,-0.12914845,-0.6299478,-10.202934,62
5,63,-0.12782212,-0.6299481,-10.202939,63
5,64,-0.1276739,-0.6299483,-10.202944,64
5,65,-0.13725708,-0.6299478,-10.202926,65
5,66,-0.14314988,-0.6299477,-10.202913,66
5,67,-0.14829125,-0.6299472,-10.202893,67
5,68,-0.14907858,-0.6299466,-10.202879,68
5,69,-0.14857061,-0.629946,-10.202863,69
5,70,-0.14782257,-0.62994534,-10.202842,70
5,71,-0.14379886,-0.62994474,-10.20283,71
5,72,-0.14094573,-0.62994415,-10.202817,72
5,73,-0.13816758,-0.6299436,-10.202804,73
5,74,-0.13294618,-0.62994343,-10.202804,74
5,75,-0.13067119,-0.6299435,-10.202803,75
5,76,-0.12968443,-0.6299436,-10.202805,76
5,77,-0.12914874,-0.6299437,-10.202808,77
5,78,-0.13002002,-0.62994415,-10.202814,78
5,79,-0.13085794,-0.62994456,-10.202822,79
5,80,-0.13154721,-0.6299449,-10.2028265,80
5,81,-0.13242294,-0.6299454,-10.202832,81
5,82,-0.13399416,-0.6299455,-10.202833,82
5,83,-0.14022626,-0.629945,-10.202818,83
5,84,-0.142618,-0.6299447,-10.202808,84
5,85,-0.14351045,-0.62994456,-10.2028,85
5,86,-0.14387459,-0.62994415,-10.202793,86
5,87,-0.14391935,-0.6299437,-10.202784,87
5,88,-0.1443557,-0.6299432,-10.202773,88
5,89,-0.14425771,-0.62994283,-10.202765,89
5,90,-0.14540802,-0.62994164,-10.202746,90
5,91,-0.14629734,-0.62994045,-10.202723,91
5,92,-0.14665392,-0.62993944,-10.202699,92
5,93,-0.1462492,-0.6299385,-10.202682,93
5,94,-0.14604938,-0.6299376,-10.202665,94
5,95,-0.14618263,-0.6299368,-10.202648,95
5,96,-0.144137,-0.6299362,-10.20264,96
5,97,-0.1427127,-0.6299357,-10.20263,97
5,98,-0.1416771,-0.6299352,-10.202623,98
5,99,-0.14018558,-0.629935,-10.202621,99
5,100,-0.13914908,-0.6299349,-10.202621,100
5,101,-0.13649035,-0.6299351,-10.202626,101
5,102,-0.13519159,-0.6299354,-10.202634,102
5,103,-0.1300911,-0.6299363,-10.202657,103
5,104,-0.12712146,-0.629937,-10.202677,104
5,105,-0.12478346,-0.6299379,-10.2027,105
5,106,-0.122562,-0.62993896,-10.202723,106
5,107,-0.121617496,-0.6299398,-10.202745,107
5,108,-0.12160854,-0.62994087,-10.202765,108
5,109,-0.121365726,-0.6299415,-10.2027855,109
5,110,-0.12373503,-0.6299417,-10.20279,110
5,111,-0.12584557,-0.6299423,-10.202797,111
5,112,-0.12776648,-0.6299427,-10.202803,112
5,113,-0.12919055,-0.62994313,-10.202808,113
5,114,-0.1317735,-0.6299439,-10.202817,114
5,115,-0.13567834,-0.62994415,-10.202818,115
5,116,-0.1377904,-0.62994456,-10.202821,116
5,117,-0.13904838,-0.6299447,-10.202819,117
5,118,-0.14008574,-0.62994486,-10.202818,118
5,119,-0.14066926,-0.62994474,-10.202813,119
5,120,-0.14094196,-0.62994456,-10.202809,120
5,121,-0.1412917,-0.62994426,-10.202803,121
5,122,-0.14129953,-0.629944,-10.202794,122
5,123,-0.14276536,-0.6299431,-10.202778,123
5,124,-0.14320894,-0.6299424,-10.202761,124
5,125,-0.14378801,-0.6299415,-10.202743,125
5,126,-0.14514944,-0.62994045,-10.202719,126
5,127,-0.14666867,-0.6299395,-10.202696,127
5,128,-0.14763628,-0.6299385,-10.202676,128
5,129,-0.14752775,-0.6299377,-10.202658,129
5,130,-0.14685768,-0.62993693,-10.202643,130
5,131,-0.14582443,-0.6299359,-10.202626,131
5,132,-0.14354959,-0.62993544,-10.202616,132
5,133,-0.14205445,-0.6299351,-10.202607,133
5,134,-0.14098364,-0.6299347,-10.202601,134
5,135,-0.1370764,-0.6299355,-10.202617,135
5,136,-0.13506886,-0.6299361,-10.202633,136
5,137,-0.13330202,-0.6299367,-10.202651,137
5,138,-0.13135244,-0.62993765,-10.202672,138
5,139,-0.13006096,-0.62993836,-10.202692,139
5,140,-0.12909357,-0.62993884,-10.202708,140
5,141,-0.1285862,-0.62993944,-10.202722,141
5,142,-0.12774754,-0.6299394,-10.202728,142
5,143,-0.12702821,-0.6299396,-10.202732,143
5,144,-0.12684673,-0.62993956,-10.202734,144
5,145,-0.12659457,-0.6299395,-10.202733,145
5,146,-0.12339345,-0.6299404,-10.202751,146
5,147,-0.12340214,-0.62994164,-10.20277,147
5,148,-0.1255775,-0.6299421,-10.202785,148
5,149,-0.12700002,-0.6299426,-10.202793,149
5,150,-0.12809452,-0.629943,-10.202802,150
5,151,-0.13204649,-0.6299424,-10.20279,151
5,152,-0.13380784,-0.6299422,-10.202781,152
5,153,-0.135282,-0.6299417,-10.202767,153
5,154,-0.13694775,-0.629941,-10.20275,154
5,155,-0.13784228,-0.6299403,-10.202734,155
5,156,-0.13836755,-0.6299398,-10.202723,156
5,157,-0.13859944,-0.6299394,-10.202708,157
5,158,-0.13865587,-0.6299389,-10.202695,158
5,159,-0.1383081,-0.62993914,-10.202696,159
5,160,-0.13850361,-0.6299394,-10.202696,160
5,161,-0.13832767,-0.62993956,-10.202696,161
5,162,-0.13800852,-0.6299398,-10.202701,162
5,163,-0.13830073,-0.6299397,-10.2027,163
5,164,-0.13787585,-0.6299397,-10.202697,164
5,165,-0.1370081,-0.6299397,-10.202697,165
5,166,-0.13628142,-0.6299395,-10.202696,166
5,167,-0.13450228,-0.62993956,-10.2027,167
5,168,-0.13240826,-0.6299397,-10.202704,168
5,169,-0.1311961,-0.6299398,-10.20271,169
5,170,-0.13000014,-0.6299401,-10.202718,170
5,171,-0.12897304,-0.62994045,-10.202727,171
5,172,-0.12771025,-0.6299408,-10.202739,172
5,173,-0.12406162,-0.6299417,-10.202762,173
5,174,-0.12385065,-0.6299425,-10.202778,174
5,175,-0.12775481,-0.6299424,-10.202783,175
5,176,-0.13072222,-0.6299426,-10.202784,176
5,177,-0.13275474,-0.62994266,-10.202785,177
5,178,-0.13775115,-0.62994224,-10.20277,178
5,179,-0.14048205,-0.62994176,-10.202757,179
5,180,-0.14294264,-0.6299412,-10.202742,180
5,181,-0.14509259,-0.62994057,-10.202724,181
5,182,-0.14718907,-0.62993956,-10.2027025,182
5,183,-0.14777973,-0.62993854,-10.202681,183
5,184,-0.14691553,-0.6299377,-10.202662,184
5,185,-0.14573951,-0.62993693,-10.202646,185
5,186,-0.14476544,-0.6299363,-10.202633,186
5,187,-0.1411328,-0.62993604,-10.202629,187
5,188,-0.13631774,-0.6299358,-10.202633,188
5,189,-0.13309413,-0.6299357,-10.202635,189
5,190,-0.13068831,-0.62993574,-10.202639,190
5,191,-0.12645689,-0.62993586,-10.202649,191
5,192,-0.12434163,-0.62993604,-10.202658,192
5,193,-0.1244499,-0.6299364,-10.202663,193
5,194,-0.12891144,-0.6299361,-10.202657,194
5,195,-0.1313833,-0.6299361,-10.202654,195
5,196,-0.13309331,-0.6299362,-10.202652,196
5,197,-0.1343543,-0.62993634,-10.202649,197
5,198,-0.13521212,-0.6299364,-10.202646,198
5,199,-0.13606347,-0.6299371,-10.202652,199
6,0,0.00778926,-0.09738991,-2.3388977,0
6,1,-0.0074097365,-0.23188007,-4.8540535,1
6,2,-0.02820673,-0.39513958,-7.287609,2
6,3,-0.049547415,-0.5260402,-8.953757,3
6,4,-0.066777684,-0.59417,-9.758909,4
6,5,-0.07784878,-0.619265,-10.061654,5
6,6,-0.08265862,-0.62682414,-10.159302,6
6,7,-0.08704908,-0.6289564,-10.188578,7
6,8,-0.09066847,-0.62959075,-10.197748,8
6,9,-0.09416401,-0.6298039,-10.200922,9
6,10,-0.10090511,-0.6298862,-10.202159,10
6,11,-0.10295197,-0.62992334,-10.202734,11
6,12,-0.10398856,-0.62994224,-10.203029,12
6,13,-0.10265928,-0.62995297,-10.203199,13
6,14,-0.10629498,-0.6299592,-10.203294,14
6,15,-0.11131127,-0.62996316,-10.203352,15
6,16,-0.11752748,-0.6299656,-10.203387,16
6,17,-0.11858979,-0.6299672,-10.203417,17
6,18,-0.11702104,-0.6299686,-10.20344,18
6,19,-0.113705724,-0.6299697,-10.203459,19
6,20,-0.114810415,-0.6299705,-10.203471,20
6,21,-0.11632659,-0.6299709,-10.20348,21
6,22,-0.118204184,-0.6299713,-10.2034855,22
6,23,-0.11960413,-0.62997174,-10.203491,23
6,24,-0.12047879,-0.62997186,-10.203493,24
6,25,-0.12313475,-0.6299721,-10.203495,25
6,26,-0.12455281,-0.6299721,-10.203495,26
6,27,-0.1257848,-0.6299723,-10.203495,27
6,28,-0.12786283,-0.6299723,-10.203495,28
6,29,-0.12883818,-0.62997234,-10.203493,29
6,30,-0.12817982,-0.6299724,-10.203494,30
6,31,-0.12711391,-0.62997234,-10.203494,31
6,32,-0.12616654,-0.62997246,-10.203496,32
6,33,-0.12562229,-0.62997246,-10.203498,33
6,34,-0.12319267,-0.6299726,-10.2035,34
6,35,-0.12088777,-0.6299725,-10.203504,35
6,36,-0.11955536,-0.62997264,-10.2035055,36
6,37,-0.11835735,-0.6299727,-10.203509,37
6,38,-0.116323985,-0.6299729,-10.203514,38
6,39,-0.11655805,-0.62997293,-10.203515,39
6,40,-0.117071666,-0.629973,-10.203517,40
6,41,-0.11744817,-0.62997305,-10.203517,41
6,42,-0.12247427,-0.62997293,-10.203513,42
6,43,-0.12506346,-0.62997276,-10.203509,43
6,44,-0.12681028,-0.62997276,-10.203508,44
6,45,-0.12817022,-0.6299726,-10.203505,45
6,46,-0.12899178,-0.62997246,-10.203504,46
6,47,-0.12964477,-0.62997234,-10.2035,47
6,48,-0.12927832,-0.6299721,-10.203499,48
6,49,-0.12774166,-0.62997204,-10.203499,49
6,50,-0.12535915,-0.6299719,-10.203501,50
6,51,-0.123127416,-0.62997204,-10.203504,51
6,52,-0.12141269,-0.62997204,-10.203505,52
6,53,-0.12026564,-0.62997204,-10.203507,53
6,54,-0.11942747,-0.62997216,-10.203508,54
6,55,-0.118917935,-0.6299723,-10.20351,55
6,56,-0.11764518,-0.6299725,-10.203513,56
6,57,-0.11704098,-0.6299726,-10.203514,57
6,58,-0.11673833,-0.62997276,-10.203515,58
6,59,-0.11653566,-0.6299729,-10.203517,59
6,60,-0.11542187,-0.62997305,-10.203519,60
6,61,-0.116499655,-0.6299731,-10.203517,61
6,62,-0.11815033,-0.62997305,-10.203517,62
6,63,-0.117200084,-0.62997323,-10.203518,63
6,64,-0.117125995,-0.62997323,-10.203518,64
6,65,-0.123478904,-0.62997305,-10.203512,65
6,66,-0.12713388,-0.62997276,-10.203505,66
6,67,-0.13036849,-0.62997246,-10.203501,67
6,68,-0.13080238,-0.62997216,-10.203498,68
6,69,-0.13046107,-0.6299719,-10.203495,69
6,70,-0.13010152,-0.6299719,-10.203494,70
6,71,-0.12774543,-0.6299719,-10.203496,71
6,72,-0.12629753,-0.6299719,-10.203496,72
6,73,-0.12495645,-0.629972,-10.203498,73
6,74,-0.121981084,-0.62997204,-10.203501,74
6,75,-0.12103616,-0.6299719,-10.203503,75
6,76,-0.12075272,-0.62997204,-10.203504,76
6,77,-0.120625935,-0.62997216,-10.203504,77
6,78,-0.12130905,-0.6299719,-10.203503,78
6,79,-0.12172957,-0.6299719,-10.203504,79
6,80,-0.1219745,-0.62997174,-10.203504,80
6,81,-0.122268885,-0.6299717,-10.203503,81
6,82,-0.12294505,-0.6299716,-10.203503,82
6,83,-0.12645684,-0.6299715,-10.203498,83
6,84,-0.12776203,-0.6299713,-10.203496,84
6,85,-0.12803935,-0.62997127,-10.203493,85
6,86,-0.12803543,-0.6299712,-10.20349,86
6,87,-0.1279457,-0.629971,-10.203491,87
6,88,-0.12819077,-0.629971,-10.20349,88
6,89,-0.12816323,-0.6299709,-10.203487,89
6,90,-0.12897408,-0.629971,-10.203487,90
6,91,-0.12972936,-0.6299711,-10.2034855,91
6,92,-0.13017868,-0.629971,-10.203483,92
6,93,-0.13017404,-0.62997097,-10.203483,93
6,94,-0.13034669,-0.6299709,-10.203481,94
6,95,-0.1306441,-0.629971,-10.20348,95
6,96,-0.12971708,-0.629971,-10.203481,96
6,97,-0.12906869,-0.62997115,-10.20348,97
6,98,-0.12867384,-0.6299711,-10.203481,98
6,99,-0.12803964,-0.62997115,-10.203481,99
6,100,-0.12761831,-0.62997127,-10.203482,100
6,101,-0.12629363,-0.6299713,-10.203485,101
6,102,-0.12565452,-0.62997127,-10.203486,102
6,103,-0.122536734,-0.62997144,-10.203491,103
6,104,-0.1208731,-0.62997156,-10.203495,104
6,105,-0.11954612,-0.6299717,-10.203498,105
6,106,-0.11817942,-0.6299718,-10.203501,106
6,107,-0.117532484,-0.629972,-10.203504,107
6,108,-0.11742608,-0.6299719,-10.203505,108
6,109,-0.11684793,-0.6299723,-10.203509,109
6,110,-0.11798716,-0.62997234,-10.203509,110
6,111,-0.11929709,-0.6299724,-10.203508,111
6,112,-0.12031125,-0.6299724,-10.203509,112
6,113,-0.120971054,-0.62997234,-10.203508,113
6,114,-0.12248584,-0.62997204,-10.203504,114
6,115,-0.1244373,-0.629972,-10.203503,115
6,116,-0.12538767,-0.6299719,-10.203503,116
6,117,-0.12579314,-0.6299717,-10.2035,117
6,118,-0.12612563,-0.6299716,-10.2035,118
6,119,-0.12625028,-0.6299716,-10.203498,119
6,120,-0.12625615,-0.62997144,-10.203498,120
6,121,-0.12638314,-0.62997144,-10.203496,121
6,122,-0.12639238,-0.6299713,-10.203495,122
6,123,-0.12732632,-0.6299715,-10.203495,123
6,124,-0.12780172,-0.6299715,-10.203494,124
6,125,-0.12834868,-0.62997144,-10.203491,125
6,126,-0.1294289,-0.6299715,-10.20349,126
6,127,-0.1306222,-0.6299713,-10.2034855,127
6,128,-0.13143623,-0.6299713,-10.203483,128
6,129,-0.13154855,-0.6299712,-10.203481,129
6,130,-0.13128369,-0.62997115,-10.20348,130
6,131,-0.13081208,-0.6299713,-10.203481,131
6,132,-0.12975566,-0.62997115,-10.203482,132
6,133,-0.12911293,-0.62997115,-10.203481,133
6,134,-0.12875973,-0.62997115,-10.203482,134
6,135,-0.1267357,-0.6299709,-10.203482,135
6,136,-0.12564415,-0.629971,-10.203485,136
6,137,-0.124736495,-0.6299709,-10.203486,137
6,138,-0.12365469,-0.6299709,-10.203489,138
6,139,-0.12280798,-0.629971,-10.203491,139
6,140,-0.12215465,-0.6299711,-10.203494,140
6,141,-0.12174281,-0.62997115,-10.203496,141
6,142,-0.12086564,-0.6299715,-10.203499,142
6,143,-0.12035499,-0.62997156,-10.2035,143
6,144,-0.12019245,-0.6299718,-10.2035,144
6,145,-0.11992828,-0.62997186,-10.203503,145
6,146,-0.11814371,-0.62997186,-10.203504,146
6,147,-0.11826739,-0.62997186,-10.203503,147
6,148,-0.11928441,-0.6299718,-10.203505,148
6,149,-0.11988089,-0.62997186,-10.2035055,149
6,150,-0.12020771,-0.62997186,-10.203505,150
6,151,-0.12224936,-0.629972,-10.203505,151
6,152,-0.123324245,-0.629972,-10.203505,152
6,153,-0.124259725,-0.629972,-10.203501,153
6,154,-0.125424,-0.62997204,-10.2035,154
6,155,-0.12625936,-0.6299719,-10.203498,155
6,156,-0.126827,-0.6299719,-10.203495,156
6,157,-0.12719038,-0.62997174,-10.203494,157
6,158,-0.12740926,-0.6299717,-10.203493,158
6,159,-0.12736468,-0.62997144,-10.203491,159
6,160,-0.12736838,-0.62997127,-10.20349,160
6,161,-0.12714902,-0.62997115,-10.203491,161
6,162,-0.12679094,-0.629971,-10.20349,162
6,163,-0.12674381,-0.6299709,-10.203489,163
6,164,-0.12635623,-0.629971,-10.203491,164
6,165,-0.1257153,-0.6299709,-10.203491,165
6,166,-0.12522277,-0.629971,-10.203493,166
6,167,-0.12409757,-0.629971,-10.203493,167
6,168,-0.12288644,-0.62997115,-10.203495,168
6,169,-0.12218902,-0.629971,-10.203495,169
6,170,-0.12151276,-0.62997115,-10.203495,170
6,171,-0.12088164,-0.62997127,-10.203496,171
6,172,-0.120041065,-0.6299714,-10.2035,172
6,173,-0.117591426,-0.6299715,-10.203504,173
6,174,-0.11720944,-0.62997144,-10.203505,174
6,175,-0.11940392,-0.6299716,-10.203504,175
6,176,-0.12106773,-0.6299716,-10.203501,176
6,177,-0.12209376,-0.62997156,-10.203503,177
6,178,-0.12500852,-0.62997156,-10.203498,178
6,179,-0.1266234,-0.62997144,-10.203495,179
6,180,-0.12804839,-0.6299713,-10.203491,180
6,181,-0.12933525,-0.62997127,-10.203489,181
6,182,-0.13063586,-0.6299712,-10.203486,182
6,183,-0.13110842,-0.62997127,-10.203485,183
6,184,-0.1307332,-0.62997115,-10.203483,184
6,185,-0.13021033,-0.6299711,-10.203482,185
6,186,-0.12987565,-0.62997115,-10.203482,186
6,187,-0.12798572,-0.629971,-10.203483,187
6,188,-0.12531808,-0.62997115,-10.203486,188
6,189,-0.12375531,-0.62997127,-10.203487,189
6,190,-0.122703746,-0.6299713,-10.203491,190
6,191,-0.12034349,-0.6299716,-10.203496,191
6,192,-0.1193594,-0.62997174,-10.203499,192
6,193,-0.119832836,-0.62997186,-10.2035,193
6,194,-0.122979365,-0.6299719,-10.203498,194
6,195,-0.12473669,-0.62997186,-10.203496,195
6,196,-0.12583406,-0.62997174,-10.203494,196
6,197,-0.12652461,-0.62997174,-10.203494,197
6,198,-0.12692088,-0.6299717,-10.203493,198
6,199,-0.12731858,-0.62997144,-10.20349,199
7,0,0.0008562005,-0.08792563,-1.5343046,0
7,1,-0.018846417,-0.1846401,-2.8559654,1
7,2,-0.03935148,-0.29796064,-4.417263,2
7,3,-0.057623126,-0.40885696,-6.075314,3
7,4,-0.07368799,-0.49972716,-7.5606213,4
7,5,-0.087232575,-0.5616597,-8.683977,5
7,6,-0.097817086,-0.59754944,-9.414765,6
7,7,-0.108371004,-0.6157161,-9.823859,7
7,8,-0.11906897,-0.62395483,-10.029987,8
7,9,-0.12894122,-0.6274499,-10.125938,9
7,10,-0.13821787,-0.62888855,-10.168231,10
7,11,-0.14298837,-0.6294794,-10.186957,11
7,12,-0.14272426,-0.6297326,-10.195286,12
7,13,-0.13788216,-0.6298475,-10.199148,13
7,14,-0.13413818,-0.6299038,-10.201015,14
7,15,-0.13258012,-0.6299336,-10.201988,15
7,16,-0.13362533,-0.6299504,-10.20253,16
7,17,-0.13221936,-0.62996054,-10.202856,17
7,18,-0.1287274,-0.6299669,-10.203065,18
7,19,-0.1239424,-0.629971,-10.203203,19
7,20,-0.12326988,-0.62997395,-10.203297,20
7,21,-0.12401565,-0.6299761,-10.2033615,21
7,22,-0.12616679,-0.6299776,-10.203407,22
7,23,-0.12821944,-0.6299786,-10.203442,23
7,24,-0.1298597,-0.6299795,-10.203467,24
7,25,-0.13370757,-0.62998,-10.2034855,25
7,26,-0.13636018,-0.6299806,-10.2035,26
7,27,-0.13871159,-0.6299811,-10.203512,27
7,28,-0.142081,-0.6299813,-10.20352,28
7,29,-0.1441639,-0.62998146,-10.2035265,29
7,30,-0.14407368,-0.62998176,-10.203534,30
7,31,-0.14302291,-0.6299819,-10.203539,31
7,32,-0.14184092,-0.62998205,-10.203546,32
7,33,-0.14104056,-0.6299821,-10.203551,33
7,34,-0.13812493,-0.62998223,-10.203556,34
7,35,-0.13501108,-0.6299824,-10.203558,35
7,36,-0.13299617,-0.6299825,-10.203562,36
7,37,-0.13132991,-0.6299825,-10.203566,37
7,38,-0.12885576,-0.6299826,-10.203567,38
7,39,-0.12878026,-0.6299826,-10.203569,39
7,40,-0.12938285,-0.6299826,-10.20357,40
7,41,-0.13000494,-0.62998265,-10.20357,41
7,42,-0.13579571,-0.6299827,-10.203568,42
7,43,-0.1397733,-0.62998253,-10.203567,43
7,44,-0.14268982,-0.6299826,-10.203567,44
7,45,-0.14501438,-0.62998265,-10.203565,45
7,46,-0.14660211,-0.6299826,-10.203565,46
7,47,-0.14776956,-0.62998253,-10.203565,47
7,48,-0.14756785,-0.62998253,-10.203565,48
7,49,-0.14567365,-0.6299826,-10.203565,49
7,50,-0.14246498,-0.6299826,-10.203566,50
7,51,-0.13924576,-0.62998253,-10.203568,51
7,52,-0.13670419,-0.6299825,-10.203569,52
7,53,-0.13495736,-0.6299825,-10.203569,53
7,54,-0.13375314,-0.6299825,-10.20357,54
7,55,-0.1329395,-0.6299825,-10.20357,55
7,56,-0.13214888,-0.6299825,-10.203569,56
7,57,-0.13127093,-0.6299825,-10.203569,57
7,58,-0.13082092,-0.6299825,-10.203568,58
7,59,-0.13055801,-0.6299826,-10.203568,59
7,60,-0.12936136,-0.62998253,-10.203568,60
7,61,-0.13040324,-0.62998253,-10.203567,61
7,62,-0.13246752,-0.6299825,-10.203565,62
7,63,-0.13184254,-0.6299825,-10.203565,63
7,64,-0.1317095,-0.6299825,-10.203563,64
7,65,-0.13864748,-0.6299825,-10.203561,65
7,66,-0.14366005,-0.6299824,-10.203558,66
7,67,-0.14824246,-0.62998235,-10.203556,67
7,68,-0.14956751,-0.6299823,-10.203555,68
7,69,-0.14955023,-0.6299822,-10.203552,69
7,70,-0.14920837,-0.62998223,-10.20355,70
7,71,-0.14659923,-0.62998205,-10.20355,71
7,72,-0.14454755,-0.62998205,-10.203551,72
7,73,-0.1426894,-0.62998205,-10.20355,73
7,74,-0.13923177,-0.629982,-10.203552,74
7,75,-0.13726163,-0.629982,-10.203552,75
7,76,-0.13648641,-0.629982,-10.203553,76
7,77,-0.13616799,-0.62998194,-10.203551,77
7,78,-0.13644102,-0.6299819,-10.203552,78
7,79,-0.13698345,-0.6299818,-10.203551,79
7,80,-0.13734247,-0.6299818,-10.203551,80
7,81,-0.13768919,-0.6299818,-10.20355,81
7,82,-0.13854662,-0.62998176,-10.203548,82
7,83,-0.14281043,-0.6299817,-10.203546,83
7,84,-0.14479515,-0.6299816,-10.203543,84
7,85,-0.14540586,-0.6299816,-10.203541,85
7,86,-0.14550085,-0.6299816,-10.203539,86
7,87,-0.14533475,-0.6299816,-10.203539,87
7,88,-0.14553428,-0.62998146,-10.203538,88
7,89,-0.1453493,-0.62998146,-10.203537,89
7,90,-0.1467999,-0.6299814,-10.203537,90
7,91,-0.14821455,-0.6299814,-10.203534,91
7,92,-0.14905594,-0.62998134,-10.203534,92
7,93,-0.14905334,-0.6299814,-10.203533,93
7,94,-0.14899513,-0.6299814,-10.203532,94
7,95,-0.14920433,-0.6299814,-10.203533,95
7,96,-0.1480949,-0.6299814,-10.203533,96
7,97,-0.1471174,-0.62998146,-10.203536,97
7,98,-0.1464332,-0.62998146,-10.203537,98
7,99,-0.14545877,-0.62998146,-10.203537,99
7,100,-0.14476588,-0.62998146,-10.203538,100
7,101,-0.14295599,-0.62998146,-10.203541,101
7,102,-0.14192723,-0.6299815,-10.203542,102
7,103,-0.13833828,-0.6299816,-10.203546,103
7,104,-0.13593568,-0.6299817,-10.203546,104
7,105,-0.13410982,-0.6299816,-10.203548,105
7,106,-0.13240522,-0.6299817,-10.203548,106
7,107,-0.13151994,-0.62998164,-10.203551,107
7,108,-0.13118872,-0.6299816,-10.203548,108
7,109,-0.13105792,-0.6299817,-10.203551,109
7,110,-0.13293143,-0.62998164,-10.203548,110
7,111,-0.13431878,-0.6299817,-10.203547,111
7,112,-0.13568294,-0.62998164,-10.203547,112
7,113,-0.13667633,-0.6299817,-10.203546,113
7,114,-0.13784519,-0.6299818,-10.203546,114
7,115,-0.14036115,-0.6299818,-10.203544,115
7,116,-0.14180282,-0.6299818,-10.203544,116
7,117,-0.142574,-0.6299818,-10.203544,117
7,118,-0.14310038,-0.6299818,-10.203544,118
7,119,-0.1433418,-0.62998176,-10.203544,119
7,120,-0.14341062,-0.62998176,-10.203543,120
7,121,-0.14364336,-0.6299818,-10.203543,121
7,122,-0.14366508,-0.6299818,-10.203542,122
7,123,-0.1451443,-0.62998164,-10.203541,123
7,124,-0.14590389,-0.6299817,-10.203541,124
7,125,-0.1467447,-0.6299817,-10.203539,125
7,126,-0.14839232,-0.6299817,-10.203538,126
7,127,-0.14980946,-0.6299817,-10.203537,127
7,128,-0.1508507,-0.62998164,-10.203537,128
7,129,-0.15095852,-0.6299816,-10.203538,129
7,130,-0.15057816,-0.6299816,-10.203538,130
7,131,-0.15033948,-0.6299816,-10.203537,131
7,132,-0.14873827,-0.6299816,-10.203538,132
7,133,-0.14760463,-0.62998146,-10.203539,133
7,134,-0.14687443,-0.6299816,-10.203541,134
7,135,-0.14360066,-0.6299816,-10.203542,135
7,136,-0.14170884,-0.6299815,-10.203543,136
7,137,-0.14019467,-0.6299815,-10.203544,137
7,138,-0.13855557,-0.62998146,-10.203546,138
7,139,-0.13763078,-0.62998146,-10.203546,139
7,140,-0.13694409,-0.62998146,-10.203546,140
7,141,-0.13652128,-0.62998146,-10.203544,141
7,142,-0.13651823,-0.62998134,-10.203543,142
7,143,-0.136145,-0.6299814,-10.203542,143
7,144,-0.13612059,-0.62998146,-10.203542,144
7,145,-0.13633424,-0.6299814,-10.203539,145
7,146,-0.13362272,-0.62998146,-10.203541,146
7,147,-0.13254914,-0.6299815,-10.203542,147
7,148,-0.1337536,-0.6299814,-10.203542,148
7,149,-0.13463533,-0.6299814,-10.203542,149
7,150,-0.13528237,-0.62998146,-10.203541,150
7,151,-0.13853113,-0.62998146,-10.203537,151
7,152,-0.14029701,-0.62998134,-10.203536,152
7,153,-0.14182536,-0.62998146,-10.203534,153
7,154,-0.14363116,-0.62998146,-10.203532,154
7,155,-0.1446834,-0.62998146,-10.203529,155
7,156,-0.1453739,-0.62998134,-10.203531,156
7,157,-0.14575337,-0.62998146,-10.203531,157
7,158,-0.14599955,-0.6299814,-10.203531,158
7,159,-0.14503476,-0.62998146,-10.203531,159
7,160,-0.14478393,-0.62998146,-10.203532,160
7,161,-0.14432114,-0.62998146,-10.203533,161
7,162,-0.14362742,-0.6299814,-10.203536,162
7,163,-0.14369106,-0.6299814,-10.203536,163
7,164,-0.14331725,-0.6299812,-10.203534,164
7,165,-0.14266275,-0.6299813,-10.203533,165
7,166,-0.14203537,-0.6299812,-10.203534,166
7,167,-0.14087139,-0.6299813,-10.203536,167
7,168,-0.13922134,-0.62998116,-10.203533,168
7,169,-0.13813816,-0.62998116,-10.203534,169
7,170,-0.13708545,-0.6299813,-10.203536,170
7,171,-0.13612087,-0.62998116,-10.203534,171
7,172,-0.13506849,-0.62998134,-10.203536,172
7,173,-0.13228273,-0.6299813,-10.203536,173
7,174,-0.13138053,-0.62998134,-10.203537,174
7,175,-0.13355128,-0.6299813,-10.203537,175
7,176,-0.13558276,-0.6299813,-10.203534,176
7,177,-0.137018,-0.6299813,-10.203533,177
7,178,-0.1405529,-0.62998116,-10.203532,178
7,179,-0.14287458,-0.6299813,-10.203529,179
7,180,-0.14492597,-0.6299813,-10.203527,180
7,181,-0.14677006,-0.6299813,-10.203527,181
7,182,-0.14881611,-0.6299812,-10.2035265,182
7,183,-0.14983694,-0.6299813,-10.203525,183
7,184,-0.14955236,-0.6299813,-10.2035265,184
7,185,-0.14885013,-0.6299813,-10.203527,185
7,186,-0.14825998,-0.62998116,-10.203528,186
7,187,-0.14579801,-0.6299813,-10.203529,187
7,188,-0.14267035,-0.6299813,-10.203532,188
7,189,-0.14044395,-0.6299813,-10.203533,189
7,190,-0.13897498,-0.6299813,-10.203534,190
7,191,-0.13658231,-0.6299813,-10.203536,191
7,192,-0.13532391,-0.62998134,-10.203536,192
7,193,-0.13554424,-0.6299813,-10.203537,193
7,194,-0.13914849,-0.6299813,-10.203534,194
7,195,-0.14162464,-0.6299813,-10.203533,195
7,196,-0.14324452,-0.6299813,-10.203533,196
7,197,-0.14434858,-0.62998134,-10.203531,197
7,198,-0.14509241,-0.6299813,-10.203532,198
7,199,-0.14486355,-0.6299813,-10.203533,199
8,0,0.0013654776,-0.09754384,-1.8133786,0
8,1,-0.019256335,-0.21227707,-3.6804903,1
8,2,-0.041654937,-0.34939378,-5.8480177,2
8,3,-0.062256373,-0.47796944,-7.8536816,3
8,4,-0.08162204,-0.5646669,-9.183966,4
8,5,-0.09832186,-0.60691905,-9.833369,5
8,6,-0.10769612,-0.62276036,-10.083388,6
8,7,-0.113818854,-0.6277465,-10.164581,7
8,8,-0.11356541,-0.6292254,-10.189822,8
8,9,-0.109634146,-0.6296838,-10.197992,9
8,10,-0.110291444,-0.6298427,-10.200896,10
8,11,-0.105661124,-0.6299057,-10.202113,11
8,12,-0.101510674,-0.6299346,-10.202686,12
8,13,-0.09595955,-0.6299495,-10.202994,13
8,14,-0.09889722,-0.6299583,-10.203162,14
8,15,-0.10506098,-0.62996364,-10.203266,15
8,16,-0.11367236,-0.6299671,-10.203327,16
8,17,-0.11522213,-0.6299692,-10.203374,17
8,18,-0.113162145,-0.6299706,-10.203407,18
8,19,-0.10882269,-0.6299717,-10.203435,19
8,20,-0.110877566,-0.62997264,-10.203454,20
8,21,-0.11369367,-0.62997335,-10.203468,21
8,22,-0.11652745,-0.6299739,-10.203478,22
8,23,-0.11912316,-0.6299743,-10.203486,23
8,24,-0.12111304,-0.6299746,-10.203491,24
8,25,-0.12576567,-0.6299749,-10.203496,25
8,26,-0.12944502,-0.6299749,-10.203498,26
8,27,-0.13263501,-0.6299751,-10.203498,27
8,28,-0.13702942,-0.62997496,-10.203496,28
8,29,-0.14004704,-0.6299749,-10.203496,29
8,30,-0.14044113,-0.6299747,-10.203495,30
8,31,-0.1399934,-0.6299746,-10.203495,31
8,32,-0.1393756,-0.6299744,-10.203495,32
8,33,-0.13912486,-0.62997437,-10.203495,33
8,34,-0.13595587,-0.6299743,-10.203498,34
8,35,-0.13266619,-0.62997425,-10.2035,35
8,36,-0.13081063,-0.6299743,-10.2035,36
8,37,-0.12916413,-0.6299743,-10.203504,37
8,38,-0.12626435,-0.6299745,-10.2035055,38
8,39,-0.12666495,-0.62997454,-10.203508,39
8,40,-0.12745628,-0.6299746,-10.203508,40
8,41,-0.12803479,-0.6299748,-10.203512,41
8,42,-0.13556701,-0.62997496,-10.203509,42
8,43,-0.13918053,-0.62997496,-10.203507,43
8,44,-0.14141865,-0.6299749,-10.2035055,44
8,45,-0.14300153,-0.6299749,-10.203503,45
8,46,-0.14369202,-0.62997484,-10.203501,46
8,47,-0.14399774,-0.62997466,-10.203498,47
8,48,-0.1425356,-0.6299746,-10.203495,48
8,49,-0.13915107,-0.6299744,-10.203495,49
8,50,-0.13449037,-0.6299745,-10.203494,50
8,51,-0.1300714,-0.62997437,-10.203495,51
8,52,-0.12657848,-0.62997454,-10.203496,52
8,53,-0.12424709,-0.6299746,-10.203498,53
8,54,-0.12269645,-0.6299748,-10.203499,54
8,55,-0.12189889,-0.6299749,-10.2035,55
8,56,-0.120359674,-0.6299749,-10.203504,56
8,57,-0.12083748,-0.6299749,-10.203504,57
8,58,-0.12166194,-0.62997496,-10.2035055,58
8,59,-0.122588724,-0.629975,-10.203507,59
8,60,-0.12219007,-0.62997496,-10.203508,60
8,61,-0.124792024,-0.6299751,-10.203509,61
8,62,-0.1281344,-0.629975,-10.203509,62
8,63,-0.12776364,-0.62997496,-10.20351,63
8,64,-0.12856802,-0.6299749,-10.203512,64
8,65,-0.13905609,-0.6299751,-10.203508,65
8,66,-0.14462417,-0.6299751,-10.2035055,66
8,67,-0.14842586,-0.62997496,-10.203504,67
8,68,-0.1480506,-0.6299748,-10.203499,68
8,69,-0.14681114,-0.62997454,-10.203496,69
8,70,-0.14571208,-0.6299743,-10.203494,70
8,71,-0.14176677,-0.62997407,-10.203493,71
8,72,-0.13963497,-0.62997395,-10.203491,72
8,73,-0.13771743,-0.6299739,-10.203491,73
8,74,-0.13347323,-0.62997365,-10.203491,74
8,75,-0.13239191,-0.62997377,-10.203495,75
8,76,-0.13145259,-0.62997377,-10.203494,76
8,77,-0.13060498,-0.6299739,-10.203495,77
8,78,-0.13097493,-0.629974,-10.203494,78
8,79,-0.13006726,-0.62997407,-10.203495,79
8,80,-0.12909852,-0.6299741,-10.203496,80
8,81,-0.12831621,-0.6299742,-10.203496,81
8,82,-0.12798022,-0.6299743,-10.203495,82
8,83,-0.13206337,-0.6299746,-10.203493,83
8,84,-0.1333005,-0.62997454,-10.203489,84
8,85,-0.13291831,-0.62997454,-10.203489,85
8,86,-0.13210265,-0.6299746,-10.203486,86
8,87,-0.13130538,-0.62997454,-10.203485,87
8,88,-0.13108297,-0.6299746,-10.203481,88
8,89,-0.13069591,-0.6299745,-10.203478,89
8,90,-0.13148595,-0.6299744,-10.203477,90
8,91,-0.1336157,-0.62997437,-10.203473,91
8,92,-0.13565119,-0.6299742,-10.203471,92
8,93,-0.1367246,-0.62997407,-10.203468,93
8,94,-0.13759658,-0.6299739,-10.203468,94
8,95,-0.13840324,-0.6299738,-10.203467,95
8,96,-0.1374294,-0.62997365,-10.203467,96
8,97,-0.13730635,-0.6299735,-10.203467,97
8,98,-0.13739617,-0.6299734,-10.203467,98
8,99,-0.13700989,-0.62997335,-10.203467,99
8,100,-0.13689645,-0.6299733,-10.203468,100
8,101,-0.13539053,-0.6299732,-10.203471,101
8,102,-0.13495585,-0.6299732,-10.203471,102
8,103,-0.1307484,-0.6299732,-10.203475,103
8,104,-0.12842901,-0.6299733,-10.20348,104
8,105,-0.12657924,-0.6299734,-10.203481,105
8,106,-0.12461213,-0.62997353,-10.203485,106
8,107,-0.12361357,-0.6299736,-10.203486,107
8,108,-0.123356536,-0.62997377,-10.20349,108
8,109,-0.122236736,-0.6299739,-10.203494,109
8,110,-0.1243795,-0.62997395,-10.203495,110
8,111,-0.12751837,-0.62997407,-10.203495,111
8,112,-0.12940662,-0.62997425,-10.203498,112
8,113,-0.13053416,-0.62997437,-10.203498,113
8,114,-0.13279645,-0.62997437,-10.203498,114
8,115,-0.1345331,-0.62997437,-10.203498,115
8,116,-0.13475356,-0.62997454,-10.203498,116
8,117,-0.13434902,-0.62997454,-10.203498,117
8,118,-0.13399133,-0.6299745,-10.203495,118
8,119,-0.1333614,-0.62997454,-10.203495,119
8,120,-0.13265622,-0.62997454,-10.203493,120
8,121,-0.13232303,-0.62997454,-10.203491,121
8,122,-0.13211206,-0.6299745,-10.203491,122
8,123,-0.13345365,-0.6299745,-10.203489,123
8,124,-0.13494258,-0.6299743,-10.203486,124
8,125,-0.13649185,-0.62997425,-10.203485,125
8,126,-0.13896379,-0.6299742,-10.203481,126
8,127,-0.14186834,-0.6299741,-10.20348,127
8,128,-0.14334314,-0.62997395,-10.203477,128
8,129,-0.14356115,-0.62997377,-10.203475,129
8,130,-0.1430765,-0.6299736,-10.203472,130
8,131,-0.14254287,-0.62997335,-10.203471,131
8,132,-0.14183278,-0.6299731,-10.20347,132
8,133,-0.14101426,-0.62997305,-10.203471,133
8,134,-0.14040205,-0.629973,-10.20347,134
8,135,-0.13694486,-0.629973,-10.20347,135
8,136,-0.13366234,-0.6299731,-10.203472,136
8,137,-0.1308885,-0.62997305,-10.203473,137
8,138,-0.12804729,-0.6299733,-10.203476,138
8,139,-0.1255322,-0.6299734,-10.203478,139
8,140,-0.12397894,-0.62997353,-10.20348,140
8,141,-0.123117946,-0.6299737,-10.20348,141
8,142,-0.121760115,-0.62997377,-10.203482,142
8,143,-0.12237306,-0.6299739,-10.203483,143
8,144,-0.12337653,-0.62997395,-10.203485,144
8,145,-0.12418865,-0.6299739,-10.2034855,145
8,146,-0.123033255,-0.62997407,-10.203487,146
8,147,-0.123082936,-0.6299741,-10.20349,147
8,148,-0.12305416,-0.6299743,-10.203491,148
8,149,-0.123281464,-0.6299743,-10.203494,149
8,150,-0.12347005,-0.6299744,-10.203495,150
8,151,-0.1262902,-0.62997454,-10.203495,151
8,152,-0.12916268,-0.6299744,-10.203495,152
8,153,-0.13174745,-0.6299744,-10.203495,153
8,154,-0.13464051,-0.62997437,-10.203491,154
8,155,-0.13717014,-0.62997437,-10.203491,155
8,156,-0.13878705,-0.6299743,-10.20349,156
8,157,-0.13973352,-0.6299741,-10.203491,157
8,158,-0.14020018,-0.62997407,-10.203487,158
8,159,-0.13995013,-0.6299739,-10.203486,159
8,160,-0.13814965,-0.62997395,-10.203489,160
8,161,-0.13619347,-0.6299739,-10.203487,161
8,162,-0.13422097,-0.6299739,-10.203487,162
8,163,-0.13258818,-0.62997395,-10.203486,163
8,164,-0.13110532,-0.62997395,-10.203486,164
8,165,-0.12952997,-0.62997395,-10.2034855,165
8,166,-0.12842964,-0.62997395,-10.203485,166
8,167,-0.12650885,-0.62997395,-10.203485,167
8,168,-0.1247982,-0.62997395,-10.2034855,168
8,169,-0.1236896,-0.62997407,-10.2034855,169
8,170,-0.122620024,-0.62997407,-10.203487,170
8,171,-0.12156296,-0.6299742,-10.203489,171
8,172,-0.12012378,-0.6299743,-10.20349,172
8,173,-0.11663055,-0.6299743,-10.203494,173
8,174,-0.11584651,-0.62997437,-10.203496,174
8,175,-0.11858993,-0.62997466,-10.203496,175
8,176,-0.121129565,-0.6299747,-10.203496,176
8,177,-0.12289626,-0.62997484,-10.203495,177
8,178,-0.12744246,-0.62997496,-10.203494,178
8,179,-0.13046157,-0.62997496,-10.203493,179
8,180,-0.13310607,-0.6299749,-10.203491,180
8,181,-0.1354853,-0.6299749,-10.203486,181
8,182,-0.1378341,-0.62997466,-10.203485,182
8,183,-0.13920252,-0.6299745,-10.203482,183
8,184,-0.13933669,-0.6299743,-10.20348,184
8,185,-0.13901582,-0.6299741,-10.203477,185
8,186,-0.13879997,-0.62997395,-10.203476,186
8,187,-0.13612308,-0.62997377,-10.203477,187
8,188,-0.13226995,-0.62997365,-10.203478,188
8,189,-0.13062203,-0.6299736,-10.203481,189
8,190,-0.12965597,-0.62997353,-10.203481,190
8,191,-0.1267723,-0.6299735,-10.203485,191
8,192,-0.12635376,-0.6299735,-10.2034855,192
8,193,-0.12793887,-0.6299736,-10.203487,193
8,194,-0.13321164,-0.62997377,-10.203486,194
8,195,-0.13644615,-0.62997365,-10.203487,195
8,196,-0.13850924,-0.62997365,-10.2034855,196
8,197,-0.13962463,-0.6299737,-10.203486,197
8,198,-0.14012118,-0.62997365,-10.203485,198
8,199,-0.140362,-0.6299736,-10.2034855,199
9,0,0.012578602,-0.14343184,-3.07615,0
9,1,0.009349917,-0.32622886,-6.2173014,1
9,2,0.0033259029,-0.49182916,-8.515859,2
9,3,-0.004455856,-0.5834799,-9.628335,3
9,4,-0.018360646,-0.6169866,-10.029448,4
9,5,-0.034870464,-0.62652844,-10.152658,5
9,6,-0.04674097,-0.6289953,-10.188098,6
9,7,-0.06691246,-0.62964994,-10.198205,7
9,8,-0.08338627,-0.62984776,-10.201429,8
9,9,-0.095604874,-0.6299175,-10.202605,9
9,10,-0.10456626,-0.6299462,-10.203098,10
9,11,-0.1115239,-0.62995976,-10.20333,11
9,12,-0.11708159,-0.6299671,-10.203453,12
9,13,-0.12209821,-0.6299713,-10.203525,13
9,14,-0.12599005,-0.62997395,-10.203568,14
9,15,-0.12947163,-0.6299755,-10.203595,15
9,16,-0.13235435,-0.6299768,-10.203614,16
9,17,-0.13408482,-0.62997746,-10.203627,17
9,18,-0.13561097,-0.6299781,-10.203635,18
9,19,-0.13781202,-0.6299784,-10.203642,19
9,20,-0.13971195,-0.62997884,-10.203649,20
9,21,-0.1405966,-0.6299791,-10.203651,21
9,22,-0.14107062,-0.6299794,-10.203654,22
9,23,-0.14149587,-0.6299795,-10.203656,23
9,24,-0.14071941,-0.62997955,-10.20366,24
9,25,-0.14162752,-0.6299797,-10.203663,25
9,26,-0.14220694,-0.62997985,-10.203664,26
9,27,-0.1429865,-0.62997985,-10.203665,27
9,28,-0.14452724,-0.62997985,-10.203666,28
9,29,-0.14522043,-0.6299801,-10.203665,29
9,30,-0.14580785,-0.6299801,-10.203669,30
9,31,-0.14567117,-0.62997997,-10.203668,31
9,32,-0.14505184,-0.6299801,-10.203669,32
9,33,-0.1444835,-0.62998015,-10.203669,33
9,34,-0.14375666,-0.6299802,-10.20367,34
9,35,-0.14329436,-0.62998027,-10.203669,35
9,36,-0.1397072,-0.62998027,-10.203673,36
9,37,-0.1394262,-0.6299804,-10.203674,37
9,38,-0.13966683,-0.6299804,-10.203677,38
9,39,-0.14002486,-0.62998044,-10.203678,39
9,40,-0.1413812,-0.62998044,-10.203678,40
9,41,-0.14364687,-0.62998044,-10.203679,41
9,42,-0.14415683,-0.62998044,-10.203679,42
9,43,-0.14383742,-0.6299804,-10.203679,43
9,44,-0.14330532,-0.6299804,-10.203679,44
9,45,-0.14291573,-0.62998044,-10.203678,45
9,46,-0.14059873,-0.62998044,-10.20368,46
9,47,-0.13868245,-0.6299804,-10.20368,47
9,48,-0.13747859,-0.62998027,-10.203682,48
9,49,-0.1361596,-0.62998027,-10.203682,49
9,50,-0.13512115,-0.62998027,-10.203683,50
9,51,-0.13438882,-0.62998027,-10.203684,51
9,52,-0.13153215,-0.62998044,-10.203684,52
9,53,-0.13068147,-0.6299804,-10.203687,53
9,54,-0.13190812,-0.6299805,-10.203689,54
9,55,-0.13283233,-0.62998044,-10.203688,55
9,56,-0.13344331,-0.62998044,-10.20369,56
9,57,-0.13340011,-0.62998044,-10.2036915,57
9,58,-0.13273911,-0.6299804,-10.2036915,58
9,59,-0.13201603,-0.62998044,-10.20369,59
9,60,-0.13117829,-0.62998044,-10.203693,60
9,61,-0.13062553,-0.6299804,-10.203693,61
9,62,-0.13007447,-0.6299804,-10.2036915,62
9,63,-0.13213469,-0.62998015,-10.203692,63
9,64,-0.13303462,-0.62998027,-10.203689,64
9,65,-0.13190988,-0.62998027,-10.20369,65
9,66,-0.13561775,-0.62998015,-10.203687,66
9,67,-0.13804711,-0.62998015,-10.203684,67
9,68,-0.13957882,-0.62998015,-10.203683,68
9,69,-0.14080086,-0.6299802,-10.203678,69
9,70,-0.14179689,-0.62998015,-10.203679,70
9,71,-0.14238724,-0.62998,-10.203675,71
9,72,-0.14276287,-0.62998015,-10.203675,72
9,73,-0.14371413,-0.6299801,-10.203673,73
9,74,-0.14424843,-0.62997997,-10.203673,74
9,75,-0.14509326,-0.62997997,-10.203672,75
9,76,-0.1474009,-0.62997985,-10.2036705,76
9,77,-0.14827521,-0.62997997,-10.203668,77
9,78,-0.14850621,-0.6299798,-10.203666,78
9,79,-0.14744128,-0.62997985,-10.203665,79
9,80,-0.14483944,-0.62997985,-10.203665,80
9,81,-0.14307863,-0.6299798,-10.203665,81
9,82,-0.14197601,-0.6299798,-10.203666,82
9,83,-0.13769343,-0.6299799,-10.203669,83
9,84,-0.13567486,-0.62997985,-10.20367,84
9,85,-0.13390467,-0.6299799,-10.203672,85
9,86,-0.13281482,-0.62997985,-10.203675,86
9,87,-0.13095489,-0.62997997,-10.203678,87
9,88,-0.13142301,-0.62997997,-10.203678,88
9,89,-0.13231395,-0.6299801,-10.20368,89
9,90,-0.13299185,-0.62997997,-10.203682,90
9,91,-0.13539772,-0.62998,-10.203683,91
9,92,-0.13693738,-0.6299801,-10.203683,92
9,93,-0.13837256,-0.6299801,-10.203684,93
9,94,-0.14083484,-0.62998015,-10.203683,94
9,95,-0.14318675,-0.62998,-10.203679,95
9,96,-0.14606231,-0.62997997,-10.203675,96
9,97,-0.1477883,-0.6299797,-10.203674,97
9,98,-0.14911623,-0.6299796,-10.203672,98
9,99,-0.15089607,-0.62997943,-10.203669,99
9,100,-0.15041445,-0.62997943,-10.203666,100
9,101,-0.14956059,-0.6299793,-10.203665,101
9,102,-0.14880134,-0.62997913,-10.203661,102
9,103,-0.14376491,-0.62997925,-10.203663,103
9,104,-0.14087431,-0.6299791,-10.203665,104
9,105,-0.13847831,-0.62997895,-10.203666,105
9,106,-0.1348736,-0.62997884,-10.203669,106
9,107,-0.13573964,-0.62997895,-10.20367,107
9,108,-0.13716964,-0.62997884,-10.20367,108
9,109,-0.13874781,-0.6299787,-10.20367,109
9,110,-0.14340003,-0.6299788,-10.203668,110
9,111,-0.14230983,-0.62997884,-10.203668,111
9,112,-0.1399652,-0.62997895,-10.203668,112
9,113,-0.13501662,-0.62997895,-10.203672,113
9,114,-0.13536339,-0.62997884,-10.203672,114
9,115,-0.13766009,-0.62997884,-10.203672,115
9,116,-0.14200269,-0.6299788,-10.2036705,116
9,117,-0.14142254,-0.62997884,-10.2036705,117
9,118,-0.13837713,-0.62997895,-10.20367,118
9,119,-0.13364287,-0.62997895,-10.203672,119
9,120,-0.13366745,-0.6299789,-10.203673,120
9,121,-0.13413955,-0.62997895,-10.203678,121
9,122,-0.13601266,-0.6299791,-10.203677,122
9,123,-0.13734835,-0.6299791,-10.203677,123
9,124,-0.13817339,-0.62997913,-10.203677,124
9,125,-0.14143914,-0.629979,-10.203673,125
9,126,-0.14285827,-0.62997913,-10.203672,126
9,127,-0.14427887,-0.62997913,-10.2036705,127
9,128,-0.14682576,-0.6299791,-10.203666,128
9,129,-0.14785501,-0.6299791,-10.203665,129
9,130,-0.14703879,-0.62997913,-10.203661,130
9,131,-0.14570071,-0.62997913,-10.20366,131
9,132,-0.14449407,-0.629979,-10.20366,132
9,133,-0.14375891,-0.629979,-10.203661,133
9,134,-0.14085224,-0.629979,-10.203661,134
9,135,-0.13819163,-0.62997913,-10.203663,135
9,136,-0.1366113,-0.6299791,-10.203664,136
9,137,-0.13517112,-0.629979,-10.203665,137
9,138,-0.13280897,-0.62997913,-10.203666,138
9,139,-0.1329968,-0.6299791,-10.203666,139
9,140,-0.13351269,-0.6299791,-10.203669,140
9,141,-0.13394241,-0.629979,-10.203669,141
9,142,-0.13953081,-0.62997895,-10.203666,142
9,143,-0.14260669,-0.6299791,-10.203665,143
9,144,-0.14483526,-0.6299791,-10.203665,144
9,145,-0.1465818,-0.62997913,-10.203661,145
9,146,-0.14768988,-0.62997913,-10.20366,146
9,147,-0.14851992,-0.62997913,-10.203659,147
9,148,-0.14812915,-0.62997895,-10.203656,148
9,149,-0.14635955,-0.62997913,-10.203659,149
9,150,-0.14357585,-0.6299791,-10.20366,150
9,151,-0.1410313,-0.6299791,-10.203663,151
9,152,-0.13918975,-0.6299791,-10.203664,152
9,153,-0.1380118,-0.62997913,-10.203665,153
9,154,-0.13721798,-0.62997913,-10.203668,154
9,155,-0.13668054,-0.62997913,-10.203669,155
9,156,-0.13616721,-0.6299791,-10.203669,156
9,157,-0.13529001,-0.6299791,-10.20367,157
9,158,-0.13485655,-0.6299789,-10.2036705,158
9,159,-0.13456877,-0.62997884,-10.20367,159
9,160,-0.13318756,-0.62997895,-10.203672,160
9,161,-0.1342487,-0.62997895,-10.2036705,161
9,162,-0.1360975,-0.62997884,-10.203668,162
9,163,-0.13487837,-0.62997884,-10.203666,163
9,164,-0.13445038,-0.62997884,-10.203666,164
9,165,-0.14118584,-0.62997866,-10.203663,165
9,166,-0.1451438,-0.6299786,-10.203658,166
9,167,-0.14921018,-0.6299786,-10.203654,167
9,168,-0.14986646,-0.62997854,-10.203653,168
9,169,-0.1494857,-0.62997854,-10.203649,169
9,170,-0.14893375,-0.62997836,-10.203649,170
9,171,-0.14608996,-0.62997836,-10.203646,171
9,172,-0.14413054,-0.6299782,-10.203646,172
9,173,-0.1422799,-0.62997806,-10.203646,173
9,174,-0.13867672,-0.62997806,-10.203645,174
9,175,-0.13681085,-0.629978,-10.203649,175
9,176,-0.13617264,-0.629978,-10.2036495,176
9,177,-0.1358709,-0.62997806,-10.203651,177
9,178,-0.13600788,-0.629978,-10.20365,178
9,179,-0.13660863,-0.62997806,-10.203654,179
9,180,-0.13692513,-0.62997806,-10.203651,180
9,181,-0.13721491,-0.6299781,-10.203654,181
9,182,-0.13817637,-0.6299781,-10.203656,182
9,183,-0.14285503,-0.629978,-10.203655,183
9,184,-0.14441238,-0.629978,-10.203653,184
9,185,-0.14490183,-0.629978,-10.203654,185
9,186,-0.14509031,-0.62997806,-10.203651,186
9,187,-0.14508036,-0.62997794,-10.203653,187
9,188,-0.14554846,-0.62997794,-10.20365,188
9,189,-0.1454843,-0.62997794,-10.203651,189
9,190,-0.14731738,-0.6299779,-10.2036495,190
9,191,-0.1484619,-0.6299777,-10.203647,191
9,192,-0.14892949,-0.62997764,-10.203646,192
9,193,-0.14869714,-0.62997776,-10.203642,193
9,194,-0.14867859,-0.62997764,-10.203645,194
9,195,-0.14894862,-0.62997764,-10.203641,195
9,196,-0.147711,-0.6299778,-10.20364,196
9,197,-0.14673528,-0.6299777,-10.20364,197
9,198,-0.1460634,-0.62997776,-10.203639,198
9,199,-0.14506538,-0.6299777,-10.203639,199
10,0,0.0020437879,-0.060066883,-1.2562766,0
10,1,-0.01592211,-0.095870115,-1.9251286,1
10,2,-0.03424325,-0.12635021,-2.5410652,2
10,3,-0.0506167,-0.15482089,-3.2083538,3
10,4,-0.06553977,-0.183134,-3.8991492,4
10,5,-0.07830201,-0.2129906,-4.5966325,5
10,6,-0.08836483,-0.24578993,-5.305759,6
10,7,-0.097741194,-0.27975205,-5.9493866,7
10,8,-0.105816156,-0.31462613,-6.530855,8
10,9,-0.113136135,-0.34942552,-7.0523086,9
10,10,-0.12162856,-0.3832058,-7.4976516,10
10,11,-0.1278843,-0.41668382,-7.9261622,11
10,12,-0.13342595,-0.4491657,-8.329578,12
10,13,-0.13715824,-0.4811088,-8.713381,13
10,14,-0.14327364,-0.51079065,-9.038383,14
10,15,-0.15090379,-0.5375771,-9.31086,15
10,16,-0.16071372,-0.56064403,-9.532934,16
10,17,-0.16856858,-0.57991016,-9.720156,17
10,18,-0.17464761,-0.59527296,-9.869577,18
10,19,-0.17860049,-0.6070255,-9.98281,19
10,20,-0.18482918,-0.6153945,-10.06061,20
10,21,-0.191587,-0.6210084,-10.113147,21
10,22,-0.19837606,-0.62459576,-10.147094,22
10,23,-0.20396529,-0.62677115,-10.168351,23
10,24,-0.20772469,-0.6280537,-10.181415,24
10,25,-0.21102777,-0.6288042,-10.189264,25
10,26,-0.21133736,-0.62923837,-10.194092,26
10,27,-0.20979789,-0.6294951,-10.197089,27
10,28,-0.20782068,-0.62965095,-10.1989765,28
10,29,-0.2040134,-0.6297475,-10.200213,29
10,30,-0.19809094,-0.6298096,-10.2010565,30
10,31,-0.19166139,-0.62985057,-10.20164,31
10,32,-0.18560897,-0.6298785,-10.202051,32
10,33,-0.18049501,-0.6298982,-10.202346,33
10,34,-0.17344859,-0.6299125,-10.202573,34
10,35,-0.16672671,-0.6299232,-10.202743,35
10,36,-0.1615896,-0.62993133,-10.20287,36
10,37,-0.15701492,-0.62993765,-10.202969,37
10,38,-0.15161146,-0.6299426,-10.203049,38
10,39,-0.14968626,-0.62994635,-10.203106,39
10,40,-0.14866945,-0.6299494,-10.203155,40
10,41,-0.14792445,-0.6299518,-10.203189,41
10,42,-0.15432255,-0.62995315,-10.203208,42
10,43,-0.15827969,-0.6299543,-10.203228,43
10,44,-0.16149166,-0.62995523,-10.203246,44
10,45,-0.16434295,-0.6299559,-10.2032585,45
10,46,-0.16647108,-0.62995636,-10.20327,46
10,47,-0.1682946,-0.6299569,-10.203278,47
10,48,-0.16857551,-0.6299572,-10.203288,48
10,49,-0.16690144,-0.62995756,-10.203299,49
10,50,-0.16358705,-0.62995803,-10.203315,50
10,51,-0.16009796,-0.6299586,-10.203326,51
10,52,-0.15710963,-0.6299591,-10.203339,52
10,53,-0.15480332,-0.6299596,-10.203348,53
10,54,-0.15294242,-0.62995994,-10.203358,54
10,55,-0.15154785,-0.62996036,-10.203363,55
10,56,-0.14947738,-0.62996095,-10.203371,56
10,57,-0.14759229,-0.6299613,-10.203372,57
10,58,-0.1463424,-0.62996155,-10.203372,58
10,59,-0.14529438,-0.6299616,-10.203371,59
10,60,-0.14295472,-0.6299619,-10.203371,60
10,61,-0.14372896,-0.62996185,-10.203366,61
10,62,-0.14547098,-0.6299618,-10.20336,62
10,63,-0.14358851,-0.62996185,-10.203357,63
10,64,-0.14278051,-0.6299618,-10.203353,64
10,65,-0.15147412,-0.6299612,-10.203336,65
10,66,-0.15755121,-0.62996024,-10.203326,66
10,67,-0.16360702,-0.6299595,-10.203315,67
10,68,-0.16580471,-0.6299591,-10.203308,68
10,69,-0.16663739,-0.62995857,-10.203302,69
10,70,-0.1671066,-0.6299581,-10.203299,70
10,71,-0.16421351,-0.629958,-10.203297,71
10,72,-0.16207477,-0.6299578,-10.203293,72
10,73,-0.15979809,-0.62995774,-10.203291,73
10,74,-0.15483466,-0.629958,-10.203291,74
10,75,-0.15253769,-0.62995774,-10.203287,75
10,76,-0.15145871,-0.62995774,-10.203284,76
10,77,-0.15077868,-0.62995774,-10.203286,77
10,78,-0.15161654,-0.6299573,-10.203283,78
10,79,-0.15260676,-0.62995726,-10.203283,79
10,80,-0.15351397,-0.62995714,-10.203283,80
10,81,-0.1547079,-0.62995684,-10.203283,81
10,82,-0.15671094,-0.6299566,-10.203282,82
10,83,-0.16342406,-0.62995607,-10.203275,83
10,84,-0.16705044,-0.62995553,-10.20327,84
10,85,-0.16935119,-0.629955,-10.203266,85
10,86,-0.17108831,-0.6299546,-10.203264,86
10,87,-0.17241737,-0.62995416,-10.203259,87
10,88,-0.1740255,-0.6299538,-10.203256,88
10,89,-0.17503619,-0.62995327,-10.203254,89
10,90,-0.17705384,-0.62995327,-10.20325,90
10,91,-0.17837954,-0.6299531,-10.203245,91
10,92,-0.17911114,-0.6299528,-10.203239,92
10,93,-0.17914847,-0.6299524,-10.203233,93
10,94,-0.1793696,-0.6299521,-10.203228,94
10,95,-0.17980917,-0.62995195,-10.203225,95
10,96,-0.17808513,-0.6299521,-10.203226,96
10,97,-0.17659448,-0.629952,-10.203225,97
10,98,-0.17535502,-0.6299521,-10.203225,98
10,99,-0.17365482,-0.6299524,-10.203228,99
10,100,-0.17229305,-0.6299524,-10.20323,100
10,101,-0.16940545,-0.6299527,-10.203235,101
10,102,-0.16762733,-0.6299531,-10.203237,102
10,103,-0.16217297,-0.62995356,-10.203246,103
10,104,-0.15851566,-0.62995416,-10.203254,104
10,105,-0.15529354,-0.62995464,-10.2032585,105
10,106,-0.15205945,-0.6299551,-10.203266,106
10,107,-0.14993817,-0.62995565,-10.20327,107
10,108,-0.1487548,-0.62995595,-10.203274,108
10,109,-0.14719701,-0.6299566,-10.203278,109
10,110,-0.1480375,-0.62995714,-10.203277,110
10,111,-0.14919978,-0.629957,-10.203274,111
10,112,-0.15049793,-0.629957,-10.20327,112
10,113,-0.15146995,-0.629957,-10.203269,113
10,114,-0.15390465,-0.6299567,-10.203265,114
10,115,-0.15788694,-0.6299564,-10.203264,115
10,116,-0.16047458,-0.6299561,-10.203264,116
10,117,-0.16235755,-0.6299559,-10.203265,117
10,118,-0.16409868,-0.62995565,-10.203263,118
10,119,-0.16547301,-0.62995535,-10.203263,119
10,120,-0.16655006,-0.6299552,-10.203263,120
10,121,-0.16764784,-0.62995505,-10.203261,121
10,122,-0.16837072,-0.6299548,-10.20326,122
10,123,-0.17034334,-0.6299547,-10.203259,123
10,124,-0.17129226,-0.6299545,-10.203255,124
10,125,-0.17236419,-0.6299543,-10.20325,125
10,126,-0.17405336,-0.62995416,-10.203244,126
10,127,-0.17594646,-0.6299537,-10.203236,127
10,128,-0.17749451,-0.6299532,-10.203231,128
10,129,-0.17799006,-0.62995297,-10.203227,129
10,130,-0.17782997,-0.6299528,-10.203223,130
10,131,-0.17699613,-0.6299528,-10.203223,131
10,132,-0.17486489,-0.6299527,-10.203221,132
10,133,-0.1734702,-0.62995255,-10.203221,133
10,134,-0.17244457,-0.6299525,-10.20322,134
10,135,-0.16896081,-0.62995243,-10.203223,135
10,136,-0.16726716,-0.62995255,-10.20323,136
10,137,-0.1656883,-0.62995267,-10.203236,137
10,138,-0.16388546,-0.6299528,-10.203241,138
10,139,-0.16255131,-0.6299531,-10.20325,139
10,140,-0.16131553,-0.62995327,-10.203256,140
10,141,-0.16043863,-0.62995356,-10.2032585,141
10,142,-0.15882187,-0.62995416,-10.203264,142
10,143,-0.15717144,-0.62995446,-10.203263,143
10,144,-0.1561402,-0.6299547,-10.203261,144
10,145,-0.15492885,-0.62995505,-10.2032585,145
10,146,-0.1513057,-0.629955,-10.2032585,146
10,147,-0.15090282,-0.6299549,-10.203257,147
10,148,-0.15242362,-0.629955,-10.2032585,148
10,149,-0.15324654,-0.62995505,-10.203259,149
10,150,-0.15383413,-0.6299552,-10.20326,150
10,151,-0.15698902,-0.6299553,-10.203257,151
10,152,-0.15848391,-0.62995523,-10.203251,152
10,153,-0.15997821,-0.629955,-10.203242,153
10,154,-0.16176695,-0.6299548,-10.203235,154
10,155,-0.16308023,-0.6299545,-10.203225,155
10,156,-0.1641596,-0.6299541,-10.2032175,156
10,157,-0.16497892,-0.62995374,-10.203212,157
10,158,-0.16558428,-0.62995344,-10.203204,158
10,159,-0.16609445,-0.6299526,-10.2032,159
10,160,-0.16715555,-0.62995225,-10.203199,160
10,161,-0.16777511,-0.6299521,-10.203199,161
10,162,-0.16822748,-0.6299518,-10.2032,162
10,163,-0.16916795,-0.62995154,-10.203202,163
10,164,-0.1693162,-0.6299514,-10.203204,164
10,165,-0.16893466,-0.6299514,-10.203207,165
10,166,-0.16858053,-0.62995136,-10.203207,166
10,167,-0.16705881,-0.6299514,-10.203211,167
10,168,-0.16506982,-0.6299514,-10.203216,168
10,169,-0.1637951,-0.62995154,-10.203217,169
10,170,-0.16245978,-0.62995166,-10.2032175,170
10,171,-0.16119409,-0.6299518,-10.203221,171
10,172,-0.15953836,-0.6299521,-10.203226,172
10,173,-0.15531167,-0.62995255,-10.203236,173
10,174,-0.1540903,-0.6299528,-10.203239,174
10,175,-0.15692903,-0.62995285,-10.203239,175
10,176,-0.15933971,-0.6299528,-10.203239,176
10,177,-0.16116704,-0.6299528,-10.203238,177
10,178,-0.16608183,-0.6299524,-10.20323,178
10,179,-0.16932066,-0.6299521,-10.203225,179
10,180,-0.17247786,-0.6299517,-10.203216,180
10,181,-0.17545655,-0.6299511,-10.203207,181
10,182,-0.17836604,-0.62995076,-10.203198,182
10,183,-0.17977254,-0.6299504,-10.203193,183
10,184,-0.17968515,-0.62995005,-10.203185,184
10,185,-0.17914659,-0.6299498,-10.203181,185
10,186,-0.17865346,-0.62994957,-10.2031765,186
10,187,-0.17556714,-0.6299495,-10.203178,187
10,188,-0.17087731,-0.62995005,-10.203186,188
10,189,-0.1672786,-0.62995034,-10.203188,189
10,190,-0.16430682,-0.62995076,-10.20319,190
10,191,-0.15925963,-0.6299515,-10.203196,191
10,192,-0.15601833,-0.62995213,-10.2031975,192
10,193,-0.15504864,-0.62995243,-10.2031975,193
10,194,-0.15844092,-0.62995243,-10.20319,194
10,195,-0.1604317,-0.62995255,-10.203186,195
10,196,-0.16195625,-0.6299524,-10.20318,196
10,197,-0.1631723,-0.62995225,-10.20318,197
10,198,-0.16405752,-0.62995225,-10.2031765,198
10,199,-0.16531883,-0.62995166,-10.203176,199
11,0,0.010420541,-0.18673602,-2.9856966,0
11,1,-0.0049629365,-0.4026382,-6.238817,1
11,2,-0.026764262,-0.55101025,-8.669088,2
11,3,-0.043539144,-0.60971874,-9.768568,3
11,4,-0.055772934,-0.6254102,-10.099755,4
11,5,-0.06401927,-0.62890095,-10.179196,5
11,6,-0.0694899,-0.62967783,-10.197139,6
11,7,-0.08157093,-0.6298748,-10.201506,7
11,8,-0.09530689,-0.62993604,-10.202787,8
11,9,-0.10904118,-0.6299592,-10.203246,9
11,10,-0.12483523,-0.6299696,-10.203443,10
11,11,-0.13256758,-0.6299748,-10.203541,11
11,12,-0.13757157,-0.6299779,-10.203595,12
11,13,-0.13864306,-0.6299797,-10.20363,13
11,14,-0.14408879,-0.62998086,-10.203654,14
11,15,-0.15004586,-0.62998176,-10.203669,15
11,16,-0.15700153,-0.6299822,-10.203677,16
11,17,-0.15830903,-0.6299826,-10.203683,17
11,18,-0.15706179,-0.6299829,-10.203688,18
11,19,-0.15405245,-0.629983,-10.203693,19
11,20,-0.15564342,-0.62998325,-10.203699,20
11,21,-0.15736493,-0.6299834,-10.203701,21
11,22,-0.15939425,-0.62998354,-10.203703,22
11,23,-0.16093017,-0.62998354,-10.203704,23
11,24,-0.16196439,-0.6299836,-10.203706,24
11,25,-0.16484089,-0.6299837,-10.203706,25
11,26,-0.16639434,-0.6299837,-10.203707,26
11,27,-0.16782193,-0.6299837,-10.203708,27
11,28,-0.17010006,-0.6299838,-10.203706,28
11,29,-0.17116338,-0.6299838,-10.203704,29
11,30,-0.17048916,-0.6299838,-10.203707,30
11,31,-0.16949673,-0.6299838,-10.203704,31
11,32,-0.16864234,-0.62998384,-10.203707,32
11,33,-0.16820648,-0.62998384,-10.203706,33
11,34,-0.16571334,-0.62998384,-10.203707,34
11,35,-0.16342919,-0.6299839,-10.20371,35
11,36,-0.16219452,-0.6299839,-10.203711,36
11,37,-0.16102424,-0.62998396,-10.203712,37
11,38,-0.15894572,-0.629984,-10.203714,38
11,39,-0.15935032,-0.629984,-10.203715,39
11,40,-0.15984195,-0.6299841,-10.203716,40
11,41,-0.16014573,-0.629984,-10.203716,41
11,42,-0.16551343,-0.62998414,-10.203716,42
11,43,-0.167921,-0.62998414,-10.203715,43
11,44,-0.16965523,-0.629984,-10.203712,44
11,45,-0.17107691,-0.629984,-10.203711,45
11,46,-0.17197126,-0.629984,-10.203708,46
11,47,-0.17277493,-0.6299839,-10.203707,47
11,48,-0.17248352,-0.6299839,-10.203706,48
11,49,-0.17095469,-0.62998384,-10.203704,49
11,50,-0.16856536,-0.6299838,-10.203704,50
11,51,-0.16636965,-0.6299837,-10.203706,51
11,52,-0.16468847,-0.6299838,-10.203708,52
11,53,-0.16357033,-0.6299838,-10.203708,53
11,54,-0.16273125,-0.6299838,-10.20371,54
11,55,-0.1622325,-0.6299837,-10.203711,55
11,56,-0.16071694,-0.6299837,-10.2037115,56
11,57,-0.16006641,-0.62998384,-10.203712,57
11,58,-0.15969743,-0.62998384,-10.203715,58
11,59,-0.15940091,-0.6299839,-10.203717,59
11,60,-0.15813491,-0.62998384,-10.203715,60
11,61,-0.15925917,-0.629984,-10.203717,61
11,62,-0.16073696,-0.6299841,-10.203717,62
11,63,-0.15941365,-0.6299841,-10.203717,63
11,64,-0.15929934,-0.629984,-10.203719,64
11,65,-0.16619039,-0.629984,-10.203716,65
11,66,-0.16967814,-0.6299841,-10.203714,66
11,67,-0.17280972,-0.629984,-10.2037115,67
11,68,-0.1728981,-0.6299839,-10.20371,68
11,69,-0.17242229,-0.6299838,-10.203707,69
11,70,-0.1720631,-0.62998384,-10.203707,70
11,71,-0.1693972,-0.62998384,-10.203706,71
11,72,-0.16802543,-0.6299838,-10.203708,72
11,73,-0.16670638,-0.62998384,-10.203708,73
11,74,-0.16351846,-0.62998366,-10.20371,74
11,75,-0.16292447,-0.6299838,-10.20371,75
11,76,-0.1627341,-0.62998384,-10.2037115,76
11,77,-0.16258931,-0.6299839,-10.2037115,77
11,78,-0.16338179,-0.62998384,-10.203711,78
11,79,-0.1636576,-0.6299839,-10.20371,79
11,80,-0.16379511,-0.6299838,-10.20371,80
11,81,-0.16403253,-0.62998384,-10.203708,81
11,82,-0.16470565,-0.62998384,-10.203708,82
11,83,-0.16863382,-0.6299837,-10.203708,83
11,84,-0.16997832,-0.62998366,-10.203704,84
11,85,-0.17043588,-0.62998366,-10.203704,85
11,86,-0.17065191,-0.62998354,-10.203702,86
11,87,-0.17078334,-0.6299834,-10.203701,87
11,88,-0.17129576,-0.6299834,-10.203699,88
11,89,-0.17147191,-0.6299833,-10.203698,89
11,90,-0.17252071,-0.6299833,-10.203701,90
11,91,-0.17341459,-0.6299834,-10.203699,91
11,92,-0.17392364,-0.62998325,-10.203699,92
11,93,-0.17393926,-0.6299833,-10.203698,93
11,94,-0.17419742,-0.62998337,-10.203698,94
11,95,-0.17457962,-0.62998337,-10.203696,95
11,96,-0.1733923,-0.6299833,-10.203697,96
11,97,-0.17271939,-0.6299834,-10.203697,97
11,98,-0.17228097,-0.6299834,-10.203699,98
11,99,-0.17153957,-0.6299834,-10.203699,99
11,100,-0.17108215,-0.6299835,-10.203701,100
11,101,-0.16953492,-0.6299835,-10.203701,101
11,102,-0.16891965,-0.62998354,-10.203702,102
11,103,-0.1653927,-0.62998354,-10.203703,103
11,104,-0.16368738,-0.6299836,-10.203704,104
11,105,-0.1622406,-0.6299836,-10.203708,105
11,106,-0.16072184,-0.6299837,-10.203708,106
11,107,-0.15999335,-0.6299837,-10.203711,107
11,108,-0.15981354,-0.62998384,-10.2037115,108
11,109,-0.1589832,-0.6299838,-10.203712,109
11,110,-0.16004537,-0.6299838,-10.203714,110
11,111,-0.16134457,-0.629984,-10.203714,111
11,112,-0.1622619,-0.62998396,-10.203714,112
11,113,-0.16280146,-0.62998384,-10.203712,113
11,114,-0.1644571,-0.6299839,-10.2037115,114
11,115,-0.16641319,-0.6299839,-10.20371,115
11,116,-0.16724095,-0.6299839,-10.20371,116
11,117,-0.16762048,-0.62998384,-10.203707,117
11,118,-0.16803093,-0.62998384,-10.203708,118
11,119,-0.1682517,-0.6299837,-10.203706,119
11,120,-0.16837783,-0.6299837,-10.203704,120
11,121,-0.16865067,-0.6299836,-10.203706,121
11,122,-0.16879243,-0.62998354,-10.203704,122
11,123,-0.16991282,-0.62998354,-10.203704,123
11,124,-0.17048576,-0.6299836,-10.203703,124
11,125,-0.17114702,-0.62998354,-10.203704,125
11,126,-0.172325,-0.62998354,-10.203703,126
11,127,-0.17376885,-0.62998354,-10.203702,127
11,128,-0.17467466,-0.62998354,-10.203701,128
11,129,-0.17481746,-0.62998354,-10.203699,129
11,130,-0.17454162,-0.62998354,-10.203698,130
11,131,-0.17383978,-0.6299835,-10.203701,131
11,132,-0.17274328,-0.6299834,-10.203699,132
11,133,-0.17212562,-0.62998354,-10.203699,133
11,134,-0.17179288,-0.6299834,-10.203699,134
11,135,-0.16967666,-0.6299836,-10.203699,135
11,136,-0.16856691,-0.62998354,-10.203701,136
11,137,-0.16756825,-0.62998354,-10.203701,137
11,138,-0.16634837,-0.62998354,-10.203701,138
11,139,-0.1653692,-0.62998354,-10.203702,139
11,140,-0.16462001,-0.62998354,-10.203703,140
11,141,-0.16413909,-0.62998354,-10.203704,141
11,142,-0.16301686,-0.6299835,-10.203706,142
11,143,-0.16246134,-0.62998354,-10.20371,143
11,144,-0.16224505,-0.6299836,-10.203711,144
11,145,-0.16184573,-0.6299836,-10.203711,145
11,146,-0.15997791,-0.6299837,-10.20371,146
11,147,-0.1602413,-0.6299838,-10.203711,147
11,148,-0.16112606,-0.6299837,-10.203711,148
11,149,-0.16149655,-0.6299838,-10.203711,149
11,150,-0.16164003,-0.6299838,-10.203711,150
11,151,-0.16363847,-0.6299837,-10.2037115,151
11,152,-0.1645866,-0.6299837,-10.2037115,152
11,153,-0.16551074,-0.6299837,-10.203711,153
11,154,-0.1667024,-0.6299837,-10.203711,154
11,155,-0.1676049,-0.6299837,-10.203711,155
11,156,-0.16823132,-0.6299838,-10.20371,156
11,157,-0.16865046,-0.62998384,-10.203708,157
11,158,-0.16890067,-0.6299838,-10.203707,158
11,159,-0.16908106,-0.6299838,-10.203704,159
11,160,-0.16910967,-0.62998366,-10.203703,160
11,161,-0.16890183,-0.62998366,-10.203703,161
11,162,-0.16858523,-0.6299836,-10.203702,162
11,163,-0.16860397,-0.6299836,-10.203703,163
11,164,-0.16824982,-0.62998354,-10.203702,164
11,165,-0.16762593,-0.62998354,-10.203702,165
11,166,-0.1671964,-0.6299834,-10.203702,166
11,167,-0.16598222,-0.6299835,-10.203703,167
11,168,-0.16473141,-0.6299834,-10.203703,168
11,169,-0.16403681,-0.6299835,-10.203704,169
11,170,-0.16330792,-0.62998354,-10.203704,170
11,171,-0.1626155,-0.62998354,-10.203706,171
11,172,-0.16167277,-0.6299836,-10.203707,172
11,173,-0.15899302,-0.62998354,-10.203707,173
11,174,-0.158682,-0.62998354,-10.203707,174
11,175,-0.16095473,-0.6299836,-10.203708,175
11,176,-0.16250756,-0.6299836,-10.203708,176
11,177,-0.16348806,-0.62998354,-10.203707,177
11,178,-0.16670527,-0.62998354,-10.203706,178
11,179,-0.1683897,-0.62998354,-10.203704,179
11,180,-0.1700387,-0.62998354,-10.203703,180
11,181,-0.17157136,-0.6299834,-10.203702,181
11,182,-0.17310809,-0.6299834,-10.203701,182
11,183,-0.1736563,-0.6299835,-10.203699,183
11,184,-0.17328602,-0.6299835,-10.203699,184
11,185,-0.17279875,-0.6299834,-10.203699,185
11,186,-0.17252946,-0.62998337,-10.203697,186
11,187,-0.17040955,-0.62998337,-10.203698,187
11,188,-0.16742954,-0.6299835,-10.203701,188
11,189,-0.1658621,-0.6299835,-10.203702,189
11,190,-0.16475926,-0.62998354,-10.203704,190
11,191,-0.16209996,-0.62998354,-10.203707,191
11,192,-0.16120772,-0.6299836,-10.20371,192
11,193,-0.16182357,-0.6299837,-10.203711,193
11,194,-0.16520222,-0.6299838,-10.203711,194
11,195,-0.16677606,-0.6299838,-10.203708,195
11,196,-0.1677716,-0.6299838,-10.203708,196
11,197,-0.16836703,-0.6299838,-10.20371,197
11,198,-0.16866979,-0.62998384,-10.203707,198
11,199,-0.16925739,-0.62998384,-10.203704,199
12,0,0.006783203,-0.1082619,-2.55214,0
12,1,-0.006363073,-0.25711,-5.306415,1
12,2,-0.022461167,-0.42801625,-7.7993855,2
12,3,-0.03942219,-0.5514603,-9.30789,3
12,4,-0.060498424,-0.6063102,-9.927459,4
12,5,-0.077792585,-0.6236992,-10.126327,5
12,6,-0.08260384,-0.6282984,-10.182073,6
12,7,-0.09186024,-0.6294526,-10.1967125,7
12,8,-0.09695058,-0.6297775,-10.200971,8
12,9,-0.101107396,-0.62988526,-10.202412,9
12,10,-0.10561867,-0.629928,-10.202987,10
12,11,-0.11033078,-0.6299478,-10.203252,11
12,12,-0.11482977,-0.62995815,-10.203392,12
12,13,-0.118811786,-0.6299641,-10.20347,13
12,14,-0.12240875,-0.62996787,-10.20352,14
12,15,-0.12540704,-0.6299702,-10.203551,15
12,16,-0.12800929,-0.629972,-10.203573,16
12,17,-0.12919739,-0.6299732,-10.2035885,17
12,18,-0.13029496,-0.62997395,-10.203597,18
12,19,-0.13326748,-0.6299746,-10.203603,19
12,20,-0.13534096,-0.62997514,-10.203608,20
12,21,-0.13599439,-0.6299755,-10.203613,21
12,22,-0.13607772,-0.6299758,-10.203616,22
12,23,-0.13610934,-0.62997603,-10.203619,23
12,24,-0.13503626,-0.62997633,-10.203623,24
12,25,-0.1358072,-0.6299764,-10.203627,25
12,26,-0.13624014,-0.6299766,-10.203629,26
12,27,-0.13709104,-0.62997663,-10.20363,27
12,28,-0.13910982,-0.6299768,-10.203631,28
12,29,-0.13998882,-0.62997675,-10.203632,29
12,30,-0.14082198,-0.6299768,-10.203633,30
12,31,-0.14070791,-0.6299768,-10.203633,31
12,32,-0.13984402,-0.6299768,-10.203632,32
12,33,-0.1391131,-0.62997687,-10.203635,33
12,34,-0.13810876,-0.629977,-10.203637,34
12,35,-0.137431,-0.62997705,-10.203636,35
12,36,-0.13240625,-0.62997717,-10.20364,36
12,37,-0.13290395,-0.6299772,-10.203642,37
12,38,-0.13249138,-0.62997735,-10.203647,38
12,39,-0.13261233,-0.62997735,-10.203647,39
12,40,-0.13471736,-0.6299775,-10.203649,40
12,41,-0.13677774,-0.6299774,-10.203649,41
12,42,-0.13709632,-0.6299774,-10.203649,42
12,43,-0.13667297,-0.62997735,-10.203649,43
12,44,-0.13619794,-0.6299774,-10.203649,44
12,45,-0.13591692,-0.62997735,-10.203649,45
12,46,-0.13147907,-0.62997735,-10.20365,46
12,47,-0.1296848,-0.62997746,-10.203651,47
12,48,-0.12822673,-0.62997746,-10.203653,48
12,49,-0.12614188,-0.6299776,-10.203651,49
12,50,-0.12494611,-0.62997764,-10.203654,50
12,51,-0.1241013,-0.6299778,-10.203654,51
12,52,-0.12213663,-0.62997794,-10.203654,52
12,53,-0.12041199,-0.62997824,-10.203659,53
12,54,-0.12172646,-0.62997836,-10.203659,54
12,55,-0.12201143,-0.62997836,-10.203663,55
12,56,-0.12213918,-0.6299783,-10.203668,56
12,57,-0.121072516,-0.6299783,-10.203668,57
12,58,-0.11972469,-0.6299782,-10.20367,58
12,59,-0.11928402,-0.6299783,-10.2036705,59
12,60,-0.11806611,-0.62997836,-10.2036705,60
12,61,-0.11751429,-0.62997836,-10.2036705,61
12,62,-0.11690022,-0.6299784,-10.203673,62
12,63,-0.11907275,-0.62997836,-10.2036705,63
12,64,-0.120700344,-0.62997836,-10.20367,64
12,65,-0.11935572,-0.6299785,-10.20367,65
12,66,-0.124207176,-0.6299783,-10.203666,66
12,67,-0.12743704,-0.62997836,-10.203664,67
12,68,-0.12963101,-0.6299781,-10.203659,68
12,69,-0.13189301,-0.6299781,-10.203656,69
12,70,-0.13333365,-0.629978,-10.203653,70
12,71,-0.13412328,-0.6299778,-10.20365,71
12,72,-0.13479863,-0.6299778,-10.203649,72
12,73,-0.13614549,-0.6299777,-10.203646,73
12,74,-0.13695309,-0.6299775,-10.203645,74
12,75,-0.13825735,-0.6299775,-10.203642,75
12,76,-0.1416397,-0.62997735,-10.20364,76
12,77,-0.14300165,-0.6299773,-10.203636,77
12,78,-0.14303039,-0.6299771,-10.203633,78
12,79,-0.14170696,-0.62997705,-10.203632,79
12,80,-0.13911931,-0.62997705,-10.203632,80
12,81,-0.13685834,-0.62997705,-10.203631,81
12,82,-0.13528639,-0.6299771,-10.203632,82
12,83,-0.13023534,-0.62997735,-10.203635,83
12,84,-0.12694837,-0.6299775,-10.20364,84
12,85,-0.124309994,-0.62997764,-10.203644,85
12,86,-0.12253666,-0.6299778,-10.203647,86
12,87,-0.11998274,-0.6299778,-10.203651,87
12,88,-0.12062737,-0.62997794,-10.203654,88
12,89,-0.12155182,-0.62997794,-10.203656,89
12,90,-0.122136265,-0.629978,-10.203658,90
12,91,-0.12554741,-0.629978,-10.20366,91
12,92,-0.1272651,-0.62997794,-10.203658,92
12,93,-0.12916194,-0.6299779,-10.203659,93
12,94,-0.132774,-0.6299778,-10.203658,94
12,95,-0.13229553,-0.62997764,-10.203656,95
12,96,-0.13676661,-0.6299774,-10.2036495,96
12,97,-0.13913575,-0.6299771,-10.203645,97
12,98,-0.14116818,-0.6299769,-10.203639,98
12,99,-0.14399096,-0.6299767,-10.203632,99
12,100,-0.14378887,-0.6299766,-10.203627,100
12,101,-0.14304598,-0.6299763,-10.203623,101
12,102,-0.14240111,-0.6299761,-10.203622,102
12,103,-0.13625294,-0.62997615,-10.203621,103
12,104,-0.13249795,-0.62997615,-10.203622,104
12,105,-0.12936817,-0.62997615,-10.203624,105
12,106,-0.124688864,-0.62997633,-10.203628,106
12,107,-0.12611985,-0.6299763,-10.203628,107
12,108,-0.1278592,-0.6299762,-10.203629,108
12,109,-0.12992539,-0.62997615,-10.203628,109
12,110,-0.13627745,-0.629976,-10.203626,110
12,111,-0.13515651,-0.62997603,-10.203626,111
12,112,-0.13241905,-0.629976,-10.203624,112
12,113,-0.12604755,-0.6299761,-10.203629,113
12,114,-0.12675637,-0.6299761,-10.20363,114
12,115,-0.12985064,-0.6299761,-10.203631,115
12,116,-0.13568723,-0.62997603,-10.20363,116
12,117,-0.13509761,-0.6299761,-10.20363,117
12,118,-0.13124852,-0.6299761,-10.20363,118
12,119,-0.12501237,-0.6299762,-10.203635,119
12,120,-0.12510909,-0.62997633,-10.203637,120
12,121,-0.12641412,-0.62997645,-10.203639,121
12,122,-0.12784865,-0.6299764,-10.20364,122
12,123,-0.1292849,-0.6299765,-10.203639,123
12,124,-0.13034536,-0.6299764,-10.20364,124
12,125,-0.13339911,-0.62997633,-10.203639,125
12,126,-0.13575095,-0.6299763,-10.203636,126
12,127,-0.13776512,-0.6299763,-10.203633,127
12,128,-0.14069384,-0.62997603,-10.203629,128
12,129,-0.14249068,-0.629976,-10.203626,129
12,130,-0.1417562,-0.629976,-10.203622,130
12,131,-0.14033331,-0.62997603,-10.203622,131
12,132,-0.13880798,-0.629976,-10.203618,132
12,133,-0.13775524,-0.6299759,-10.203617,133
12,134,-0.13402072,-0.6299761,-10.203618,134
12,135,-0.13021772,-0.6299762,-10.203621,135
12,136,-0.12786706,-0.6299764,-10.203623,136
12,137,-0.12577276,-0.6299765,-10.203626,137
12,138,-0.12254424,-0.62997663,-10.203628,138
12,139,-0.12273261,-0.6299767,-10.20363,139
12,140,-0.123266295,-0.6299768,-10.203632,140
12,141,-0.12369596,-0.6299768,-10.203633,141
12,142,-0.13125831,-0.6299766,-10.203631,142
12,143,-0.13519423,-0.6299765,-10.203629,143
12,144,-0.13823755,-0.62997645,-10.203626,144
12,145,-0.14077795,-0.62997633,-10.203623,145
12,146,-0.14254718,-0.62997615,-10.203621,146
12,147,-0.14419082,-0.6299761,-10.203618,147
12,148,-0.14423403,-0.62997603,-10.203616,148
12,149,-0.14229481,-0.62997603,-10.203616,149
12,150,-0.13893966,-0.6299761,-10.203617,150
12,151,-0.13561305,-0.62997615,-10.203619,151
12,152,-0.13285398,-0.6299763,-10.203624,152
12,153,-0.13093959,-0.62997633,-10.203628,153
12,154,-0.12946442,-0.62997633,-10.20363,154
12,155,-0.12858637,-0.6299764,-10.203631,155
12,156,-0.12570047,-0.6299764,-10.203635,156
12,157,-0.12478652,-0.62997645,-10.203633,157
12,158,-0.12395778,-0.6299764,-10.203633,158
12,159,-0.12314978,-0.6299766,-10.203635,159
12,160,-0.12122645,-0.62997663,-10.203635,160
12,161,-0.122475006,-0.6299766,-10.203633,161
12,162,-0.12419857,-0.62997645,-10.20363,162
12,163,-0.12250571,-0.6299766,-10.20363,163
12,164,-0.1222626,-0.6299765,-10.203627,164
12,165,-0.13199157,-0.6299762,-10.203622,165
12,166,-0.13811575,-0.6299761,-10.203616,166
12,167,-0.1430122,-0.6299759,-10.203609,167
12,168,-0.14375998,-0.6299757,-10.203607,168
12,169,-0.14355364,-0.62997556,-10.203602,169
12,170,-0.14327218,-0.62997544,-10.203598,170
12,171,-0.13939318,-0.6299753,-10.203597,171
12,172,-0.13724466,-0.62997526,-10.203598,172
12,173,-0.13498011,-0.6299752,-10.203597,173
12,174,-0.12992568,-0.62997526,-10.203598,174
12,175,-0.1290744,-0.6299755,-10.2036,175
12,176,-0.12833111,-0.6299755,-10.2036,176
12,177,-0.12779939,-0.6299755,-10.203602,177
12,178,-0.12956539,-0.6299756,-10.203604,178
12,179,-0.12988336,-0.6299756,-10.203604,179
12,180,-0.13031921,-0.6299755,-10.203608,180
12,181,-0.1311431,-0.6299755,-10.203608,181
12,182,-0.13232416,-0.62997556,-10.2036085,182
12,183,-0.13775855,-0.6299753,-10.2036085,183
12,184,-0.14053039,-0.62997526,-10.203607,184
12,185,-0.14182475,-0.6299752,-10.203604,185
12,186,-0.14248243,-0.629975,-10.203604,186
12,187,-0.14301029,-0.6299751,-10.203603,187
12,188,-0.143847,-0.62997496,-10.203603,188
12,189,-0.14451776,-0.6299749,-10.203602,189
12,190,-0.14507934,-0.6299748,-10.203603,190
12,191,-0.14644529,-0.6299746,-10.203598,191
12,192,-0.14754866,-0.62997454,-10.203595,192
12,193,-0.14780934,-0.6299745,-10.20359,193
12,194,-0.14802815,-0.6299744,-10.2035885,194
12,195,-0.14829293,-0.62997437,-10.203586,195
12,196,-0.14606634,-0.6299743,-10.203588,196
12,197,-0.1448675,-0.6299743,-10.203586,197
12,198,-0.14389344,-0.62997437,-10.203585,198
12,199,-0.14244324,-0.6299744,-10.203586,199
13,0,0.012581797,-0.06667761,-2.1290956,0
13,1,0.012718134,-0.13915306,-4.17235,1
13,2,0.017539209,-0.23853987,-6.1942496,2
13,3,0.026179476,-0.3538388,-7.854091,3
13,4,0.03421953,-0.4591857,-8.985071,4
13,5,0.039418302,-0.53900576,-9.639706,5
13,6,0.04307544,-0.58839434,-9.970377,6
13,7,0.03688721,-0.61257935,-10.113775,7
13,8,0.024113767,-0.6230887,-10.169759,8
13,9,0.008130483,-0.6272417,-10.19047,9
13,10,-0.00834231,-0.6288261,-10.198102,10
13,11,-0.023406036,-0.62944186,-10.201047,11
13,12,-0.03633147,-0.6296961,-10.202281,12
13,13,-0.04707146,-0.62981087,-10.20285,13
13,14,-0.056334373,-0.62986755,-10.203141,14
13,15,-0.06420823,-0.6298983,-10.203305,15
13,16,-0.07105804,-0.6299163,-10.203401,16
13,17,-0.07624716,-0.6299276,-10.203461,17
13,18,-0.080661766,-0.629935,-10.203501,18
13,19,-0.086053394,-0.6299399,-10.203531,19
13,20,-0.090383194,-0.6299435,-10.20355,20
13,21,-0.09307428,-0.62994593,-10.203565,21
13,22,-0.09469496,-0.6299478,-10.203576,22
13,23,-0.09579779,-0.62994903,-10.203584,23
13,24,-0.095675275,-0.62995,-10.203589,24
13,25,-0.096572675,-0.62995064,-10.203595,25
13,26,-0.09722003,-0.6299511,-10.203602,26
13,27,-0.09805941,-0.62995154,-10.203603,27
13,28,-0.09977287,-0.62995183,-10.203604,28
13,29,-0.10068144,-0.6299519,-10.203605,29
13,30,-0.10143213,-0.62995213,-10.203607,30
13,31,-0.10136077,-0.62995213,-10.203608,31
13,32,-0.100544855,-0.62995243,-10.203608,32
13,33,-0.09979475,-0.6299524,-10.2036085,33
13,34,-0.09880656,-0.62995255,-10.203609,34
13,35,-0.098064095,-0.62995267,-10.203609,35
13,36,-0.09381414,-0.6299528,-10.203611,36
13,37,-0.09370293,-0.6299528,-10.203611,37
13,38,-0.09302261,-0.62995285,-10.203611,38
13,39,-0.092737034,-0.62995255,-10.203611,39
13,40,-0.094102904,-0.6299524,-10.203611,40
13,41,-0.09542004,-0.62995213,-10.203609,41
13,42,-0.09540101,-0.62995195,-10.203609,42
13,43,-0.0947092,-0.62995195,-10.203608,43
13,44,-0.09404467,-0.6299518,-10.203607,44
13,45,-0.093663625,-0.6299518,-10.203608,45
13,46,-0.08999423,-0.6299521,-10.203605,46
13,47,-0.08851888,-0.6299524,-10.203605,47
13,48,-0.08768086,-0.6299527,-10.203607,48
13,49,-0.08658506,-0.6299531,-10.203605,49
13,50,-0.08633677,-0.6299534,-10.203605,50
13,51,-0.08647667,-0.62995386,-10.203607,51
13,52,-0.08558084,-0.62995386,-10.203608,52
13,53,-0.08404783,-0.62995386,-10.203609,53
13,54,-0.084604606,-0.62995374,-10.2036085,54
13,55,-0.08429225,-0.6299534,-10.203608,55
13,56,-0.08367419,-0.62995315,-10.203607,56
13,57,-0.082051486,-0.62995297,-10.203605,57
13,58,-0.08032254,-0.62995285,-10.203605,58
13,59,-0.0796277,-0.62995285,-10.203604,59
13,60,-0.078668825,-0.6299531,-10.203603,60
13,61,-0.07842218,-0.62995327,-10.203603,61
13,62,-0.078351915,-0.6299534,-10.203603,62
13,63,-0.08073352,-0.62995356,-10.203602,63
13,64,-0.08311764,-0.62995386,-10.203603,64
13,65,-0.08317836,-0.62995416,-10.203602,65
13,66,-0.0879871,-0.6299543,-10.203602,66
13,67,-0.09176638,-0.6299544,-10.203602,67
13,68,-0.09456067,-0.62995446,-10.203602,68
13,69,-0.09712774,-0.6299544,-10.203603,69
13,70,-0.098726235,-0.62995446,-10.203603,70
13,71,-0.099562176,-0.6299543,-10.203602,71
13,72,-0.100123346,-0.6299543,-10.203603,72
13,73,-0.101045825,-0.62995416,-10.203603,73
13,74,-0.10159536,-0.629954,-10.203603,74
13,75,-0.1024589,-0.629954,-10.203602,75
13,76,-0.10493509,-0.62995386,-10.203602,76
13,77,-0.1060902,-0.6299537,-10.203603,77
13,78,-0.10615243,-0.6299537,-10.203604,78
13,79,-0.10518977,-0.6299537,-10.203602,79
13,80,-0.103213415,-0.6299537,-10.203602,80
13,81,-0.10126899,-0.6299538,-10.203604,81
13,82,-0.099855565,-0.62995386,-10.203604,82
13,83,-0.095720485,-0.6299539,-10.203605,83
13,84,-0.09231935,-0.62995386,-10.203607,84
13,85,-0.089475736,-0.6299538,-10.203607,85
13,86,-0.08734103,-0.6299538,-10.203605,86
13,87,-0.08466551,-0.6299537,-10.203605,87
13,88,-0.08443193,-0.62995356,-10.203605,88
13,89,-0.08472049,-0.62995344,-10.203605,89
13,90,-0.084828235,-0.62995327,-10.203605,90
13,91,-0.08712947,-0.62995297,-10.203603,91
13,92,-0.08829491,-0.62995267,-10.203602,92
13,93,-0.08945883,-0.6299524,-10.2036,93
13,94,-0.09193908,-0.62995195,-10.203599,94
13,95,-0.09266818,-0.6299516,-10.203597,95
13,96,-0.09573565,-0.62995124,-10.203595,96
13,97,-0.09797653,-0.62995094,-10.203595,97
13,98,-0.100064196,-0.6299505,-10.203592,98
13,99,-0.10275388,-0.6299504,-10.203592,99
13,100,-0.10323689,-0.6299501,-10.203592,100
13,101,-0.10298255,-0.62994975,-10.203589,101
13,102,-0.10268077,-0.62994957,-10.203589,102
13,103,-0.09830096,-0.62994933,-10.203589,103
13,104,-0.094960794,-0.6299492,-10.203589,104
13,105,-0.0922365,-0.6299492,-10.2035885,105
13,106,-0.088407956,-0.62994915,-10.2035885,106
13,107,-0.088933915,-0.62994903,-10.203589,107
13,108,-0.09022575,-0.62994885,-10.203588,108
13,109,-0.09189967,-0.6299487,-10.203588,109
13,110,-0.09685004,-0.6299485,-10.203586,110
13,111,-0.09654376,-0.62994826,-10.203586,111
13,112,-0.09434866,-0.6299482,-10.203586,112
13,113,-0.08909106,-0.6299482,-10.203586,113
13,114,-0.088793,-0.62994826,-10.203585,114
13,115,-0.09107168,-0.62994826,-10.203586,115
13,116,-0.09585541,-0.6299482,-10.203585,116
13,117,-0.09599883,-0.62994814,-10.203588,117
13,118,-0.09302512,-0.6299482,-10.203588,118
13,119,-0.08774084,-0.6299483,-10.203588,119
13,120,-0.0869849,-0.62994856,-10.203588,120
13,121,-0.08778547,-0.62994856,-10.2035885,121
13,122,-0.08883583,-0.62994856,-10.203588,122
13,123,-0.09003983,-0.6299486,-10.203588,123
13,124,-0.09099831,-0.6299486,-10.2035885,124
13,125,-0.09355469,-0.62994874,-10.203588,125
13,126,-0.09608239,-0.6299489,-10.203589,126
13,127,-0.098358296,-0.6299491,-10.2035885,127
13,128,-0.101404086,-0.62994933,-10.203589,128
13,129,-0.103865005,-0.6299496,-10.203588,129
13,130,-0.10430951,-0.62994975,-10.203589,130
13,131,-0.103952885,-0.6299501,-10.20359,131
13,132,-0.10328736,-0.62995034,-10.203592,132
13,133,-0.10284019,-0.6299505,-10.203592,133
13,134,-0.10036813,-0.62995076,-10.203594,134
13,135,-0.097306594,-0.6299508,-10.203594,135
13,136,-0.09518772,-0.6299511,-10.203595,136
13,137,-0.09334316,-0.6299512,-10.203597,137
13,138,-0.09063855,-0.6299514,-10.203597,138
13,139,-0.09038823,-0.6299514,-10.203598,139
13,140,-0.0907156,-0.6299514,-10.203597,140
13,141,-0.091055356,-0.62995154,-10.203598,141
13,142,-0.096884675,-0.62995136,-10.203595,142
13,143,-0.100505315,-0.62995124,-10.203595,143
13,144,-0.10317005,-0.62995106,-10.203595,144
13,145,-0.10526334,-0.62995076,-10.203595,145
13,146,-0.106682256,-0.6299506,-10.203595,146
13,147,-0.10789426,-0.6299505,-10.203594,147
13,148,-0.10779954,-0.6299502,-10.203594,148
13,149,-0.10593216,-0.6299501,-10.203595,149
13,150,-0.1026655,-0.62995,-10.203595,150
13,151,-0.09913353,-0.62994975,-10.203597,151
13,152,-0.09599684,-0.6299496,-10.203597,152
13,153,-0.09364751,-0.6299495,-10.203595,153
13,154,-0.09187043,-0.6299494,-10.203597,154
13,155,-0.09074524,-0.6299495,-10.203595,155
13,156,-0.08851556,-0.6299496,-10.203595,156
13,157,-0.08793047,-0.6299496,-10.203594,157
13,158,-0.087779544,-0.62995,-10.203593,158
13,159,-0.08787756,-0.6299501,-10.203593,159
13,160,-0.08730536,-0.6299504,-10.203594,160
13,161,-0.08905347,-0.6299507,-10.203594,161
13,162,-0.09143957,-0.6299508,-10.203594,162
13,163,-0.09143943,-0.62995106,-10.203593,163
13,164,-0.09214556,-0.62995136,-10.203593,164
13,165,-0.10037548,-0.62995136,-10.203594,165
13,166,-0.10634116,-0.6299511,-10.203595,166
13,167,-0.11067622,-0.6299508,-10.203595,167
13,168,-0.11170947,-0.6299505,-10.203593,168
13,169,-0.11160626,-0.6299504,-10.203593,169
13,170,-0.11129911,-0.62995034,-10.203593,170
13,171,-0.108460195,-0.62995034,-10.203593,171
13,172,-0.10664229,-0.62995034,-10.203593,172
13,173,-0.104921736,-0.62995034,-10.203593,173
13,174,-0.10133141,-0.62995064,-10.203592,174
13,175,-0.10042289,-0.62995064,-10.203595,175
13,176,-0.0996568,-0.62995064,-10.203594,176
13,177,-0.09905193,-0.6299505,-10.203595,177
13,178,-0.0998865,-0.6299503,-10.203597,178
13,179,-0.099552006,-0.6299499,-10.203598,179
13,180,-0.099167556,-0.62994975,-10.203597,180
13,181,-0.098949336,-0.6299494,-10.203597,181
13,182,-0.09900363,-0.62994903,-10.203597,182
13,183,-0.102575995,-0.6299488,-10.203595,183
13,184,-0.10458423,-0.6299484,-10.203595,184
13,185,-0.105330914,-0.62994814,-10.203595,185
13,186,-0.10548634,-0.6299479,-10.203597,186
13,187,-0.105527885,-0.62994766,-10.203595,187
13,188,-0.10587592,-0.6299476,-10.203594,188
13,189,-0.106218904,-0.6299475,-10.203593,189
13,190,-0.10676248,-0.62994766,-10.203592,190
13,191,-0.10845252,-0.6299478,-10.203593,191
13,192,-0.11025081,-0.629948,-10.203592,192
13,193,-0.11142963,-0.62994814,-10.203593,193
13,194,-0.11239295,-0.6299484,-10.203593,194
13,195,-0.11333638,-0.62994856,-10.203594,195
13,196,-0.11238461,-0.62994885,-10.203595,196
13,197,-0.112054855,-0.6299491,-10.203595,197
13,198,-0.11183023,-0.62994933,-10.203597,198
13,199,-0.11118298,-0.62994957,-10.203598,199
14,0,0.027869172,-0.08464296,-1.5551466,0
14,1,0.04301648,-0.168396,-2.8595586,1
14,2,0.05595629,-0.26503816,-4.338199,2
14,3,0.06586097,-0.36824572,-5.9229484,3
14,4,0.07117482,-0.46153212,-7.335155,4
14,5,0.071817294,-0.5327089,-8.43077,5
14,6,0.068710655,-0.5792781,-9.194361,6
14,7,0.058895193,-0.6053535,-9.658689,7
14,8,0.044192225,-0.61852944,-9.92213,8
14,9,0.025630224,-0.6247429,-10.062952,9
14,10,0.0023940243,-0.6275504,-10.133684,10
14,11,-0.017821763,-0.6288156,-10.169154,11
14,12,-0.036013544,-0.62939316,-10.186418,12
14,13,-0.04972118,-0.62966645,-10.194811,13
14,14,-0.066222854,-0.6298006,-10.198818,14
14,15,-0.08222341,-0.6298702,-10.200802,15
14,16,-0.09791865,-0.6299079,-10.201826,16
14,17,-0.10628707,-0.62993,-10.202412,17
14,18,-0.110587545,-0.62994355,-10.202765,18
14,19,-0.1117179,-0.6299526,-10.202996,19
14,20,-0.11771742,-0.62995857,-10.203145,20
14,21,-0.12300811,-0.62996304,-10.203242,21
14,22,-0.12825571,-0.62996596,-10.203307,22
14,23,-0.13249417,-0.62996805,-10.203352,23
14,24,-0.13568406,-0.6299696,-10.203385,24
14,25,-0.14104773,-0.6299706,-10.203404,25
14,26,-0.14434235,-0.62997144,-10.203419,26
14,27,-0.14708197,-0.6299721,-10.203429,27
14,28,-0.15065782,-0.62997246,-10.203433,28
14,29,-0.15241365,-0.62997276,-10.203438,29
14,30,-0.15167208,-0.629973,-10.203442,30
14,31,-0.15026276,-0.6299731,-10.203446,31
14,32,-0.14881474,-0.62997335,-10.203449,32
14,33,-0.14779891,-0.6299735,-10.203454,33
14,34,-0.14415652,-0.62997365,-10.203459,34
14,35,-0.14065129,-0.6299738,-10.203466,35
14,36,-0.13855821,-0.62997395,-10.203472,36
14,37,-0.1366009,-0.6299743,-10.203478,37
14,38,-0.1334432,-0.62997437,-10.203483,38
14,39,-0.13368694,-0.6299746,-10.203489,39
14,40,-0.13421609,-0.62997466,-10.203494,40
14,41,-0.1346232,-0.62997484,-10.203496,41
14,42,-0.14200051,-0.6299749,-10.203496,42
14,43,-0.145654,-0.6299749,-10.203491,43
14,44,-0.14843765,-0.6299748,-10.203489,44
14,45,-0.15076636,-0.62997466,-10.203483,45
14,46,-0.1523364,-0.62997454,-10.20348,46
14,47,-0.15365334,-0.6299745,-10.203476,47
14,48,-0.15345235,-0.62997437,-10.203471,48
14,49,-0.15152285,-0.62997437,-10.203471,49
14,50,-0.14837182,-0.6299744,-10.203472,50
14,51,-0.14542994,-0.6299745,-10.203475,51
14,52,-0.14322959,-0.6299744,-10.203478,52
14,53,-0.1418749,-0.62997454,-10.203481,53
14,54,-0.14098586,-0.6299745,-10.203483,54
14,55,-0.14053917,-0.6299746,-10.203486,55
14,56,-0.13924715,-0.6299746,-10.203487,56
14,57,-0.13872895,-0.62997454,-10.203493,57
14,58,-0.13834453,-0.62997454,-10.203495,58
14,59,-0.13791202,-0.6299746,-10.203498,59
14,60,-0.13615762,-0.62997466,-10.203501,60
14,61,-0.13761309,-0.62997466,-10.203504,61
14,62,-0.13961352,-0.6299746,-10.203503,62
14,63,-0.1378876,-0.62997466,-10.203504,63
14,64,-0.13751794,-0.62997454,-10.203504,64
14,65,-0.1468461,-0.6299746,-10.203499,65
14,66,-0.15222782,-0.6299744,-10.203493,66
14,67,-0.15688533,-0.62997407,-10.2034855,67
14,68,-0.15767135,-0.6299738,-10.203478,68
14,69,-0.15756479,-0.62997353,-10.203472,69
14,70,-0.1573734,-0.6299733,-10.203467,70
14,71,-0.15403214,-0.62997305,-10.203464,71
14,72,-0.15212727,-0.629973,-10.203463,72
14,73,-0.15014102,-0.6299729,-10.203463,73
14,74,-0.14560378,-0.62997276,-10.203465,74
14,75,-0.1444417,-0.62997293,-10.203468,75
14,76,-0.14380282,-0.62997293,-10.20347,76
14,77,-0.1434222,-0.62997305,-10.203472,77
14,78,-0.1447292,-0.6299731,-10.203476,78
14,79,-0.14536096,-0.62997323,-10.203477,79
14,80,-0.14606436,-0.6299732,-10.20348,80
14,81,-0.14711134,-0.62997335,-10.20348,81
14,82,-0.14880498,-0.6299733,-10.20348,82
14,83,-0.15503724,-0.6299732,-10.203475,83
14,84,-0.15784359,-0.62997305,-10.203471,84
14,85,-0.15932547,-0.62997293,-10.203466,85
14,86,-0.16035533,-0.6299729,-10.203464,86
14,87,-0.16116157,-0.62997276,-10.203461,87
14,88,-0.16229308,-0.62997264,-10.203458,88
14,89,-0.16294132,-0.6299726,-10.203454,89
14,90,-0.16446856,-0.62997234,-10.203449,90
14,91,-0.1658236,-0.62997204,-10.2034445,91
14,92,-0.16650704,-0.629972,-10.203439,92
14,93,-0.16628946,-0.6299719,-10.203438,93
14,94,-0.16606373,-0.6299717,-10.203434,94
14,95,-0.16597573,-0.6299716,-10.203433,95
14,96,-0.16379139,-0.6299715,-10.203432,96
14,97,-0.16234542,-0.6299715,-10.203432,97
14,98,-0.16112372,-0.62997144,-10.20343,98
14,99,-0.15944237,-0.62997144,-10.203432,99
14,100,-0.15819587,-0.62997144,-10.203432,100
14,101,-0.15542254,-0.62997156,-10.203435,101
14,102,-0.15401125,-0.6299718,-10.203438,102
14,103,-0.14908506,-0.6299719,-10.2034445,103
14,104,-0.14639403,-0.629972,-10.203451,104
14,105,-0.14411484,-0.62997216,-10.203456,105
14,106,-0.14181542,-0.6299724,-10.203463,106
14,107,-0.1406061,-0.6299726,-10.203468,107
14,108,-0.14021385,-0.62997276,-10.203473,108
14,109,-0.13903105,-0.6299729,-10.203478,109
14,110,-0.14058688,-0.6299729,-10.203481,110
14,111,-0.14257483,-0.6299731,-10.20348,111
14,112,-0.14386709,-0.6299732,-10.20348,112
14,113,-0.1446751,-0.6299731,-10.203481,113
14,114,-0.14716199,-0.62997335,-10.203481,114
14,115,-0.15019946,-0.62997335,-10.20348,115
14,116,-0.15184607,-0.6299733,-10.203478,116
14,117,-0.15296654,-0.6299732,-10.203475,117
14,118,-0.1541001,-0.62997323,-10.203473,118
14,119,-0.15490854,-0.6299732,-10.203472,119
14,120,-0.15552203,-0.62997305,-10.203467,120
14,121,-0.15627006,-0.62997293,-10.203467,121
14,122,-0.1567898,-0.62997293,-10.203465,122
14,123,-0.15850101,-0.6299727,-10.203463,123
14,124,-0.15945026,-0.62997264,-10.203459,124
14,125,-0.16033675,-0.6299725,-10.203454,125
14,126,-0.16173443,-0.62997234,-10.203449,126
14,127,-0.16346622,-0.6299723,-10.203446,127
14,128,-0.16428725,-0.62997204,-10.203443,128
14,129,-0.16413029,-0.6299719,-10.203439,129
14,130,-0.16346242,-0.62997186,-10.203435,130
14,131,-0.16230844,-0.6299715,-10.203434,131
14,132,-0.16059938,-0.6299714,-10.203432,132
14,133,-0.15933405,-0.62997156,-10.203433,133
14,134,-0.15842864,-0.6299715,-10.203433,134
14,135,-0.15540001,-0.62997174,-10.203437,135
14,136,-0.1537162,-0.6299718,-10.203439,136
14,137,-0.15243389,-0.62997186,-10.203443,137
14,138,-0.15109435,-0.629972,-10.203447,138
14,139,-0.1501556,-0.62997204,-10.203452,139
14,140,-0.1496335,-0.6299721,-10.203456,140
14,141,-0.14947702,-0.62997216,-10.203459,141
14,142,-0.14838885,-0.62997204,-10.203462,142
14,143,-0.14796162,-0.62997204,-10.203462,143
14,144,-0.14770038,-0.62997216,-10.203466,144
14,145,-0.14698806,-0.6299721,-10.203467,145
14,146,-0.14423162,-0.62997246,-10.203472,146
14,147,-0.14431292,-0.62997276,-10.203478,147
14,148,-0.14536728,-0.62997276,-10.203482,148
14,149,-0.14622305,-0.6299729,-10.203483,149
14,150,-0.14690773,-0.6299729,-10.203483,150
14,151,-0.15001467,-0.62997276,-10.203481,151
14,152,-0.15183054,-0.62997276,-10.203478,152
14,153,-0.15330264,-0.62997264,-10.203475,153
14,154,-0.15488797,-0.62997246,-10.203471,154
14,155,-0.1560338,-0.6299724,-10.203467,155
14,156,-0.15666997,-0.62997234,-10.203464,156
14,157,-0.15699041,-0.6299723,-10.203462,157
14,158,-0.15708542,-0.6299722,-10.203458,158
14,159,-0.15742388,-0.6299723,-10.203458,159
14,160,-0.15737163,-0.6299723,-10.203458,160
14,161,-0.15725903,-0.6299723,-10.203458,161
14,162,-0.15724288,-0.62997234,-10.203458,162
14,163,-0.15764192,-0.6299721,-10.203456,163
14,164,-0.15764557,-0.62997216,-10.203456,164
14,165,-0.15727304,-0.62997216,-10.203456,165
14,166,-0.1570903,-0.62997204,-10.203456,166
14,167,-0.15578209,-0.62997204,-10.203457,167
14,168,-0.15431473,-0.6299721,-10.203458,168
14,169,-0.15349217,-0.62997216,-10.203461,169
14,170,-0.15258351,-0.62997216,-10.203464,170
14,171,-0.15171765,-0.62997234,-10.203467,171
14,172,-0.15038848,-0.6299724,-10.20347,172
14,173,-0.14665551,-0.6299726,-10.203476,173
14,174,-0.14619386,-0.6299726,-10.203482,174
14,175,-0.14950877,-0.62997276,-10.203483,175
14,176,-0.15206964,-0.62997276,-10.203482,176
14,177,-0.15384927,-0.6299728,-10.203482,177
14,178,-0.15857519,-0.62997276,-10.203478,178
14,179,-0.1612689,-0.62997264,-10.203475,179
14,180,-0.16374134,-0.6299726,-10.203468,180
14,181,-0.16590923,-0.6299724,-10.203463,181
14,182,-0.16791402,-0.62997216,-10.203457,182
14,183,-0.16852798,-0.62997204,-10.203452,183
14,184,-0.167807,-0.62997186,-10.203447,184
14,185,-0.16674943,-0.6299717,-10.203444,185
14,186,-0.16585737,-0.62997156,-10.203442,186
14,187,-0.16253386,-0.6299716,-10.203442,187
14,188,-0.1579695,-0.62997144,-10.2034445,188
14,189,-0.15520985,-0.62997144,-10.203447,189
14,190,-0.15298998,-0.62997156,-10.203451,190
14,191,-0.14861163,-0.6299716,-10.203454,191
14,192,-0.14661703,-0.6299718,-10.203458,192
14,193,-0.14671358,-0.62997186,-10.203462,193
14,194,-0.15066728,-0.629972,-10.203462,194
14,195,-0.15258917,-0.6299719,-10.203459,195
14,196,-0.15388508,-0.629972,-10.203457,196
14,197,-0.15468022,-0.62997186,-10.203457,197
14,198,-0.15509826,-0.629972,-10.203454,198
14,199,-0.15617579,-0.62997204,-10.203453,199
15,0,-0.017001154,-0.12958768,-2.5568223,0
15,1,-0.058467533,-0.28151605,-5.000686,1
15,2,-0.09843875,-0.4290127,-7.1362085,2
15,3,-0.13134986,-0.53375477,-8.619918,3
15,4,-0.16220154,-0.58940345,-9.454465,4
15,5,-0.18741164,-0.6141763,-9.872293,5
15,6,-0.19890955,-0.6241645,-10.066576,6
15,7,-0.21333224,-0.62779486,-10.146499,7
15,8,-0.21979626,-0.6291222,-10.179114,8
15,9,-0.21964316,-0.62961787,-10.192488,9
15,10,-0.21465513,-0.62981325,-10.19814,10
15,11,-0.20706275,-0.6298963,-10.200672,11
15,12,-0.19861624,-0.629935,-10.20189,12
15,13,-0.19097963,-0.6299546,-10.202524,13
15,14,-0.18420973,-0.62996536,-10.202875,14
15,15,-0.17880747,-0.6299717,-10.203085,15
15,16,-0.17457145,-0.6299756,-10.203214,16
15,17,-0.17001939,-0.62997824,-10.2033,17
15,18,-0.16676453,-0.62997997,-10.203358,18
15,19,-0.16643663,-0.62998116,-10.203396,19
15,20,-0.16567597,-0.629982,-10.2034235,20
15,21,-0.16376194,-0.62998265,-10.203444,21
15,22,-0.16187604,-0.62998307,-10.203461,22
15,23,-0.16045609,-0.6299835,-10.203472,23
15,24,-0.15760742,-0.6299838,-10.203483,24
15,25,-0.15797262,-0.62998396,-10.20349,25
15,26,-0.15764672,-0.62998414,-10.203498,26
15,27,-0.15799607,-0.6299843,-10.203503,27
15,28,-0.15991724,-0.6299844,-10.203504,28
15,29,-0.16017349,-0.6299845,-10.203505,29
15,30,-0.16062568,-0.62998444,-10.203508,30
15,31,-0.15993692,-0.6299846,-10.203508,31
15,32,-0.15860914,-0.6299846,-10.20351,32
15,33,-0.1576063,-0.6299846,-10.203512,33
15,34,-0.15628897,-0.62998474,-10.203515,34
15,35,-0.1554893,-0.62998486,-10.203518,35
15,36,-0.14898159,-0.6299849,-10.203523,36
15,37,-0.14985366,-0.629985,-10.203525,37
15,38,-0.14957386,-0.629985,-10.203528,38
15,39,-0.14971943,-0.62998503,-10.203531,39
15,40,-0.15195857,-0.6299851,-10.203531,40
15,41,-0.15467623,-0.62998503,-10.203529,41
15,42,-0.15469834,-0.62998503,-10.203529,42
15,43,-0.1540619,-0.6299851,-10.203529,43
15,44,-0.15351127,-0.62998503,-10.203529,44
15,45,-0.15325707,-0.62998503,-10.203529,45
15,46,-0.14842568,-0.62998515,-10.203534,46
15,47,-0.14660604,-0.62998515,-10.203536,47
15,48,-0.14523329,-0.62998515,-10.203539,48
15,49,-0.1430555,-0.6299852,-10.203542,49
15,50,-0.14178003,-0.6299852,-10.203543,50
15,51,-0.14082125,-0.6299852,-10.203546,51
15,52,-0.13725151,-0.6299854,-10.2035475,52
15,53,-0.13560162,-0.62998545,-10.203552,53
15,54,-0.13754004,-0.62998545,-10.203556,54
15,55,-0.13792008,-0.6299855,-10.203556,55
15,56,-0.1380951,-0.6299855,-10.203558,56
15,57,-0.13709974,-0.62998563,-10.203561,57
15,58,-0.13577089,-0.6299855,-10.203565,58
15,59,-0.1353011,-0.6299856,-10.203566,59
15,60,-0.13406974,-0.62998563,-10.203568,60
15,61,-0.13365921,-0.6299856,-10.20357,61
15,62,-0.13308881,-0.6299856,-10.203571,62
15,63,-0.13647676,-0.6299856,-10.203569,63
15,64,-0.13803221,-0.6299856,-10.203569,64
15,65,-0.13583046,-0.6299856,-10.20357,65
15,66,-0.14247629,-0.6299855,-10.203567,66
15,67,-0.14583243,-0.6299855,-10.203562,67
15,68,-0.14784814,-0.62998545,-10.203558,68
15,69,-0.14994924,-0.6299854,-10.203556,69
15,70,-0.15128386,-0.6299853,-10.203551,70
15,71,-0.15195942,-0.6299852,-10.203548,71
15,72,-0.15253468,-0.62998515,-10.2035475,72
15,73,-0.15413123,-0.62998515,-10.203544,73
15,74,-0.15486851,-0.62998515,-10.203544,74
15,75,-0.15632306,-0.6299851,-10.203539,75
15,76,-0.16038895,-0.629985,-10.203534,76
15,77,-0.16134508,-0.629985,-10.203531,77
15,78,-0.16119437,-0.6299849,-10.203528,78
15,79,-0.15941323,-0.6299849,-10.2035265,79
15,80,-0.15590352,-0.62998486,-10.2035265,80
15,81,-0.15364149,-0.62998486,-10.203528,81
15,82,-0.15226948,-0.6299849,-10.203528,82
15,83,-0.14562349,-0.629985,-10.203533,83
15,84,-0.14273393,-0.62998503,-10.203538,84
15,85,-0.14016844,-0.6299851,-10.203543,85
15,86,-0.1385887,-0.62998515,-10.203547,86
15,87,-0.1356907,-0.62998515,-10.203552,87
15,88,-0.13704148,-0.6299852,-10.203553,88
15,89,-0.13834299,-0.6299852,-10.203555,89
15,90,-0.1390541,-0.6299853,-10.203557,90
15,91,-0.14322335,-0.6299852,-10.203555,91
15,92,-0.14493634,-0.6299853,-10.203555,92
15,93,-0.14693022,-0.6299853,-10.203553,93
15,94,-0.15100244,-0.6299852,-10.203551,94
15,95,-0.15113783,-0.6299851,-10.2035475,95
15,96,-0.15679032,-0.629985,-10.203543,96
15,97,-0.15965506,-0.6299848,-10.203537,97
15,98,-0.16217452,-0.62998474,-10.203531,98
15,99,-0.16563864,-0.62998456,-10.203523,99
15,100,-0.16487947,-0.6299844,-10.203518,100
15,101,-0.1640865,-0.62998426,-10.203514,101
15,102,-0.16362311,-0.62998414,-10.20351,102
15,103,-0.15581782,-0.6299842,-10.203512,103
15,104,-0.15260264,-0.6299842,-10.203514,104
15,105,-0.14978778,-0.6299842,-10.203514,105
15,106,-0.14468446,-0.6299843,-10.203518,106
15,107,-0.14762661,-0.62998426,-10.203519,107
15,108,-0.15005407,-0.62998426,-10.203519,108
15,109,-0.15252309,-0.6299842,-10.203514,109
15,110,-0.16043057,-0.62998414,-10.203509,110
15,111,-0.15748909,-0.62998414,-10.203507,111
15,112,-0.15396848,-0.62998414,-10.203508,112
15,113,-0.1464104,-0.6299843,-10.203514,113
15,114,-0.14870574,-0.6299843,-10.203515,114
15,115,-0.15283355,-0.62998426,-10.203514,115
15,116,-0.15978163,-0.6299842,-10.203509,116
15,117,-0.15749846,-0.6299842,-10.203507,117
15,118,-0.15233372,-0.6299843,-10.203509,118
15,119,-0.14502788,-0.62998444,-10.203515,119
15,120,-0.14643243,-0.62998444,-10.203517,120
15,121,-0.14776248,-0.6299846,-10.203519,121
15,122,-0.14981486,-0.6299845,-10.203518,122
15,123,-0.15132262,-0.62998456,-10.203517,123
15,124,-0.15223606,-0.62998456,-10.203517,124
15,125,-0.15668859,-0.62998444,-10.203514,125
15,126,-0.15875155,-0.62998444,-10.20351,126
15,127,-0.16078809,-0.6299844,-10.2035055,127
15,128,-0.16446626,-0.6299843,-10.203501,128
15,129,-0.16587758,-0.62998426,-10.203496,129
15,130,-0.16426903,-0.6299842,-10.203494,130
15,131,-0.16232227,-0.6299842,-10.203493,131
15,132,-0.16058655,-0.62998426,-10.203493,132
15,133,-0.1595508,-0.62998426,-10.203491,133
15,134,-0.15469514,-0.6299842,-10.203494,134
15,135,-0.15055688,-0.6299844,-10.203499,135
15,136,-0.1483673,-0.62998444,-10.203503,136
15,137,-0.1461812,-0.62998444,-10.203505,137
15,138,-0.14238368,-0.62998456,-10.203512,138
15,139,-0.14323947,-0.6299845,-10.203514,139
15,140,-0.14400916,-0.62998456,-10.203515,140
15,141,-0.14446853,-0.6299846,-10.203517,141
15,142,-0.15414917,-0.62998456,-10.20351,142
15,143,-0.15780877,-0.6299845,-10.203508,143
15,144,-0.16066776,-0.6299844,-10.203505,144
15,145,-0.16312055,-0.6299844,-10.203499,145
15,146,-0.16467711,-0.62998426,-10.203496,146
15,147,-0.16613045,-0.62998414,-10.203491,147
15,148,-0.1655325,-0.62998414,-10.203489,148
15,149,-0.16279654,-0.62998414,-10.20349,149
15,150,-0.15870193,-0.62998414,-10.203493,150
15,151,-0.1551481,-0.6299842,-10.203496,151
15,152,-0.15255387,-0.6299842,-10.2035,152
15,153,-0.15093936,-0.62998426,-10.203504,153
15,154,-0.14976071,-0.6299843,-10.203507,154
15,155,-0.14911413,-0.6299843,-10.203508,155
15,156,-0.14685085,-0.62998444,-10.203513,156
15,157,-0.14613321,-0.6299845,-10.203515,157
15,158,-0.14563857,-0.6299845,-10.203517,158
15,159,-0.14512773,-0.62998456,-10.203518,159
15,160,-0.1428823,-0.62998456,-10.203519,160
15,161,-0.1450238,-0.62998456,-10.203518,161
15,162,-0.1475116,-0.62998456,-10.203518,162
15,163,-0.14493233,-0.62998456,-10.203519,163
15,164,-0.14473371,-0.62998444,-10.203517,164
15,165,-0.15716614,-0.6299843,-10.203508,165
15,166,-0.16273151,-0.6299842,-10.2035,166
15,167,-0.16788593,-0.629984,-10.203491,167
15,168,-0.16774799,-0.62998396,-10.203486,168
15,169,-0.1671708,-0.6299838,-10.203483,169
15,170,-0.16685069,-0.62998366,-10.203478,170
15,171,-0.16228332,-0.6299837,-10.203478,171
15,172,-0.16037567,-0.62998366,-10.20348,172
15,173,-0.15822127,-0.6299836,-10.203478,173
15,174,-0.15260293,-0.6299837,-10.203483,174
15,175,-0.1518446,-0.6299838,-10.203483,175
15,176,-0.15143912,-0.6299837,-10.2034855,176
15,177,-0.15115128,-0.6299838,-10.203487,177
15,178,-0.15272628,-0.62998384,-10.203487,178
15,179,-0.1532385,-0.6299838,-10.203489,179
15,180,-0.15369928,-0.62998384,-10.203489,180
15,181,-0.1544354,-0.62998384,-10.203489,181
15,182,-0.15589811,-0.6299837,-10.203489,182
15,183,-0.16314164,-0.6299836,-10.203485,183
15,184,-0.1651595,-0.62998354,-10.203482,184
15,185,-0.16589761,-0.6299834,-10.20348,185
15,186,-0.16637477,-0.6299833,-10.203476,186
15,187,-0.16676329,-0.62998325,-10.203473,187
15,188,-0.16780703,-0.6299831,-10.203472,188
15,189,-0.16819862,-0.6299831,-10.20347,189
15,190,-0.170109,-0.62998295,-10.203468,190
15,191,-0.17194706,-0.6299829,-10.203464,191
15,192,-0.17301589,-0.6299829,-10.203459,192
15,193,-0.1730112,-0.62998277,-10.203458,193
15,194,-0.17330877,-0.6299828,-10.203454,194
15,195,-0.17374758,-0.6299827,-10.203451,195
15,196,-0.17122203,-0.62998277,-10.203452,196
15,197,-0.17007676,-0.6299827,-10.203451,197
15,198,-0.16916765,-0.6299828,-10.203449,198
15,199,-0.16758016,-0.62998277,-10.203451,199
16,0,0.020240953,-0.103938915,-1.8457369,0
16,1,0.021405015,-0.22311234,-3.6855917,1
16,2,0.014713952,-0.3570507,-5.770445,2
16,3,0.0020739173,-0.47791564,-7.7024126,3
16,4,-0.01520733,-0.56004065,-9.043922,4
16,5,-0.034336105,-0.60282505,-9.752452,5
16,6,-0.050911058,-0.6206616,-10.049804,6
16,7,-0.06699669,-0.6268933,-10.15333,7
16,8,-0.08035144,-0.62891066,-10.186558,8
16,9,-0.090342574,-0.6295652,-10.197199,9
16,10,-0.100467354,-0.6297927,-10.200828,10
16,11,-0.103825554,-0.62988305,-10.202243,11
16,12,-0.10463584,-0.6299232,-10.202865,12
16,13,-0.10252839,-0.6299435,-10.203175,13
16,14,-0.105433434,-0.6299544,-10.2033415,14
16,15,-0.11029223,-0.62996083,-10.203439,15
16,16,-0.11673023,-0.6299648,-10.203495,16
16,17,-0.118152864,-0.6299675,-10.203536,17
16,18,-0.11664228,-0.6299695,-10.203562,18
16,19,-0.11322973,-0.6299709,-10.203584,19
16,20,-0.11432757,-0.62997186,-10.203602,20
16,21,-0.11632688,-0.6299726,-10.203611,21
16,22,-0.11863649,-0.6299731,-10.203622,22
16,23,-0.1204616,-0.62997353,-10.203627,23
16,24,-0.12173318,-0.6299739,-10.20363,24
16,25,-0.12448838,-0.6299741,-10.203633,25
16,26,-0.12630725,-0.6299743,-10.203633,26
16,27,-0.12788124,-0.6299744,-10.203635,27
16,28,-0.13017687,-0.6299745,-10.203633,28
16,29,-0.13152833,-0.6299745,-10.203631,29
16,30,-0.13112912,-0.6299746,-10.20363,30
16,31,-0.13027364,-0.62997466,-10.203629,31
16,32,-0.12944824,-0.6299748,-10.203631,32
16,33,-0.12900668,-0.62997484,-10.203631,33
16,34,-0.126723,-0.6299749,-10.203632,34
16,35,-0.12434331,-0.6299751,-10.203632,35
16,36,-0.12303683,-0.6299751,-10.203635,36
16,37,-0.12196379,-0.62997526,-10.203636,37
16,38,-0.120075814,-0.6299754,-10.203639,38
16,39,-0.12060852,-0.6299755,-10.20364,39
16,40,-0.121485084,-0.6299755,-10.203642,40
16,41,-0.12220394,-0.6299757,-10.203642,41
16,42,-0.12780057,-0.62997556,-10.203641,42
16,43,-0.13080712,-0.62997556,-10.20364,43
16,44,-0.13274916,-0.62997544,-10.203637,44
16,45,-0.13412456,-0.6299753,-10.203636,45
16,46,-0.13486633,-0.6299752,-10.203633,46
16,47,-0.13542855,-0.6299751,-10.20363,47
16,48,-0.13488545,-0.62997496,-10.20363,48
16,49,-0.1329603,-0.62997496,-10.20363,49
16,50,-0.1300739,-0.6299749,-10.20363,50
16,51,-0.1273425,-0.6299749,-10.203633,51
16,52,-0.12522678,-0.6299748,-10.203635,52
16,53,-0.12384859,-0.6299749,-10.203636,53
16,54,-0.12292444,-0.62997496,-10.203639,54
16,55,-0.122439176,-0.62997496,-10.203641,55
16,56,-0.1212826,-0.6299751,-10.203641,56
16,57,-0.12084191,-0.6299751,-10.203641,57
16,58,-0.1208228,-0.6299752,-10.203644,58
16,59,-0.12098839,-0.6299752,-10.203644,59
16,60,-0.12037577,-0.6299753,-10.203645,60
16,61,-0.12204732,-0.6299754,-10.203644,61
16,62,-0.12422308,-0.6299754,-10.203642,62
16,63,-0.123736694,-0.62997544,-10.203642,63
16,64,-0.12398479,-0.6299755,-10.203641,64
16,65,-0.13107964,-0.62997526,-10.203639,65
16,66,-0.13559334,-0.6299751,-10.203635,66
16,67,-0.13893417,-0.62997496,-10.203632,67
16,68,-0.13897781,-0.62997466,-10.203627,68
16,69,-0.13807005,-0.6299745,-10.203624,69
16,70,-0.13714197,-0.62997437,-10.203623,70
16,71,-0.13406658,-0.6299742,-10.203622,71
16,72,-0.13216825,-0.6299741,-10.203619,72
16,73,-0.13052714,-0.62997407,-10.203619,73
16,74,-0.12732357,-0.6299742,-10.203619,74
16,75,-0.12651782,-0.6299742,-10.203623,75
16,76,-0.12634237,-0.62997437,-10.203624,76
16,77,-0.1263495,-0.6299743,-10.203624,77
16,78,-0.12738901,-0.6299744,-10.203626,78
16,79,-0.12790549,-0.6299743,-10.203626,79
16,80,-0.12820126,-0.6299743,-10.203629,80
16,81,-0.12856175,-0.6299743,-10.203629,81
16,82,-0.1292423,-0.6299742,-10.20363,82
16,83,-0.1329611,-0.62997395,-10.203628,83
16,84,-0.13427672,-0.6299738,-10.203628,84
16,85,-0.13438433,-0.62997377,-10.203627,85
16,86,-0.13404065,-0.62997365,-10.203623,86
16,87,-0.13357782,-0.62997353,-10.203623,87
16,88,-0.13340257,-0.62997335,-10.203623,88
16,89,-0.13310412,-0.62997323,-10.203621,89
16,90,-0.13316391,-0.6299732,-10.203621,90
16,91,-0.13358466,-0.62997305,-10.203618,91
16,92,-0.13398977,-0.629973,-10.203617,92
16,93,-0.13401993,-0.62997293,-10.203613,93
16,94,-0.13411409,-0.6299729,-10.203614,94
16,95,-0.1343879,-0.6299729,-10.203611,95
16,96,-0.1330271,-0.62997293,-10.203609,96
16,97,-0.13230756,-0.62997293,-10.203609,97
16,98,-0.13191949,-0.629973,-10.203609,98
16,99,-0.13125841,-0.62997305,-10.203609,99
16,100,-0.13092715,-0.6299731,-10.203611,100
16,101,-0.12942488,-0.6299733,-10.203612,101
16,102,-0.12890607,-0.6299734,-10.203613,102
16,103,-0.12592742,-0.62997353,-10.203616,103
16,104,-0.124352045,-0.62997377,-10.203618,104
16,105,-0.12323068,-0.6299739,-10.203622,105
16,106,-0.122167416,-0.62997407,-10.203623,106
16,107,-0.12186692,-0.6299742,-10.203627,107
16,108,-0.12212908,-0.6299744,-10.203628,108
16,109,-0.12189101,-0.6299745,-10.203631,109
16,110,-0.12353085,-0.62997454,-10.203631,110
16,111,-0.12533455,-0.6299746,-10.203631,111
16,112,-0.12669782,-0.6299746,-10.203632,112
16,113,-0.12756135,-0.62997466,-10.203632,113
16,114,-0.12929063,-0.62997466,-10.203632,114
16,115,-0.13145548,-0.6299746,-10.203631,115
16,116,-0.1322907,-0.62997437,-10.20363,116
16,117,-0.13243267,-0.6299743,-10.20363,117
16,118,-0.13247319,-0.6299743,-10.203629,118
16,119,-0.13227409,-0.62997407,-10.203629,119
16,120,-0.13193792,-0.62997395,-10.203627,120
16,121,-0.13171595,-0.6299739,-10.203627,121
16,122,-0.13144727,-0.6299739,-10.203626,122
16,123,-0.13203199,-0.62997377,-10.203624,123
16,124,-0.13240544,-0.62997365,-10.203622,124
16,125,-0.13289343,-0.6299736,-10.203621,125
16,126,-0.13392961,-0.6299736,-10.203618,126
16,127,-0.13556935,-0.6299734,-10.203616,127
16,128,-0.13652013,-0.62997335,-10.203613,128
16,129,-0.13666065,-0.62997335,-10.203611,129
16,130,-0.13628885,-0.62997323,-10.2036085,130
16,131,-0.13550135,-0.6299731,-10.2036085,131
16,132,-0.13450524,-0.6299732,-10.203608,132
16,133,-0.13381833,-0.6299731,-10.203607,133
16,134,-0.13343534,-0.6299732,-10.203608,134
16,135,-0.13148803,-0.6299733,-10.2036085,135
16,136,-0.13019252,-0.62997335,-10.203611,136
16,137,-0.12912306,-0.62997335,-10.203613,137
16,138,-0.12797593,-0.62997335,-10.203614,138
16,139,-0.12695079,-0.62997335,-10.203618,139
16,140,-0.12621273,-0.6299734,-10.203621,140
16,141,-0.1258135,-0.6299736,-10.203623,141
16,142,-0.1247591,-0.62997353,-10.203623,142
16,143,-0.12439915,-0.62997365,-10.203626,143
16,144,-0.12449497,-0.62997377,-10.203626,144
16,145,-0.124588124,-0.6299738,-10.203627,145
16,146,-0.12316552,-0.62997407,-10.203628,146
16,147,-0.12369153,-0.62997407,-10.203629,147
16,148,-0.12496344,-0.6299741,-10.203631,148
16,149,-0.12570257,-0.6299741,-10.203632,149
16,150,-0.126089,-0.6299742,-10.203632,150
16,151,-0.12814313,-0.629974,-10.203632,151
16,152,-0.12934884,-0.62997395,-10.203631,152
16,153,-0.13040373,-0.62997395,-10.20363,153
16,154,-0.1316897,-0.6299739,-10.203626,154
16,155,-0.132672,-0.62997395,-10.203626,155
16,156,-0.13328281,-0.6299738,-10.203623,156
16,157,-0.13361236,-0.62997377,-10.203621,157
16,158,-0.13372679,-0.6299737,-10.203619,158
16,159,-0.13382208,-0.6299736,-10.203617,159
16,160,-0.13358542,-0.6299736,-10.203618,160
16,161,-0.13310368,-0.6299735,-10.203617,161
16,162,-0.13257189,-0.6299735,-10.203617,162
16,163,-0.1321958,-0.62997335,-10.203617,163
16,164,-0.13152497,-0.6299733,-10.203618,164
16,165,-0.13060546,-0.6299732,-10.203618,165
16,166,-0.12990716,-0.6299732,-10.203618,166
16,167,-0.12851603,-0.6299732,-10.203619,167
16,168,-0.12714233,-0.6299732,-10.203622,168
16,169,-0.12636144,-0.6299733,-10.203622,169
16,170,-0.1256671,-0.6299733,-10.203626,170
16,171,-0.12505709,-0.62997335,-10.203627,171
16,172,-0.124122754,-0.6299734,-10.203629,172
16,173,-0.12163932,-0.6299735,-10.20363,173
16,174,-0.12137942,-0.6299736,-10.203632,174
16,175,-0.12378045,-0.62997365,-10.203633,175
16,176,-0.12569019,-0.62997365,-10.203635,176
16,177,-0.1268879,-0.62997365,-10.203633,177
16,178,-0.12990229,-0.6299736,-10.203632,178
16,179,-0.13160446,-0.6299735,-10.20363,179
16,180,-0.13302794,-0.62997335,-10.203628,180
16,181,-0.13424487,-0.62997323,-10.203627,181
16,182,-0.13537233,-0.62997305,-10.203622,182
16,183,-0.13565765,-0.629973,-10.203619,183
16,184,-0.13511018,-0.62997293,-10.203614,184
16,185,-0.13440429,-0.6299729,-10.203613,185
16,186,-0.13393182,-0.6299728,-10.203612,186
16,187,-0.1317862,-0.6299729,-10.203612,187
16,188,-0.12867266,-0.62997293,-10.203613,188
16,189,-0.1270472,-0.62997305,-10.203614,189
16,190,-0.12611862,-0.6299732,-10.203616,190
16,191,-0.123921596,-0.62997335,-10.203617,191
16,192,-0.12342176,-0.6299735,-10.203621,192
16,193,-0.12447984,-0.62997377,-10.203621,193
16,194,-0.12834592,-0.62997377,-10.203622,194
16,195,-0.13068654,-0.6299738,-10.203622,195
16,196,-0.13217185,-0.6299738,-10.203618,196
16,197,-0.13303056,-0.6299739,-10.203617,197
16,198,-0.1334451,-0.6299739,-10.203618,198
16,199,-0.13402474,-0.62997377,-10.203616,199
17,0,-0.01394134,-0.17707466,-3.4036388,0
17,1,-0.05196535,-0.39193967,-6.845196,1
17,2,-0.087805904,-0.5459092,-9.044289,2
17,3,-0.11460968,-0.60808855,-9.894393,3
17,4,-0.13808101,-0.6248805,-10.128517,4
17,5,-0.15351863,-0.6287246,-10.184746,5
17,6,-0.1560252,-0.6296135,-10.1982,6
17,7,-0.16327795,-0.6298451,-10.201687,7
17,8,-0.16450936,-0.6299202,-10.202805,8
17,9,-0.16268049,-0.6299496,-10.203238,9
17,10,-0.15971299,-0.62996334,-10.203437,10
17,11,-0.15667883,-0.62997055,-10.203538,11
17,12,-0.15405919,-0.62997466,-10.203597,12
17,13,-0.1521472,-0.6299773,-10.203635,13
17,14,-0.15082046,-0.62997895,-10.20366,14
17,15,-0.14999774,-0.62998015,-10.203675,15
17,16,-0.14957814,-0.629981,-10.203687,16
17,17,-0.1485199,-0.6299816,-10.203696,17
17,18,-0.14795081,-0.62998194,-10.203703,18
17,19,-0.14908136,-0.6299822,-10.203708,19
17,20,-0.14973319,-0.62998253,-10.203711,20
17,21,-0.14943585,-0.62998265,-10.203714,21
17,22,-0.14890534,-0.6299828,-10.203715,22
17,23,-0.1484922,-0.62998295,-10.203719,23
17,24,-0.14710358,-0.629983,-10.20372,24
17,25,-0.14753981,-0.6299832,-10.203721,25
17,26,-0.14760391,-0.6299832,-10.203721,26
17,27,-0.14808823,-0.6299832,-10.203724,27
17,28,-0.1495936,-0.62998325,-10.203724,28
17,29,-0.15007463,-0.6299833,-10.203724,29
17,30,-0.1506014,-0.6299833,-10.203724,30
17,31,-0.15034877,-0.6299834,-10.203724,31
17,32,-0.14959034,-0.6299835,-10.203725,32
17,33,-0.14892796,-0.6299835,-10.203725,33
17,34,-0.14803956,-0.6299834,-10.203725,34
17,35,-0.14744218,-0.6299836,-10.203725,35
17,36,-0.14322223,-0.6299836,-10.203729,36
17,37,-0.14341341,-0.6299836,-10.203729,37
17,38,-0.14297986,-0.6299836,-10.203727,38
17,39,-0.14297593,-0.6299837,-10.203729,39
17,40,-0.1444257,-0.6299836,-10.203729,40
17,41,-0.14609742,-0.62998366,-10.203727,41
17,42,-0.14622402,-0.62998366,-10.203727,42
17,43,-0.14581455,-0.6299836,-10.203727,43
17,44,-0.1453508,-0.6299836,-10.20373,44
17,45,-0.14503965,-0.6299836,-10.203727,45
17,46,-0.14169739,-0.62998366,-10.20373,46
17,47,-0.14021419,-0.6299837,-10.20373,47
17,48,-0.13897307,-0.62998384,-10.20373,48
17,49,-0.13726397,-0.62998384,-10.20373,49
17,50,-0.13615324,-0.62998384,-10.203732,50
17,51,-0.1352624,-0.62998384,-10.203732,51
17,52,-0.13286969,-0.62998396,-10.203732,52
17,53,-0.13128597,-0.6299839,-10.203732,53
17,54,-0.13224451,-0.62998396,-10.203732,54
17,55,-0.13244854,-0.6299839,-10.203733,55
17,56,-0.1325706,-0.62998396,-10.203733,56
17,57,-0.13179839,-0.62998396,-10.203732,57
17,58,-0.13073836,-0.62998396,-10.203731,58
17,59,-0.13023478,-0.629984,-10.203732,59
17,60,-0.12912257,-0.629984,-10.203731,60
17,61,-0.12853709,-0.629984,-10.203733,61
17,62,-0.12786898,-0.62998414,-10.203732,62
17,63,-0.12979352,-0.62998414,-10.203732,63
17,64,-0.13093188,-0.62998414,-10.203732,64
17,65,-0.12952666,-0.62998414,-10.203732,65
17,66,-0.13364546,-0.629984,-10.203731,66
17,67,-0.13624929,-0.62998396,-10.20373,67
17,68,-0.13804534,-0.629984,-10.203729,68
17,69,-0.13979772,-0.6299839,-10.203727,69
17,70,-0.141022,-0.62998384,-10.203727,70
17,71,-0.14181054,-0.62998384,-10.203727,71
17,72,-0.14250134,-0.62998384,-10.203726,72
17,73,-0.1438563,-0.6299837,-10.203725,73
17,74,-0.14471878,-0.62998366,-10.203725,74
17,75,-0.1460377,-0.62998366,-10.203725,75
17,76,-0.14913468,-0.6299836,-10.203724,76
17,77,-0.15037552,-0.62998354,-10.203725,77
17,78,-0.15074693,-0.62998354,-10.203724,78
17,79,-0.14996403,-0.62998354,-10.203724,79
17,80,-0.14783926,-0.62998354,-10.203722,80
17,81,-0.14619675,-0.6299836,-10.203725,81
17,82,-0.14511687,-0.62998354,-10.203725,82
17,83,-0.1407267,-0.6299836,-10.203726,83
17,84,-0.1382048,-0.62998366,-10.203727,84
17,85,-0.13601232,-0.62998366,-10.203729,85
17,86,-0.13449728,-0.6299837,-10.203727,86
17,87,-0.13220924,-0.6299837,-10.203729,87
17,88,-0.13261794,-0.6299838,-10.20373,88
17,89,-0.13323537,-0.62998384,-10.203729,89
17,90,-0.13358949,-0.6299838,-10.203729,90
17,91,-0.1363015,-0.62998384,-10.203727,91
17,92,-0.1375808,-0.6299838,-10.203729,92
17,93,-0.13903357,-0.6299838,-10.203727,93
17,94,-0.1418724,-0.6299837,-10.203726,94
17,95,-0.14108494,-0.6299836,-10.203726,95
17,96,-0.1448795,-0.6299835,-10.203724,96
17,97,-0.14685988,-0.6299833,-10.203721,97
17,98,-0.14856093,-0.6299832,-10.20372,98
17,99,-0.1508558,-0.62998307,-10.203719,99
17,100,-0.15058272,-0.62998295,-10.203717,100
17,101,-0.1500585,-0.6299828,-10.203717,101
17,102,-0.14964981,-0.62998277,-10.203716,102
17,103,-0.14462662,-0.6299827,-10.203717,103
17,104,-0.1418995,-0.62998265,-10.203717,104
17,105,-0.13952643,-0.6299826,-10.203719,105
17,106,-0.13577376,-0.6299827,-10.203719,106
17,107,-0.13702834,-0.62998253,-10.203719,107
17,108,-0.13848113,-0.6299825,-10.203719,108
17,109,-0.1401588,-0.6299825,-10.203717,109
17,110,-0.14536953,-0.6299825,-10.203716,110
17,111,-0.14410958,-0.6299825,-10.203716,111
17,112,-0.14181884,-0.6299824,-10.203716,112
17,113,-0.13659577,-0.62998253,-10.203719,113
17,114,-0.13730517,-0.6299825,-10.203719,114
17,115,-0.13982752,-0.6299825,-10.203717,115
17,116,-0.14455153,-0.6299825,-10.203716,116
17,117,-0.14375314,-0.6299825,-10.203717,117
17,118,-0.14055534,-0.62998253,-10.20372,118
17,119,-0.13548745,-0.62998265,-10.20372,119
17,120,-0.13571216,-0.6299826,-10.20372,120
17,121,-0.13657078,-0.62998265,-10.20372,121
17,122,-0.13790163,-0.62998265,-10.203722,122
17,123,-0.13908221,-0.6299827,-10.20372,123
17,124,-0.13988242,-0.62998277,-10.203721,124
17,125,-0.14276236,-0.6299827,-10.20372,125
17,126,-0.14451325,-0.6299826,-10.203719,126
17,127,-0.14612827,-0.62998265,-10.20372,127
17,128,-0.14877513,-0.6299826,-10.203719,128
17,129,-0.15019701,-0.62998277,-10.203717,129
17,130,-0.14959507,-0.6299826,-10.20372,130
17,131,-0.14851482,-0.6299827,-10.203719,131
17,132,-0.14745058,-0.62998265,-10.20372,132
17,133,-0.1468285,-0.6299827,-10.20372,133
17,134,-0.1437786,-0.62998277,-10.203721,134
17,135,-0.14088948,-0.6299828,-10.203724,135
17,136,-0.13913952,-0.6299828,-10.203722,136
17,137,-0.13748132,-0.6299829,-10.203724,137
17,138,-0.13477917,-0.6299829,-10.203724,138
17,139,-0.13493058,-0.629983,-10.203725,139
17,140,-0.13530225,-0.629983,-10.203725,140
17,141,-0.13558306,-0.629983,-10.203722,141
17,142,-0.14191651,-0.6299829,-10.203721,142
17,143,-0.14501324,-0.6299829,-10.203719,143
17,144,-0.1474667,-0.6299828,-10.203719,144
17,145,-0.14950278,-0.6299828,-10.203719,145
17,146,-0.15087976,-0.6299827,-10.203716,146
17,147,-0.15211341,-0.62998277,-10.203716,147
17,148,-0.15198155,-0.6299827,-10.203717,148
17,149,-0.15032364,-0.6299827,-10.203716,149
17,150,-0.14757793,-0.6299827,-10.203717,150
17,151,-0.1449462,-0.62998277,-10.203719,151
17,152,-0.14281732,-0.6299827,-10.203721,152
17,153,-0.1413418,-0.6299827,-10.20372,153
17,154,-0.14020093,-0.6299827,-10.20372,154
17,155,-0.13948177,-0.6299827,-10.203721,155
17,156,-0.13748562,-0.6299828,-10.203721,156
17,157,-0.13671061,-0.62998277,-10.203721,157
17,158,-0.13602781,-0.62998277,-10.203722,158
17,159,-0.13536768,-0.6299828,-10.203722,159
17,160,-0.13360691,-0.6299828,-10.203722,160
17,161,-0.13457115,-0.6299828,-10.203721,161
17,162,-0.13607837,-0.6299827,-10.203721,162
17,163,-0.13450065,-0.6299827,-10.203721,163
17,164,-0.13417034,-0.6299827,-10.20372,164
17,165,-0.14221269,-0.6299826,-10.203717,165
17,166,-0.146777,-0.6299824,-10.203715,166
17,167,-0.15099266,-0.6299824,-10.203712,167
17,168,-0.15171674,-0.6299823,-10.203712,168
17,169,-0.15174085,-0.6299823,-10.203712,169
17,170,-0.151701,-0.62998223,-10.2037115,170
17,171,-0.14880015,-0.6299821,-10.203712,171
17,172,-0.1473102,-0.6299822,-10.203712,172
17,173,-0.1456721,-0.62998223,-10.203712,173
17,174,-0.14174174,-0.6299821,-10.203714,174
17,175,-0.14082155,-0.6299823,-10.203715,175
17,176,-0.14022572,-0.6299822,-10.203714,176
17,177,-0.1398476,-0.6299821,-10.203714,177
17,178,-0.14092392,-0.6299822,-10.203714,178
17,179,-0.14122233,-0.6299822,-10.203712,179
17,180,-0.14152294,-0.6299822,-10.203712,180
17,181,-0.14201099,-0.6299821,-10.203712,181
17,182,-0.14288472,-0.6299821,-10.203712,182
17,183,-0.14740364,-0.629982,-10.2037115,183
17,184,-0.14918378,-0.6299819,-10.20371,184
17,185,-0.14985836,-0.6299818,-10.20371,185
17,186,-0.1501011,-0.6299818,-10.20371,186
17,187,-0.15021224,-0.6299818,-10.203711,187
17,188,-0.15067947,-0.62998176,-10.203711,188
17,189,-0.15084004,-0.62998164,-10.20371,189
17,190,-0.151757,-0.6299816,-10.203711,190
17,191,-0.15297127,-0.6299815,-10.203711,191
17,192,-0.15380767,-0.6299815,-10.203711,192
17,193,-0.15395507,-0.6299815,-10.203711,193
17,194,-0.15425439,-0.6299815,-10.203711,194
17,195,-0.15466405,-0.62998146,-10.203711,195
17,196,-0.15330075,-0.6299814,-10.2037115,196
17,197,-0.15265186,-0.62998146,-10.2037115,197
17,198,-0.1521653,-0.62998146,-10.2037115,198
17,199,-0.15129681,-0.62998146,-10.203712,199
18,0,0.03429224,-0.09230735,-1.8408892,0
18,1,0.054168552,-0.18604648,-3.3623803,1
18,2,0.06770377,-0.28859973,-4.8678627,2
18,3,0.07473238,-0.39133877,-6.3414435,3
18,4,0.07506902,-0.47741222,-7.5795116,4
18,5,0.07104981,-0.5401501,-8.52496,5
18,6,0.06456556,-0.58110416,-9.200909,6
18,7,0.052906655,-0.6044432,-9.625053,7
18,8,0.03929428,-0.61700153,-9.8809395,8
18,9,0.024033954,-0.62347937,-10.0289755,9
18,10,0.004962692,-0.6266829,-10.109575,10
18,11,-0.009127254,-0.62831676,-10.154454,11
18,12,-0.02158114,-0.6291305,-10.178196,12
18,13,-0.030221846,-0.6295374,-10.190455,13
18,14,-0.04277585,-0.62973523,-10.196446,14
18,15,-0.055724453,-0.62983537,-10.199443,15
18,16,-0.06915547,-0.62988806,-10.2009945,16
18,17,-0.07580977,-0.62991846,-10.2018795,17
18,18,-0.07875781,-0.6299368,-10.202414,18
18,19,-0.079061754,-0.6299485,-10.202751,19
18,20,-0.08414061,-0.6299557,-10.202963,20
18,21,-0.08991433,-0.6299606,-10.203098,21
18,22,-0.09517306,-0.62996364,-10.203189,22
18,23,-0.09953179,-0.62996584,-10.203252,23
18,24,-0.10296806,-0.6299674,-10.203297,24
18,25,-0.107514724,-0.6299683,-10.203327,25
18,26,-0.110791445,-0.62996906,-10.203348,26
18,27,-0.113516025,-0.6299697,-10.203363,27
18,28,-0.11665445,-0.6299699,-10.203373,28
18,29,-0.11848221,-0.6299702,-10.203382,29
18,30,-0.11820556,-0.62997055,-10.203387,30
18,31,-0.11742611,-0.62997085,-10.203396,31
18,32,-0.11663176,-0.62997115,-10.2034025,32
18,33,-0.11620845,-0.62997144,-10.20341,33
18,34,-0.11368157,-0.62997174,-10.20342,34
18,35,-0.11103191,-0.6299721,-10.203428,35
18,36,-0.109512575,-0.6299724,-10.203438,36
18,37,-0.1081692,-0.62997264,-10.203446,37
18,38,-0.105796255,-0.62997293,-10.203454,38
18,39,-0.1062115,-0.6299732,-10.203462,39
18,40,-0.10704766,-0.6299733,-10.203465,40
18,41,-0.107736245,-0.62997335,-10.20347,41
18,42,-0.114414535,-0.62997323,-10.203465,42
18,43,-0.11809982,-0.6299732,-10.203461,43
18,44,-0.120657116,-0.62997293,-10.203457,44
18,45,-0.12263037,-0.6299729,-10.203449,45
18,46,-0.12388,-0.62997264,-10.203447,46
18,47,-0.124952145,-0.6299726,-10.203442,47
18,48,-0.12477789,-0.6299725,-10.203439,48
18,49,-0.12309316,-0.6299725,-10.203438,49
18,50,-0.12037499,-0.62997264,-10.203442,50
18,51,-0.11778568,-0.62997276,-10.203444,51
18,52,-0.11575041,-0.6299728,-10.203447,52
18,53,-0.11443534,-0.6299729,-10.203452,53
18,54,-0.113514796,-0.62997293,-10.203456,54
18,55,-0.113054834,-0.62997305,-10.203457,55
18,56,-0.11116681,-0.62997276,-10.203462,56
18,57,-0.11031573,-0.6299729,-10.203464,57
18,58,-0.109776765,-0.6299729,-10.203466,58
18,59,-0.10923661,-0.62997293,-10.203468,59
18,60,-0.10768917,-0.629973,-10.203471,60
18,61,-0.108819574,-0.62997305,-10.203471,61
18,62,-0.11043049,-0.62997293,-10.20347,62
18,63,-0.10893692,-0.62997293,-10.203471,63
18,64,-0.108450636,-0.629973,-10.203473,64
18,65,-0.11665405,-0.62997276,-10.203465,65
18,66,-0.12223326,-0.62997264,-10.203459,66
18,67,-0.12645552,-0.6299724,-10.203452,67
18,68,-0.12690412,-0.62997216,-10.2034445,68
18,69,-0.12637177,-0.629972,-10.203439,69
18,70,-0.1258071,-0.62997174,-10.203434,70
18,71,-0.12246177,-0.6299716,-10.203433,71
18,72,-0.12041677,-0.6299716,-10.203433,72
18,73,-0.11846477,-0.6299716,-10.203434,73
18,74,-0.114280455,-0.62997174,-10.203439,74
18,75,-0.11333257,-0.6299719,-10.203442,75
18,76,-0.11299547,-0.6299722,-10.2034445,76
18,77,-0.11278156,-0.62997216,-10.203448,77
18,78,-0.114427306,-0.62997246,-10.203451,78
18,79,-0.1152405,-0.62997246,-10.203452,79
18,80,-0.11592631,-0.62997246,-10.203452,80
18,81,-0.116922796,-0.6299725,-10.203452,81
18,82,-0.11829778,-0.62997246,-10.203449,82
18,83,-0.123248026,-0.62997204,-10.2034445,83
18,84,-0.12554817,-0.62997186,-10.203438,84
18,85,-0.12654068,-0.6299716,-10.203434,85
18,86,-0.1269671,-0.6299713,-10.203427,86
18,87,-0.12722729,-0.62997115,-10.2034235,87
18,88,-0.12769964,-0.6299709,-10.203419,88
18,89,-0.12800597,-0.6299708,-10.203414,89
18,90,-0.12808216,-0.6299703,-10.20341,90
18,91,-0.1284354,-0.62997,-10.203404,91
18,92,-0.12865368,-0.6299698,-10.2034,92
18,93,-0.12840393,-0.62996984,-10.203395,93
18,94,-0.1282499,-0.62996966,-10.203391,94
18,95,-0.12820636,-0.62996966,-10.20339,95
18,96,-0.1261153,-0.6299697,-10.203391,96
18,97,-0.124906614,-0.62996984,-10.203391,97
18,98,-0.12401913,-0.6299699,-10.203393,98
18,99,-0.12280316,-0.62997,-10.203395,99
18,100,-0.121987976,-0.6299702,-10.203398,100
18,101,-0.119862154,-0.6299703,-10.203402,101
18,102,-0.118942425,-0.62997055,-10.203406,102
18,103,-0.115091465,-0.6299709,-10.203415,103
18,104,-0.112886496,-0.6299712,-10.203423,104
18,105,-0.11111352,-0.6299715,-10.20343,105
18,106,-0.109333746,-0.62997174,-10.203438,106
18,107,-0.10842829,-0.62997204,-10.203444,107
18,108,-0.10838778,-0.6299722,-10.203449,108
18,109,-0.107257515,-0.62997234,-10.203457,109
18,110,-0.10807939,-0.6299722,-10.203458,110
18,111,-0.11004937,-0.6299724,-10.203459,111
18,112,-0.11154843,-0.62997246,-10.203459,112
18,113,-0.11248054,-0.6299726,-10.203458,113
18,114,-0.115442626,-0.62997276,-10.203456,114
18,115,-0.11856001,-0.6299726,-10.203453,115
18,116,-0.12015712,-0.62997246,-10.203449,116
18,117,-0.12106369,-0.6299723,-10.203447,117
18,118,-0.12192794,-0.62997216,-10.203443,118
18,119,-0.12246628,-0.62997204,-10.203442,119
18,120,-0.122756876,-0.62997186,-10.203438,120
18,121,-0.12303911,-0.6299717,-10.203433,121
18,122,-0.1232166,-0.6299715,-10.203432,122
18,123,-0.12392491,-0.62997127,-10.203427,123
18,124,-0.124415055,-0.6299711,-10.203423,124
18,125,-0.12487726,-0.6299708,-10.203419,125
18,126,-0.1255942,-0.6299706,-10.203415,126
18,127,-0.12726977,-0.62997043,-10.20341,127
18,128,-0.12808463,-0.6299703,-10.203405,128
18,129,-0.12804043,-0.6299703,-10.203402,129
18,130,-0.12745424,-0.62997025,-10.2034,130
18,131,-0.12594728,-0.62997013,-10.203401,131
18,132,-0.12465654,-0.6299702,-10.203398,132
18,133,-0.123774186,-0.6299703,-10.203401,133
18,134,-0.12316834,-0.6299704,-10.203401,134
18,135,-0.12148549,-0.6299707,-10.203404,135
18,136,-0.12031368,-0.62997085,-10.203409,136
18,137,-0.1193718,-0.6299711,-10.203414,137
18,138,-0.11847064,-0.6299712,-10.203419,138
18,139,-0.11740927,-0.62997127,-10.2034235,139
18,140,-0.11670103,-0.6299713,-10.203428,140
18,141,-0.11638368,-0.6299713,-10.20343,141
18,142,-0.1143891,-0.62997127,-10.203433,142
18,143,-0.1135186,-0.6299713,-10.203437,143
18,144,-0.113017686,-0.6299713,-10.203439,144
18,145,-0.11194254,-0.6299713,-10.20344,145
18,146,-0.11020896,-0.62997174,-10.2034445,146
18,147,-0.11134752,-0.62997216,-10.203448,147
18,148,-0.1123987,-0.6299723,-10.203451,148
18,149,-0.11311012,-0.62997216,-10.203453,149
18,150,-0.11362821,-0.62997216,-10.203454,150
18,151,-0.115355656,-0.62997186,-10.203453,151
18,152,-0.116554074,-0.6299717,-10.203449,152
18,153,-0.11758892,-0.6299716,-10.203446,153
18,154,-0.11866617,-0.6299713,-10.203442,154
18,155,-0.11972587,-0.62997127,-10.203437,155
18,156,-0.12046173,-0.62997127,-10.203434,156
18,157,-0.120944135,-0.6299712,-10.203432,157
18,158,-0.12117042,-0.62997115,-10.203428,158
18,159,-0.1224502,-0.6299715,-10.203427,159
18,160,-0.122835554,-0.62997144,-10.203427,160
18,161,-0.12289747,-0.62997144,-10.203427,161
18,162,-0.1230946,-0.6299713,-10.203425,162
18,163,-0.1231368,-0.6299713,-10.203424,163
18,164,-0.12288861,-0.62997115,-10.2034235,164
18,165,-0.122267835,-0.629971,-10.2034235,165
18,166,-0.12185246,-0.6299709,-10.203421,166
18,167,-0.12033818,-0.62997097,-10.2034235,167
18,168,-0.11894487,-0.629971,-10.203424,168
18,169,-0.11809484,-0.6299711,-10.203427,169
18,170,-0.11728798,-0.62997115,-10.203429,170
18,171,-0.116547495,-0.6299713,-10.203432,171
18,172,-0.11528451,-0.6299714,-10.203437,172
18,173,-0.11225619,-0.62997174,-10.203443,173
18,174,-0.1118814,-0.62997186,-10.203447,174
18,175,-0.11449121,-0.62997174,-10.203448,175
18,176,-0.11668074,-0.6299716,-10.203447,176
18,177,-0.11817973,-0.62997156,-10.2034445,177
18,178,-0.121825606,-0.62997127,-10.20344,178
18,179,-0.12398631,-0.62997115,-10.203432,179
18,180,-0.12586798,-0.62997085,-10.203427,180
18,181,-0.12747861,-0.6299706,-10.20342,181
18,182,-0.12873928,-0.62997025,-10.203412,182
18,183,-0.12891859,-0.62997,-10.203406,183
18,184,-0.12819563,-0.62996995,-10.203402,184
18,185,-0.12728123,-0.6299699,-10.2034,185
18,186,-0.12658054,-0.6299698,-10.203397,186
18,187,-0.123943396,-0.62997,-10.2034,187
18,188,-0.119801864,-0.62997013,-10.2034025,188
18,189,-0.11740666,-0.62997025,-10.203409,189
18,190,-0.115635075,-0.62997043,-10.203415,190
18,191,-0.11181392,-0.62997067,-10.203423,191
18,192,-0.11007347,-0.6299709,-10.203429,192
18,193,-0.11048018,-0.62997127,-10.203434,193
18,194,-0.11425155,-0.62997115,-10.203434,194
18,195,-0.11645014,-0.62997127,-10.203434,195
18,196,-0.11803307,-0.6299713,-10.203433,196
18,197,-0.11906595,-0.6299713,-10.20343,197
18,198,-0.11963789,-0.62997127,-10.20343,198
18,199,-0.12153786,-0.62997156,-10.203428,199
19,0,0.010705926,-0.09658489,-2.1413605,0
19,1,0.0052024974,-0.19237044,-3.9990282,1
19,2,0.0003289273,-0.28961292,-5.6491966,2
19,3,-0.003565977,-0.38116762,-6.9982285,3
19,4,-0.006715329,-0.45677847,-7.9934287,4
19,5,-0.009834372,-0.51455885,-8.7023735,5
19,6,-0.012987388,-0.5565693,-9.208987,6
19,7,-0.018687414,-0.5843061,-9.551847,7
19,8,-0.02711809,-0.60204065,-9.781661,8
19,9,-0.03818785,-0.6130927,-9.934399,9
19,10,-0.05365267,-0.61970663,-10.032104,10
19,11,-0.06822347,-0.6238235,-10.096969,11
19,12,-0.082501054,-0.6263404,-10.13892,12
19,13,-0.095226645,-0.62786424,-10.165398,13
19,14,-0.111209415,-0.6287357,-10.1809025,14
19,15,-0.12793255,-0.6292294,-10.189768,15
19,16,-0.1441967,-0.6295088,-10.194802,16
19,17,-0.15333165,-0.62967515,-10.19784,17
19,18,-0.15700045,-0.62977666,-10.199731,18
19,19,-0.15682441,-0.62984043,-10.200935,19
19,20,-0.15936965,-0.6298799,-10.201682,20
19,21,-0.16224562,-0.6299053,-10.202165,21
19,22,-0.16435276,-0.62992185,-10.202478,22
19,23,-0.16578986,-0.6299332,-10.202691,23
19,24,-0.16662501,-0.6299411,-10.202841,24
19,25,-0.16875954,-0.62994665,-10.202941,25
19,26,-0.1704166,-0.6299508,-10.203013,26
19,27,-0.17180069,-0.62995404,-10.203067,27
19,28,-0.1740001,-0.6299563,-10.203106,28
19,29,-0.17530382,-0.6299583,-10.2031355,29
19,30,-0.1745482,-0.62995994,-10.203162,30
19,31,-0.17336042,-0.6299614,-10.203188,31
19,32,-0.1723339,-0.6299626,-10.203209,32
19,33,-0.17186064,-0.62996364,-10.203231,33
19,34,-0.16945496,-0.62996453,-10.203254,34
19,35,-0.16697973,-0.6299654,-10.203275,35
19,36,-0.16578014,-0.6299662,-10.203294,36
19,37,-0.16488989,-0.6299668,-10.203311,37
19,38,-0.16315034,-0.6299674,-10.20333,38
19,39,-0.16382395,-0.6299678,-10.203341,39
19,40,-0.16490574,-0.6299681,-10.203352,40
19,41,-0.16577725,-0.6299684,-10.203359,41
19,42,-0.17203712,-0.6299685,-10.203359,42
19,43,-0.17573488,-0.6299684,-10.20336,43
19,44,-0.17818752,-0.6299684,-10.203358,44
19,45,-0.1800415,-0.6299683,-10.20335,45
19,46,-0.18113153,-0.62996817,-10.203348,46
19,47,-0.1819825,-0.6299681,-10.203344,47
19,48,-0.18147154,-0.629968,-10.203341,48
19,49,-0.17932281,-0.62996787,-10.2033415,49
19,50,-0.17617624,-0.62996787,-10.203345,50
19,51,-0.17325732,-0.62996787,-10.203352,51
19,52,-0.17096806,-0.62996787,-10.203357,52
19,53,-0.16943404,-0.62996775,-10.203359,53
19,54,-0.16832277,-0.6299677,-10.203363,54
19,55,-0.16770741,-0.6299677,-10.203367,55
19,56,-0.16569002,-0.62996775,-10.203364,56
19,57,-0.16491146,-0.6299678,-10.203366,57
19,58,-0.16452865,-0.62996787,-10.203366,58
19,59,-0.16425425,-0.62996817,-10.203367,59
19,60,-0.16322897,-0.6299683,-10.203369,60
19,61,-0.16449068,-0.6299684,-10.203371,61
19,62,-0.16625477,-0.6299685,-10.203369,62
19,63,-0.16532058,-0.6299688,-10.203372,63
19,64,-0.16519591,-0.629969,-10.203373,64
19,65,-0.17311582,-0.629969,-10.203366,65
19,66,-0.17869104,-0.6299688,-10.2033615,66
19,67,-0.18276837,-0.6299686,-10.203353,67
19,68,-0.18307614,-0.62996846,-10.203345,68
19,69,-0.18224843,-0.62996835,-10.203339,69
19,70,-0.1814096,-0.6299683,-10.203335,70
19,71,-0.17778856,-0.62996817,-10.203332,71
19,72,-0.17553139,-0.6299683,-10.203332,72
19,73,-0.17355138,-0.62996835,-10.203332,73
19,74,-0.16957147,-0.6299685,-10.203337,74
19,75,-0.16870077,-0.62996876,-10.203343,75
19,76,-0.16842175,-0.6299689,-10.203345,76
19,77,-0.1683143,-0.6299688,-10.20335,77
19,78,-0.16983466,-0.62996876,-10.203357,78
19,79,-0.17043704,-0.6299688,-10.20336,79
19,80,-0.17089671,-0.6299686,-10.203362,80
19,81,-0.17155091,-0.6299682,-10.203363,81
19,82,-0.1724283,-0.62996805,-10.2033615,82
19,83,-0.1765478,-0.6299674,-10.203354,83
19,84,-0.17841782,-0.6299671,-10.203345,84
19,85,-0.17874156,-0.6299666,-10.203337,85
19,86,-0.17846097,-0.62996626,-10.203329,86
19,87,-0.17802182,-0.6299658,-10.203321,87
19,88,-0.1778292,-0.6299654,-10.203313,88
19,89,-0.17752437,-0.629965,-10.203306,89
19,90,-0.17729317,-0.62996465,-10.203293,90
19,91,-0.17771323,-0.62996453,-10.2032795,91
19,92,-0.17804122,-0.62996435,-10.20327,92
19,93,-0.17781095,-0.6299643,-10.20326,93
19,94,-0.1776811,-0.62996435,-10.203255,94
19,95,-0.17778885,-0.6299644,-10.203249,95
19,96,-0.17591271,-0.6299644,-10.203249,96
19,97,-0.17491679,-0.62996453,-10.203249,97
19,98,-0.1743377,-0.62996477,-10.203247,98
19,99,-0.17345569,-0.629965,-10.203251,99
19,100,-0.1730022,-0.62996536,-10.203256,100
19,101,-0.17127483,-0.6299656,-10.20326,101
19,102,-0.17076695,-0.62996584,-10.203265,102
19,103,-0.16743219,-0.6299663,-10.2032795,103
19,104,-0.165623,-0.6299668,-10.203291,104
19,105,-0.16447298,-0.62996703,-10.203303,105
19,106,-0.1633825,-0.6299674,-10.203315,106
19,107,-0.16305904,-0.6299677,-10.203325,107
19,108,-0.16349383,-0.6299678,-10.203334,108
19,109,-0.16291478,-0.6299681,-10.203341,109
19,110,-0.16407955,-0.62996817,-10.203343,110
19,111,-0.16632137,-0.6299684,-10.203344,111
19,112,-0.16786447,-0.6299685,-10.203348,112
19,113,-0.16885298,-0.6299686,-10.20335,113
19,114,-0.1715056,-0.6299687,-10.203353,114
19,115,-0.17415519,-0.6299685,-10.203353,115
19,116,-0.17543896,-0.6299682,-10.203353,116
19,117,-0.17597325,-0.62996805,-10.203349,117
19,118,-0.17641251,-0.62996775,-10.203345,118
19,119,-0.17651367,-0.6299675,-10.2033415,119
19,120,-0.1763571,-0.6299672,-10.20334,120
19,121,-0.1762135,-0.629967,-10.203332,121
19,122,-0.17601499,-0.6299667,-10.203329,122
19,123,-0.17649157,-0.6299665,-10.20332,123
19,124,-0.17693907,-0.6299663,-10.20331,124
19,125,-0.17736067,-0.62996614,-10.203303,125
19,126,-0.17827491,-0.6299661,-10.203293,126
19,127,-0.18009646,-0.6299661,-10.203284,127
19,128,-0.18091536,-0.62996596,-10.203277,128
19,129,-0.18076429,-0.629966,-10.20327,129
19,130,-0.18001083,-0.62996596,-10.203269,130
19,131,-0.17854042,-0.62996596,-10.203264,131
19,132,-0.177165,-0.62996614,-10.203265,132
19,133,-0.17613383,-0.6299663,-10.203266,133
19,134,-0.17554943,-0.6299664,-10.203269,134
19,135,-0.17367934,-0.62996656,-10.203281,135
19,136,-0.1722612,-0.6299667,-10.203289,136
19,137,-0.17132933,-0.6299667,-10.203298,137
19,138,-0.17045169,-0.62996674,-10.203307,138
19,139,-0.16938221,-0.62996656,-10.203313,139
19,140,-0.1687116,-0.62996644,-10.203317,140
19,141,-0.16841207,-0.6299665,-10.203322,141
19,142,-0.16672574,-0.62996644,-10.2033205,142
19,143,-0.16621742,-0.62996644,-10.2033205,143
19,144,-0.16606559,-0.6299667,-10.203321,144
19,145,-0.16552766,-0.629967,-10.20332,145
19,146,-0.16432789,-0.6299672,-10.203327,146
19,147,-0.16531865,-0.6299673,-10.203339,147
19,148,-0.1661778,-0.6299673,-10.2033415,148
19,149,-0.1668729,-0.6299673,-10.203344,149
19,150,-0.16731215,-0.62996715,-10.203344,150
19,151,-0.1688999,-0.6299671,-10.203339,151
19,152,-0.17030536,-0.6299671,-10.203334,152
19,153,-0.17143473,-0.62996715,-10.203326,153
19,154,-0.17272389,-0.6299672,-10.203321,154
19,155,-0.17392044,-0.6299673,-10.203317,155
19,156,-0.17466587,-0.62996733,-10.203312,156
19,157,-0.17511562,-0.62996745,-10.203311,157
19,158,-0.17531697,-0.6299675,-10.203308,158
19,159,-0.17611368,-0.6299675,-10.203311,159
19,160,-0.17602873,-0.62996745,-10.203316,160
19,161,-0.17576197,-0.6299673,-10.203317,161
19,162,-0.1755578,-0.62996715,-10.2033205,162
19,163,-0.17522337,-0.62996686,-10.20332,163
19,164,-0.17466053,-0.6299667,-10.203317,164
19,165,-0.17372718,-0.62996644,-10.203316,165
19,166,-0.17300482,-0.62996626,-10.203313,166
19,167,-0.17136917,-0.6299661,-10.203315,167
19,168,-0.16986181,-0.62996596,-10.203315,168
19,169,-0.16890821,-0.6299659,-10.203316,169
19,170,-0.16809173,-0.62996584,-10.203317,170
19,171,-0.16735558,-0.6299658,-10.2033205,171
19,172,-0.16621462,-0.6299657,-10.203321,172
19,173,-0.16373566,-0.6299658,-10.203327,173
19,174,-0.16330306,-0.62996584,-10.203334,174
19,175,-0.16536272,-0.62996554,-10.203329,175
19,176,-0.16729523,-0.62996554,-10.203327,176
19,177,-0.16855125,-0.62996525,-10.203324,177
19,178,-0.17173117,-0.629965,-10.203313,178
19,179,-0.17383392,-0.6299649,-10.203303,179
19,180,-0.17559932,-0.6299647,-10.203296,180
19,181,-0.177181,-0.62996453,-10.203284,181
19,182,-0.17859371,-0.6299643,-10.203275,182
19,183,-0.17897247,-0.62996435,-10.203264,183
19,184,-0.17826904,-0.62996435,-10.203259,184
19,185,-0.17730694,-0.6299645,-10.203255,185
19,186,-0.1766207,-0.62996465,-10.203252,186
19,187,-0.17395902,-0.6299648,-10.203256,187
19,188,-0.16999681,-0.6299651,-10.20326,188
19,189,-0.16795285,-0.6299654,-10.203269,189
19,190,-0.16671415,-0.6299659,-10.203275,190
19,191,-0.1637855,-0.6299664,-10.203283,191
19,192,-0.16283141,-0.62996686,-10.203292,192
19,193,-0.16383716,-0.62996715,-10.2033,193
19,194,-0.16796637,-0.62996745,-10.2033,194
19,195,-0.1706782,-0.62996763,-10.203301,195
19,196,-0.172494,-0.62996775,-10.203303,196
19,197,-0.1736427,-0.6299678,-10.203305,197
19,198,-0.17430358,-0.6299679,-10.203305,198
19,199,-0.17581034,-0.6299679,-10.203311,199
20,0,0.011548829,-0.13985007,-2.7933683,0
20,1,0.003137867,-0.30701354,-5.5744734,1
20,2,-0.008444511,-0.46177158,-7.840392,2
20,3,-0.019753937,-0.5603337,-9.19239,3
20,4,-0.033978794,-0.6050071,-9.808317,4
20,5,-0.047496963,-0.62165403,-10.057144,5
20,6,-0.054426834,-0.62728006,-10.151738,6
20,7,-0.06784346,-0.6290419,-10.183952,7
20,8,-0.07813946,-0.6296176,-10.195521,8
20,9,-0.08650087,-0.6298214,-10.199918,9
20,10,-0.0939383,-0.62990195,-10.201729,10
20,11,-0.10100823,-0.6299377,-10.20255,11
20,12,-0.10760871,-0.6299554,-10.20296,12
20,13,-0.11425957,-0.629965,-10.203183,13
20,14,-0.12001555,-0.62997067,-10.203315,14
20,15,-0.12535767,-0.62997407,-10.203395,15
20,16,-0.13003907,-0.62997633,-10.203446,16
20,17,-0.1331553,-0.62997794,-10.203483,17
20,18,-0.13608488,-0.62997895,-10.203508,18
20,19,-0.1394744,-0.6299797,-10.203524,19
20,20,-0.14185846,-0.6299802,-10.203533,20
20,21,-0.14275439,-0.62998056,-10.203544,21
20,22,-0.14314176,-0.62998086,-10.203552,22
20,23,-0.14353445,-0.6299811,-10.203558,23
20,24,-0.14233018,-0.62998134,-10.203563,24
20,25,-0.14332418,-0.6299816,-10.203568,25
20,26,-0.14387208,-0.6299816,-10.203571,26
20,27,-0.14481626,-0.6299817,-10.203573,27
20,28,-0.14684302,-0.62998176,-10.203574,28
20,29,-0.1477426,-0.6299817,-10.203574,29
20,30,-0.14862686,-0.6299817,-10.203573,30
20,31,-0.14862297,-0.6299818,-10.203575,31
20,32,-0.14814888,-0.6299818,-10.203575,32
20,33,-0.14775461,-0.6299819,-10.203578,33
20,34,-0.14711148,-0.6299819,-10.20358,34
20,35,-0.14675826,-0.629982,-10.203581,35
20,36,-0.14245747,-0.6299822,-10.203588,36
20,37,-0.1419787,-0.6299824,-10.2035885,37
20,38,-0.14155346,-0.6299825,-10.203592,38
20,39,-0.14144811,-0.6299826,-10.20359,39
20,40,-0.14252058,-0.6299826,-10.20359,40
20,41,-0.14480785,-0.6299826,-10.20359,41
20,42,-0.14535607,-0.6299825,-10.20359,42
20,43,-0.14540315,-0.62998253,-10.20359,43
20,44,-0.14537771,-0.6299826,-10.203589,44
20,45,-0.14544682,-0.6299826,-10.20359,45
20,46,-0.14343263,-0.6299827,-10.203593,46
20,47,-0.14252415,-0.629983,-10.203598,47
20,48,-0.14191933,-0.62998307,-10.203598,48
20,49,-0.14097217,-0.62998325,-10.203602,49
20,50,-0.1401855,-0.62998337,-10.203603,50
20,51,-0.13935035,-0.62998354,-10.203604,51
20,52,-0.13435832,-0.6299837,-10.203607,52
20,53,-0.1313291,-0.6299837,-10.203609,53
20,54,-0.13105582,-0.62998384,-10.203612,54
20,55,-0.13061291,-0.6299839,-10.203612,55
20,56,-0.13046548,-0.6299839,-10.203613,56
20,57,-0.13016008,-0.6299839,-10.203614,57
20,58,-0.12987253,-0.629984,-10.203617,58
20,59,-0.12978451,-0.62998414,-10.203617,59
20,60,-0.12929562,-0.6299842,-10.203618,60
20,61,-0.12914333,-0.6299843,-10.203621,61
20,62,-0.12876569,-0.6299843,-10.203622,62
20,63,-0.13149288,-0.6299844,-10.203621,63
20,64,-0.13264814,-0.6299843,-10.203618,64
20,65,-0.13116126,-0.6299843,-10.203618,65
20,66,-0.13540636,-0.6299842,-10.203614,66
20,67,-0.13781634,-0.6299839,-10.203609,67
20,68,-0.13934904,-0.62998384,-10.203608,68
20,69,-0.14042474,-0.62998366,-10.203603,69
20,70,-0.14112337,-0.6299834,-10.203598,70
20,71,-0.14148943,-0.6299833,-10.203595,71
20,72,-0.14170265,-0.6299832,-10.203593,72
20,73,-0.14275844,-0.62998295,-10.203592,73
20,74,-0.14336655,-0.6299828,-10.2035885,74
20,75,-0.14450772,-0.62998265,-10.203586,75
20,76,-0.14754231,-0.6299824,-10.203584,76
20,77,-0.14872038,-0.6299822,-10.203579,77
20,78,-0.1494687,-0.6299821,-10.203578,78
20,79,-0.14908113,-0.629982,-10.203578,79
20,80,-0.14661379,-0.62998194,-10.203578,80
20,81,-0.14481252,-0.6299821,-10.20358,81
20,82,-0.14360596,-0.62998205,-10.20358,82
20,83,-0.13777089,-0.6299823,-10.203588,83
20,84,-0.13467176,-0.6299826,-10.203592,84
20,85,-0.13191046,-0.6299827,-10.203594,85
20,86,-0.13007826,-0.62998295,-10.203599,86
20,87,-0.12736928,-0.6299832,-10.203603,87
20,88,-0.1276032,-0.6299833,-10.203608,88
20,89,-0.12818815,-0.6299835,-10.203608,89
20,90,-0.12859379,-0.62998354,-10.2036085,90
20,91,-0.13128379,-0.62998354,-10.203608,91
20,92,-0.13268352,-0.62998354,-10.203607,92
20,93,-0.13427503,-0.6299835,-10.203605,93
20,94,-0.13729575,-0.62998337,-10.203602,94
20,95,-0.13796787,-0.6299832,-10.2036,95
20,96,-0.1418693,-0.629983,-10.203595,96
20,97,-0.1438316,-0.62998277,-10.203592,97
20,98,-0.14535269,-0.62998253,-10.203585,98
20,99,-0.14744948,-0.6299822,-10.203581,99
20,100,-0.1466792,-0.6299821,-10.203578,100
20,101,-0.1456952,-0.6299818,-10.203576,101
20,102,-0.14490907,-0.6299817,-10.203574,102
20,103,-0.13867186,-0.6299817,-10.203578,103
20,104,-0.13531885,-0.6299818,-10.203581,104
20,105,-0.13241138,-0.629982,-10.203584,105
20,106,-0.12791322,-0.6299822,-10.203588,106
20,107,-0.1289622,-0.6299822,-10.2035885,107
20,108,-0.1302832,-0.6299822,-10.203589,108
20,109,-0.13182485,-0.6299823,-10.2035885,109
20,110,-0.13729666,-0.629982,-10.203584,110
20,111,-0.13561358,-0.629982,-10.203584,111
20,112,-0.13302486,-0.6299821,-10.203586,112
20,113,-0.12741716,-0.62998223,-10.20359,113
20,114,-0.12857527,-0.62998223,-10.20359,114
20,115,-0.13153368,-0.6299823,-10.20359,115
20,116,-0.13676731,-0.6299822,-10.203588,116
20,117,-0.13581999,-0.6299821,-10.203585,117
20,118,-0.13238151,-0.6299822,-10.2035885,118
20,119,-0.12712054,-0.62998235,-10.203593,119
20,120,-0.12789881,-0.6299825,-10.203597,120
20,121,-0.12867446,-0.62998253,-10.203595,121
20,122,-0.13062185,-0.62998265,-10.203595,122
20,123,-0.13217354,-0.62998253,-10.203594,123
20,124,-0.13323939,-0.6299826,-10.203594,124
20,125,-0.13736588,-0.6299825,-10.20359,125
20,126,-0.13957559,-0.6299823,-10.203589,126
20,127,-0.1417951,-0.62998223,-10.203586,127
20,128,-0.14551662,-0.629982,-10.203581,128
20,129,-0.14752154,-0.6299818,-10.203578,129
20,130,-0.14725924,-0.6299817,-10.203576,130
20,131,-0.14624998,-0.6299816,-10.203576,131
20,132,-0.14515266,-0.62998146,-10.203575,132
20,133,-0.14443527,-0.62998146,-10.203576,133
20,134,-0.14068119,-0.6299815,-10.203579,134
20,135,-0.13717082,-0.6299817,-10.203584,135
20,136,-0.13493925,-0.6299818,-10.203586,136
20,137,-0.13279404,-0.6299819,-10.203589,137
20,138,-0.12948161,-0.6299822,-10.203592,138
20,139,-0.1293185,-0.6299823,-10.203594,139
20,140,-0.1294119,-0.6299824,-10.203595,140
20,141,-0.12942205,-0.6299825,-10.203598,141
20,142,-0.13569146,-0.6299823,-10.203593,142
20,143,-0.13863172,-0.6299822,-10.20359,143
20,144,-0.14097492,-0.6299819,-10.203585,144
20,145,-0.14302647,-0.6299817,-10.203583,145
20,146,-0.14446108,-0.6299816,-10.203578,146
20,147,-0.1456446,-0.62998134,-10.203576,147
20,148,-0.14523736,-0.6299812,-10.203573,148
20,149,-0.14307559,-0.6299812,-10.203573,149
20,150,-0.13957837,-0.6299813,-10.203575,150
20,151,-0.13631749,-0.62998146,-10.203579,151
20,152,-0.1339389,-0.6299816,-10.203581,152
20,153,-0.13249399,-0.6299818,-10.203586,153
20,154,-0.13160232,-0.62998194,-10.2035885,154
20,155,-0.13111758,-0.6299821,-10.2035885,155
20,156,-0.13054545,-0.6299822,-10.203592,156
20,157,-0.13029847,-0.62998235,-10.203594,157
20,158,-0.1302211,-0.6299825,-10.203595,158
20,159,-0.13012697,-0.6299826,-10.203597,159
20,160,-0.12851767,-0.6299826,-10.203598,160
20,161,-0.12965274,-0.6299826,-10.203598,161
20,162,-0.13154759,-0.6299825,-10.203597,162
20,163,-0.12992896,-0.6299824,-10.203597,163
20,164,-0.12944782,-0.6299824,-10.203597,164
20,165,-0.13683823,-0.62998205,-10.203592,165
20,166,-0.14011464,-0.62998176,-10.203585,166
20,167,-0.1438154,-0.62998134,-10.203578,167
20,168,-0.14411037,-0.62998104,-10.203573,168
20,169,-0.14382076,-0.62998074,-10.203571,169
20,170,-0.14357854,-0.6299805,-10.20357,170
20,171,-0.14073579,-0.6299804,-10.20357,171
20,172,-0.13913397,-0.6299803,-10.203571,172
20,173,-0.13747187,-0.6299804,-10.203573,173
20,174,-0.13368393,-0.6299804,-10.203576,174
20,175,-0.13160276,-0.62998056,-10.203578,175
20,176,-0.13034044,-0.6299807,-10.203579,176
20,177,-0.12937784,-0.6299807,-10.20358,177
20,178,-0.12877345,-0.6299808,-10.203581,178
20,179,-0.1283713,-0.62998086,-10.203583,179
20,180,-0.12794326,-0.629981,-10.203581,180
20,181,-0.12769783,-0.629981,-10.203583,181
20,182,-0.12830509,-0.6299809,-10.203583,182
20,183,-0.13339831,-0.6299808,-10.203579,183
20,184,-0.13510327,-0.62998086,-10.203576,184
20,185,-0.13578857,-0.6299807,-10.203574,185
20,186,-0.13623522,-0.62998056,-10.203571,186
20,187,-0.13657628,-0.62998044,-10.203569,187
20,188,-0.13752592,-0.6299803,-10.203568,188
20,189,-0.13792756,-0.6299804,-10.203567,189
20,190,-0.1404697,-0.62998027,-10.203566,190
20,191,-0.1429223,-0.62998,-10.203562,191
20,192,-0.14469336,-0.62997997,-10.203561,192
20,193,-0.14539926,-0.6299798,-10.203557,193
20,194,-0.14610653,-0.62997955,-10.203556,194
20,195,-0.14689943,-0.6299795,-10.203556,195
20,196,-0.14604482,-0.62997943,-10.203556,196
20,197,-0.14556803,-0.6299793,-10.203557,197
20,198,-0.14525163,-0.6299793,-10.203557,198
20,199,-0.14443718,-0.6299793,-10.203557,199
21,0,0.020912012,-0.057718433,-1.5462052,0
21,1,0.030445453,-0.10676358,-2.7893162,1
21,2,0.04041106,-0.17132488,-4.159067,2
21,3,0.04914459,-0.25236413,-5.580132,3
21,4,0.05348879,-0.34248385,-6.8988366,4
21,5,0.052576475,-0.43013147,-7.995041,5
21,6,0.04679919,-0.50454736,-8.826896,6
21,7,0.034624916,-0.55827194,-9.39873,7
21,8,0.016990663,-0.5921754,-9.758478,8
21,9,-0.0043247505,-0.6112104,-9.968487,9
21,10,-0.0281458,-0.6209191,-10.082805,10
21,11,-0.048980653,-0.62564087,-10.141905,11
21,12,-0.064412326,-0.6278638,-10.17172,12
21,13,-0.07346414,-0.6289091,-10.186586,13
21,14,-0.0806449,-0.62939924,-10.194028,14
21,15,-0.08712757,-0.62963915,-10.197832,15
21,16,-0.09364042,-0.62976277,-10.199866,16
21,17,-0.09724029,-0.6298324,-10.201023,17
21,18,-0.0980811,-0.6298743,-10.201729,18
21,19,-0.097120985,-0.6299011,-10.202184,19
21,20,-0.099080235,-0.629918,-10.202483,20
21,21,-0.10229211,-0.6299289,-10.20268,21
21,22,-0.10617977,-0.6299365,-10.202817,22
21,23,-0.10965437,-0.6299419,-10.202915,23
21,24,-0.11251626,-0.6299459,-10.202987,24
21,25,-0.11675555,-0.6299488,-10.203039,25
21,26,-0.120283104,-0.62995106,-10.203077,26
21,27,-0.12335099,-0.6299528,-10.203108,27
21,28,-0.12694252,-0.6299541,-10.203132,28
21,29,-0.12971596,-0.6299552,-10.203147,29
21,30,-0.13064755,-0.6299561,-10.203162,30
21,31,-0.130411,-0.629957,-10.203175,31
21,32,-0.1297956,-0.62995785,-10.203185,32
21,33,-0.12930086,-0.6299585,-10.203195,33
21,34,-0.12699208,-0.6299593,-10.203204,34
21,35,-0.123995945,-0.62996,-10.203218,35
21,36,-0.12176704,-0.62996066,-10.20323,36
21,37,-0.11986552,-0.6299613,-10.203238,37
21,38,-0.117110774,-0.629962,-10.20325,38
21,39,-0.116478935,-0.6299625,-10.203261,39
21,40,-0.1167161,-0.629963,-10.203268,40
21,41,-0.117009155,-0.62996334,-10.203275,41
21,42,-0.12222468,-0.6299631,-10.203275,42
21,43,-0.12631825,-0.6299628,-10.203273,43
21,44,-0.12919986,-0.6299626,-10.20327,44
21,45,-0.13147806,-0.6299623,-10.203266,45
21,46,-0.13310274,-0.629962,-10.203261,46
21,47,-0.13431622,-0.6299616,-10.20326,47
21,48,-0.13436793,-0.62996113,-10.203255,48
21,49,-0.13279754,-0.62996095,-10.203252,49
21,50,-0.12984842,-0.6299608,-10.203251,50
21,51,-0.12667894,-0.6299607,-10.203254,51
21,52,-0.12409374,-0.62996066,-10.203254,52
21,53,-0.12232391,-0.62996066,-10.203257,53
21,54,-0.12119485,-0.6299607,-10.2032585,54
21,55,-0.120530926,-0.62996066,-10.2032585,55
21,56,-0.119884476,-0.629961,-10.203263,56
21,57,-0.119323224,-0.6299613,-10.203264,57
21,58,-0.11926251,-0.6299616,-10.203268,58
21,59,-0.11924243,-0.629962,-10.203271,59
21,60,-0.11828311,-0.62996244,-10.203275,60
21,61,-0.11923149,-0.6299628,-10.203278,61
21,62,-0.12115759,-0.6299629,-10.203278,62
21,63,-0.12055998,-0.62996334,-10.203282,63
21,64,-0.12013025,-0.62996376,-10.203284,64
21,65,-0.12685332,-0.62996334,-10.203278,65
21,66,-0.13267611,-0.6299628,-10.203266,66
21,67,-0.13731095,-0.6299621,-10.203257,67
21,68,-0.13895912,-0.62996155,-10.203247,68
21,69,-0.13908084,-0.6299611,-10.203239,69
21,70,-0.138844,-0.6299606,-10.203233,70
21,71,-0.1366647,-0.62996054,-10.203228,71
21,72,-0.13466397,-0.6299605,-10.203223,72
21,73,-0.13294867,-0.62996036,-10.203222,73
21,74,-0.12960894,-0.6299607,-10.203223,74
21,75,-0.12767968,-0.6299608,-10.203222,75
21,76,-0.12686673,-0.62996066,-10.203221,76
21,77,-0.12631899,-0.6299608,-10.203221,77
21,78,-0.12659505,-0.6299604,-10.203218,78
21,79,-0.1268812,-0.6299602,-10.203216,79
21,80,-0.12686905,-0.6299599,-10.203213,80
21,81,-0.12690136,-0.62995946,-10.203211,81
21,82,-0.12737262,-0.6299589,-10.203206,82
21,83,-0.13067652,-0.6299581,-10.203199,83
21,84,-0.13276844,-0.62995744,-10.203191,84
21,85,-0.1334356,-0.6299568,-10.203184,85
21,86,-0.13350248,-0.6299561,-10.203179,86
21,87,-0.13333437,-0.6299556,-10.203176,87
21,88,-0.13345805,-0.6299551,-10.203171,88
21,89,-0.13337694,-0.6299546,-10.203166,89
21,90,-0.13456844,-0.62995446,-10.203162,90
21,91,-0.1360775,-0.6299543,-10.203157,91
21,92,-0.13748291,-0.62995416,-10.203153,92
21,93,-0.13822992,-0.629954,-10.203148,93
21,94,-0.13865127,-0.629954,-10.203142,94
21,95,-0.13910781,-0.62995386,-10.203138,95
21,96,-0.13861357,-0.6299541,-10.2031355,96
21,97,-0.13791175,-0.6299543,-10.203133,97
21,98,-0.13749626,-0.6299544,-10.203132,98
21,99,-0.13683783,-0.6299547,-10.203132,99
21,100,-0.13625887,-0.6299548,-10.20313,100
21,101,-0.13482726,-0.6299552,-10.203132,101
21,102,-0.13373438,-0.6299555,-10.203133,102
21,103,-0.13071656,-0.62995595,-10.203136,103
21,104,-0.12812832,-0.6299565,-10.203143,104
21,105,-0.12614617,-0.6299569,-10.203148,105
21,106,-0.12426689,-0.6299574,-10.2031555,106
21,107,-0.12303706,-0.6299578,-10.203162,107
21,108,-0.12243581,-0.62995815,-10.203167,108
21,109,-0.12170689,-0.6299586,-10.203176,109
21,110,-0.12254239,-0.6299592,-10.203184,110
21,111,-0.124040775,-0.62995934,-10.203186,111
21,112,-0.12544446,-0.62995964,-10.20319,112
21,113,-0.12628694,-0.6299598,-10.203194,113
21,114,-0.12765379,-0.62995964,-10.203195,114
21,115,-0.12977041,-0.6299593,-10.203193,115
21,116,-0.13086116,-0.6299589,-10.20319,116
21,117,-0.13129535,-0.62995857,-10.20319,117
21,118,-0.13154447,-0.6299581,-10.203188,118
21,119,-0.13162756,-0.62995774,-10.203186,119
21,120,-0.13160709,-0.6299573,-10.203183,120
21,121,-0.13177931,-0.629957,-10.203183,121
21,122,-0.13191974,-0.6299567,-10.203179,122
21,123,-0.13320215,-0.6299566,-10.203178,123
21,124,-0.13431475,-0.6299564,-10.203174,124
21,125,-0.13551693,-0.6299563,-10.20317,125
21,126,-0.13727602,-0.6299562,-10.203167,126
21,127,-0.13909984,-0.62995595,-10.20316,127
21,128,-0.14057733,-0.62995577,-10.203155,128
21,129,-0.1410844,-0.6299556,-10.20315,129
21,130,-0.14098085,-0.6299554,-10.203145,130
21,131,-0.14083637,-0.62995553,-10.203142,131
21,132,-0.13983022,-0.62995553,-10.203137,132
21,133,-0.13899073,-0.6299556,-10.2031355,133
21,134,-0.13832739,-0.6299556,-10.203133,134
21,135,-0.13565573,-0.6299555,-10.203128,135
21,136,-0.1333825,-0.62995535,-10.20313,136
21,137,-0.13138242,-0.6299553,-10.203132,137
21,138,-0.12937285,-0.6299551,-10.203133,138
21,139,-0.12797621,-0.62995505,-10.203132,139
21,140,-0.12698883,-0.62995505,-10.2031355,140
21,141,-0.12646522,-0.629955,-10.203136,141
21,142,-0.12632686,-0.62995535,-10.203141,142
21,143,-0.12618653,-0.6299557,-10.203143,143
21,144,-0.12655994,-0.6299559,-10.203146,144
21,145,-0.12688878,-0.6299565,-10.203148,145
21,146,-0.12528576,-0.6299569,-10.203151,146
21,147,-0.12458921,-0.62995684,-10.203153,147
21,148,-0.125203,-0.629957,-10.203156,148
21,149,-0.12560137,-0.6299569,-10.203159,149
21,150,-0.12593158,-0.629957,-10.203159,150
21,151,-0.12814844,-0.62995714,-10.203162,151
21,152,-0.12992904,-0.62995714,-10.203162,152
21,153,-0.1315993,-0.6299572,-10.203162,153
21,154,-0.13336971,-0.6299574,-10.20316,154
21,155,-0.13478321,-0.62995726,-10.203157,155
21,156,-0.13580018,-0.6299573,-10.2031555,156
21,157,-0.13637704,-0.6299574,-10.203153,157
21,158,-0.13666527,-0.6299573,-10.203151,158
21,159,-0.1361926,-0.6299569,-10.203146,159
21,160,-0.13564053,-0.6299566,-10.203145,160
21,161,-0.1346578,-0.62995625,-10.203142,161
21,162,-0.13350645,-0.62995577,-10.203138,162
21,163,-0.13295297,-0.6299554,-10.203138,163
21,164,-0.1322935,-0.62995505,-10.203137,164
21,165,-0.13158096,-0.6299549,-10.203136,165
21,166,-0.13098407,-0.6299546,-10.203134,166
21,167,-0.13010918,-0.6299545,-10.203133,167
21,168,-0.1288424,-0.62995446,-10.203133,168
21,169,-0.12801419,-0.6299544,-10.203133,169
21,170,-0.1272578,-0.62995446,-10.203133,170
21,171,-0.12653172,-0.6299545,-10.203134,171
21,172,-0.12568483,-0.6299546,-10.203136,172
21,173,-0.12336642,-0.6299548,-10.203137,173
21,174,-0.122315295,-0.629955,-10.203142,174
21,175,-0.12399214,-0.6299549,-10.203145,175
21,176,-0.12597074,-0.6299548,-10.203145,176
21,177,-0.12744804,-0.62995464,-10.203143,177
21,178,-0.13033126,-0.62995446,-10.203142,178
21,179,-0.13268018,-0.6299542,-10.203138,179
21,180,-0.13459629,-0.629954,-10.2031355,180
21,181,-0.1362831,-0.62995374,-10.203132,181
21,182,-0.13807088,-0.62995356,-10.203127,182
21,183,-0.1392477,-0.6299534,-10.203124,183
21,184,-0.13944057,-0.62995327,-10.203119,184
21,185,-0.1391295,-0.6299534,-10.203117,185
21,186,-0.13878135,-0.62995327,-10.203114,186
21,187,-0.13706689,-0.6299535,-10.203111,187
21,188,-0.13440637,-0.62995386,-10.203114,188
21,189,-0.13230857,-0.6299542,-10.203115,189
21,190,-0.13101245,-0.62995476,-10.203118,190
21,191,-0.1287794,-0.6299554,-10.203123,191
21,192,-0.12728386,-0.62995607,-10.203128,192
21,193,-0.12737551,-0.62995654,-10.203133,193
21,194,-0.13032131,-0.62995684,-10.2031355,194
21,195,-0.13273865,-0.629957,-10.2031355,195
21,196,-0.13430263,-0.6299571,-10.203136,196
21,197,-0.13524802,-0.6299572,-10.203136,197
21,198,-0.13573182,-0.6299572,-10.2031355,198
21,199,-0.13574561,-0.6299568,-10.20313,199
22,0,0.01967704,-0.13508168,-2.6938257,0
22,1,0.017515508,-0.29887447,-5.530942,1
22,2,0.0073088794,-0.45621315,-7.9449387,2
22,3,-0.0077683213,-0.5599078,-9.347866,3
22,4,-0.02851063,-0.6072072,-9.930382,4
22,5,-0.04913975,-0.6235634,-10.125276,5
22,6,-0.060589083,-0.62825596,-10.182121,6
22,7,-0.07668488,-0.6294831,-10.197156,7
22,8,-0.089305915,-0.6298104,-10.201373,8
22,9,-0.09877566,-0.62991065,-10.202712,9
22,10,-0.10601583,-0.6299472,-10.203212,10
22,11,-0.11165917,-0.629963,-10.203432,11
22,12,-0.11605339,-0.6299707,-10.203542,12
22,13,-0.119687766,-0.629975,-10.203602,13
22,14,-0.12271165,-0.6299775,-10.203639,14
22,15,-0.12516291,-0.62997913,-10.203661,15
22,16,-0.12725481,-0.62998015,-10.203675,16
22,17,-0.12828456,-0.62998086,-10.203687,17
22,18,-0.12913851,-0.6299813,-10.203693,18
22,19,-0.13118224,-0.6299817,-10.203698,19
22,20,-0.13254438,-0.629982,-10.203703,20
22,21,-0.13275,-0.6299821,-10.203706,21
22,22,-0.13242269,-0.6299824,-10.20371,22
22,23,-0.13209441,-0.62998235,-10.2037115,23
22,24,-0.13083464,-0.6299826,-10.203714,24
22,25,-0.13093258,-0.62998265,-10.203716,25
22,26,-0.13111742,-0.6299827,-10.203717,26
22,27,-0.1316715,-0.6299829,-10.20372,27
22,28,-0.13318305,-0.62998295,-10.203721,28
22,29,-0.13397948,-0.62998295,-10.203721,29
22,30,-0.1346374,-0.629983,-10.203721,30
22,31,-0.13453627,-0.629983,-10.203724,31
22,32,-0.13375038,-0.629983,-10.203722,32
22,33,-0.13303787,-0.62998307,-10.203724,33
22,34,-0.1321311,-0.62998307,-10.203725,34
22,35,-0.13146865,-0.6299831,-10.203725,35
22,36,-0.1273746,-0.629983,-10.203726,36
22,37,-0.12688708,-0.629983,-10.203727,37
22,38,-0.12622069,-0.6299831,-10.203731,38
22,39,-0.1261178,-0.6299831,-10.20373,39
22,40,-0.12754995,-0.6299832,-10.203732,40
22,41,-0.1294576,-0.62998337,-10.203732,41
22,42,-0.13027975,-0.6299834,-10.203733,42
22,43,-0.13036315,-0.6299833,-10.203733,43
22,44,-0.13027264,-0.6299833,-10.203733,44
22,45,-0.13024732,-0.62998325,-10.203733,45
22,46,-0.1273861,-0.6299831,-10.203732,46
22,47,-0.126119,-0.62998307,-10.203731,47
22,48,-0.12509914,-0.629983,-10.203731,48
22,49,-0.12366976,-0.6299828,-10.203731,49
22,50,-0.12274461,-0.6299828,-10.203731,50
22,51,-0.12194683,-0.62998277,-10.203729,51
22,52,-0.11912285,-0.62998277,-10.20373,52
22,53,-0.11613849,-0.62998277,-10.203732,53
22,54,-0.115844294,-0.629983,-10.203733,54
22,55,-0.11538261,-0.62998295,-10.203736,55
22,56,-0.11516171,-0.62998307,-10.203736,56
22,57,-0.11456296,-0.629983,-10.203738,57
22,58,-0.11409446,-0.629983,-10.203739,58
22,59,-0.11419577,-0.629983,-10.203739,59
22,60,-0.11377313,-0.6299829,-10.203739,60
22,61,-0.11375608,-0.6299828,-10.203739,61
22,62,-0.1135992,-0.6299828,-10.203739,62
22,63,-0.11604424,-0.62998277,-10.203736,63
22,64,-0.11793576,-0.6299828,-10.203736,64
22,65,-0.11715615,-0.6299827,-10.203734,65
22,66,-0.12126592,-0.6299828,-10.203733,66
22,67,-0.124312125,-0.6299828,-10.203731,67
22,68,-0.1263006,-0.6299827,-10.203731,68
22,69,-0.12798478,-0.6299828,-10.20373,69
22,70,-0.12892579,-0.6299828,-10.203727,70
22,71,-0.1293654,-0.6299828,-10.203727,71
22,72,-0.12970568,-0.6299828,-10.203727,72
22,73,-0.13060537,-0.6299827,-10.203726,73
22,74,-0.13121256,-0.6299827,-10.203726,74
22,75,-0.1321985,-0.62998277,-10.203726,75
22,76,-0.13481507,-0.6299829,-10.203725,76
22,77,-0.13605905,-0.6299829,-10.203722,77
22,78,-0.13628702,-0.6299828,-10.203722,78
22,79,-0.13548696,-0.6299827,-10.203722,79
22,80,-0.13344054,-0.6299827,-10.20372,80
22,81,-0.13138802,-0.62998265,-10.20372,81
22,82,-0.12994228,-0.62998265,-10.20372,82
22,83,-0.12549588,-0.62998253,-10.203721,83
22,84,-0.12208175,-0.6299825,-10.203722,84
22,85,-0.11943102,-0.62998253,-10.203725,85
22,86,-0.11763711,-0.62998253,-10.203726,86
22,87,-0.11522723,-0.6299826,-10.203729,87
22,88,-0.115332544,-0.62998265,-10.20373,88
22,89,-0.11601785,-0.6299827,-10.203731,89
22,90,-0.11658038,-0.6299828,-10.203733,90
22,91,-0.119362555,-0.6299829,-10.203733,91
22,92,-0.121044725,-0.629983,-10.203734,92
22,93,-0.12279172,-0.629983,-10.203735,93
22,94,-0.12589118,-0.6299832,-10.203736,94
22,95,-0.12824498,-0.629983,-10.203734,95
22,96,-0.13352732,-0.62998295,-10.203733,96
22,97,-0.13714077,-0.62998295,-10.203731,97
22,98,-0.14003782,-0.62998295,-10.203729,98
22,99,-0.14321487,-0.62998295,-10.203726,99
22,100,-0.143968,-0.6299828,-10.203726,100
22,101,-0.1438909,-0.6299828,-10.203725,101
22,102,-0.1437446,-0.6299828,-10.203724,102
22,103,-0.13928673,-0.6299826,-10.203721,103
22,104,-0.13590448,-0.62998253,-10.203722,104
22,105,-0.13320716,-0.6299824,-10.203722,105
22,106,-0.12924132,-0.6299824,-10.203725,106
22,107,-0.12985404,-0.6299825,-10.203725,107
22,108,-0.1314268,-0.6299825,-10.203725,108
22,109,-0.13341942,-0.62998265,-10.203726,109
22,110,-0.13881569,-0.6299828,-10.203725,110
22,111,-0.13866243,-0.6299827,-10.203724,111
22,112,-0.13639171,-0.62998265,-10.203724,112
22,113,-0.13083231,-0.62998253,-10.203726,113
22,114,-0.13050872,-0.62998253,-10.203726,114
22,115,-0.13289456,-0.62998265,-10.203726,115
22,116,-0.1377887,-0.62998277,-10.203725,116
22,117,-0.13780734,-0.6299828,-10.203726,117
22,118,-0.13446938,-0.6299827,-10.203726,118
22,119,-0.12867643,-0.6299826,-10.203727,119
22,120,-0.1277314,-0.6299826,-10.203727,120
22,121,-0.1281375,-0.62998265,-10.203729,121
22,122,-0.12929384,-0.62998277,-10.203729,122
22,123,-0.13067442,-0.6299827,-10.203731,123
22,124,-0.13171297,-0.6299828,-10.203731,124
22,125,-0.13477595,-0.6299828,-10.203729,125
22,126,-0.137305,-0.6299828,-10.203726,126
22,127,-0.1392766,-0.6299828,-10.203725,127
22,128,-0.14192018,-0.6299828,-10.203721,128
22,129,-0.14366157,-0.6299828,-10.20372,129
22,130,-0.1432294,-0.62998265,-10.203717,130
22,131,-0.14193751,-0.6299826,-10.203716,131
22,132,-0.14043665,-0.6299825,-10.203715,132
22,133,-0.13927731,-0.6299825,-10.203714,133
22,134,-0.13615932,-0.6299824,-10.203712,134
22,135,-0.13261841,-0.6299823,-10.203714,135
22,136,-0.13018867,-0.62998223,-10.203715,136
22,137,-0.12811714,-0.62998223,-10.203717,137
22,138,-0.12515736,-0.62998223,-10.203716,138
22,139,-0.12476256,-0.62998223,-10.203719,139
22,140,-0.12500452,-0.6299823,-10.203717,140
22,141,-0.12527521,-0.6299823,-10.20372,141
22,142,-0.13119674,-0.6299825,-10.20372,142
22,143,-0.13489483,-0.6299826,-10.20372,143
22,144,-0.13765654,-0.6299827,-10.203719,144
22,145,-0.13990974,-0.6299827,-10.203717,145
22,146,-0.14152455,-0.6299827,-10.203717,146
22,147,-0.14292397,-0.6299828,-10.203717,147
22,148,-0.14304994,-0.6299828,-10.203716,148
22,149,-0.14146902,-0.6299827,-10.203717,149
22,150,-0.13851683,-0.6299827,-10.203719,150
22,151,-0.13538328,-0.6299826,-10.20372,151
22,152,-0.13282645,-0.6299826,-10.203721,152
22,153,-0.1311728,-0.6299826,-10.203724,153
22,154,-0.1301227,-0.6299826,-10.203724,154
22,155,-0.12959512,-0.6299826,-10.203724,155
22,156,-0.1284419,-0.6299825,-10.203725,156
22,157,-0.1283619,-0.6299825,-10.203724,157
22,158,-0.12827978,-0.6299824,-10.203725,158
22,159,-0.12818143,-0.6299824,-10.203722,159
22,160,-0.12705304,-0.62998223,-10.203721,160
22,161,-0.12817843,-0.6299823,-10.203721,161
22,162,-0.13006297,-0.6299822,-10.203719,162
22,163,-0.12929931,-0.6299821,-10.203717,163
22,164,-0.1290949,-0.6299821,-10.203716,164
22,165,-0.13630699,-0.6299823,-10.203714,165
22,166,-0.14138566,-0.6299824,-10.203712,166
22,167,-0.14550135,-0.6299826,-10.2037115,167
22,168,-0.14664315,-0.6299826,-10.203711,168
22,169,-0.14676467,-0.6299825,-10.20371,169
22,170,-0.14670019,-0.62998235,-10.203707,170
22,171,-0.14414993,-0.6299823,-10.203707,171
22,172,-0.14244121,-0.6299821,-10.203706,172
22,173,-0.14073908,-0.62998205,-10.203704,173
22,174,-0.1371208,-0.6299819,-10.203703,174
22,175,-0.1357091,-0.629982,-10.203704,175
22,176,-0.13463391,-0.6299819,-10.203704,176
22,177,-0.13393064,-0.629982,-10.203707,177
22,178,-0.13452475,-0.6299822,-10.203707,178
22,179,-0.13450664,-0.6299822,-10.20371,179
22,180,-0.13470589,-0.62998223,-10.203711,180
22,181,-0.13519225,-0.6299823,-10.203712,181
22,182,-0.13620727,-0.6299824,-10.203714,182
22,183,-0.14113076,-0.6299826,-10.203714,183
22,184,-0.14428103,-0.62998265,-10.203714,184
22,185,-0.14589168,-0.6299827,-10.203714,185
22,186,-0.14683485,-0.62998265,-10.203712,186
22,187,-0.14757513,-0.6299826,-10.203712,187
22,188,-0.14855604,-0.6299827,-10.203712,188
22,189,-0.14935015,-0.62998265,-10.2037115,189
22,190,-0.15054639,-0.62998253,-10.203711,190
22,191,-0.1524164,-0.62998253,-10.20371,191
22,192,-0.1538609,-0.6299826,-10.203704,192
22,193,-0.15439415,-0.6299825,-10.203702,193
22,194,-0.15456687,-0.6299825,-10.203701,194
22,195,-0.15473337,-0.6299825,-10.203699,195
22,196,-0.15322463,-0.6299823,-10.203698,196
22,197,-0.1521115,-0.6299823,-10.203697,197
22,198,-0.1511487,-0.62998223,-10.203696,198
22,199,-0.14983673,-0.62998223,-10.203696,199
23,0,0.0054834257,-0.122115746,-2.2431123,0
23,1,-0.008820705,-0.26613545,-4.42076,1
23,2,-0.025948575,-0.40875986,-6.516255,2
23,3,-0.042284478,-0.51515055,-8.149299,3
23,4,-0.059541322,-0.5776308,-9.180155,4
23,5,-0.07638365,-0.60822743,-9.736525,5
23,6,-0.09026345,-0.62143695,-10.003118,6
23,7,-0.10598818,-0.62666106,-10.11913,7
23,8,-0.119950294,-0.62865734,-10.1675415,8
23,9,-0.13080284,-0.6294218,-10.187468,9
23,10,-0.14203215,-0.6297241,-10.195821,10
23,11,-0.14484431,-0.6298522,-10.199548,11
23,12,-0.14465703,-0.6299105,-10.201312,12
23,13,-0.14095592,-0.6299394,-10.2022085,13
23,14,-0.1432571,-0.6299546,-10.202694,14
23,15,-0.14789726,-0.6299632,-10.202972,15
23,16,-0.15469709,-0.6299685,-10.203141,16
23,17,-0.15589097,-0.62997186,-10.203252,17
23,18,-0.15404819,-0.6299741,-10.203327,18
23,19,-0.1500666,-0.6299757,-10.203381,19
23,20,-0.15130177,-0.62997687,-10.203419,20
23,21,-0.15288624,-0.6299776,-10.203447,21
23,22,-0.15549427,-0.6299783,-10.203466,22
23,23,-0.15762839,-0.62997866,-10.203482,23
23,24,-0.1590895,-0.6299791,-10.203493,24
23,25,-0.16311903,-0.6299792,-10.203505,25
23,26,-0.16539398,-0.6299794,-10.20351,26
23,27,-0.16737026,-0.62997943,-10.203518,27
23,28,-0.17049618,-0.6299795,-10.20352,28
23,29,-0.17203172,-0.62997943,-10.2035265,29
23,30,-0.1714278,-0.6299793,-10.203528,30
23,31,-0.17014189,-0.6299794,-10.203532,31
23,32,-0.16890264,-0.62997925,-10.203534,32
23,33,-0.16813862,-0.6299794,-10.203534,33
23,34,-0.16496302,-0.6299793,-10.203538,34
23,35,-0.16195782,-0.6299793,-10.203538,35
23,36,-0.1601912,-0.62997925,-10.203541,36
23,37,-0.1585921,-0.62997925,-10.203539,37
23,38,-0.15595642,-0.6299792,-10.203541,38
23,39,-0.15610749,-0.6299792,-10.203541,39
23,40,-0.15666477,-0.6299792,-10.203539,40
23,41,-0.15711613,-0.62997925,-10.203541,41
23,42,-0.16325086,-0.6299792,-10.203539,42
23,43,-0.16665128,-0.62997925,-10.203537,43
23,44,-0.16907148,-0.6299792,-10.203538,44
23,45,-0.17097984,-0.6299792,-10.203538,45
23,46,-0.17217301,-0.62997925,-10.203538,46
23,47,-0.17301236,-0.6299793,-10.203538,47
23,48,-0.1724771,-0.6299794,-10.203538,48
23,49,-0.17041983,-0.62997943,-10.203539,49
23,50,-0.16724174,-0.6299795,-10.203541,50
23,51,-0.16426963,-0.62997955,-10.203543,51
23,52,-0.16204898,-0.6299797,-10.203543,52
23,53,-0.16058424,-0.6299798,-10.203544,53
23,54,-0.1595556,-0.62997985,-10.203544,54
23,55,-0.15886304,-0.62997997,-10.203546,55
23,56,-0.1579977,-0.62997985,-10.203546,56
23,57,-0.15723217,-0.62997985,-10.203546,57
23,58,-0.156783,-0.6299798,-10.203546,58
23,59,-0.1564995,-0.6299798,-10.203543,59
23,60,-0.15497883,-0.62997955,-10.203543,60
23,61,-0.1560875,-0.62997955,-10.203541,61
23,62,-0.15807077,-0.6299793,-10.203538,62
23,63,-0.15676093,-0.62997913,-10.203536,63
23,64,-0.15638295,-0.6299789,-10.203533,64
23,65,-0.1639965,-0.62997884,-10.203532,65
23,66,-0.16848747,-0.62997866,-10.203529,66
23,67,-0.17277232,-0.6299787,-10.2035265,67
23,68,-0.17357427,-0.62997854,-10.203525,68
23,69,-0.17329502,-0.62997854,-10.203525,69
23,70,-0.17289363,-0.62997854,-10.203525,70
23,71,-0.16997164,-0.6299784,-10.203525,71
23,72,-0.16807897,-0.6299784,-10.203525,72
23,73,-0.16630863,-0.6299784,-10.203525,73
23,74,-0.16251773,-0.6299785,-10.203524,74
23,75,-0.16088723,-0.62997836,-10.203525,75
23,76,-0.16038628,-0.62997836,-10.203525,76
23,77,-0.16024172,-0.62997836,-10.203522,77
23,78,-0.1608097,-0.62997854,-10.20352,78
23,79,-0.16142535,-0.62997866,-10.203522,79
23,80,-0.1617976,-0.6299786,-10.20352,80
23,81,-0.16211249,-0.6299788,-10.203518,81
23,82,-0.16298589,-0.62997895,-10.203519,82
23,83,-0.16777855,-0.62997895,-10.203518,83
23,84,-0.16945331,-0.6299791,-10.20352,84
23,85,-0.16980645,-0.62997913,-10.203518,85
23,86,-0.169817,-0.6299792,-10.20352,86
23,87,-0.16965501,-0.62997925,-10.203522,87
23,88,-0.16997725,-0.6299794,-10.203523,88
23,89,-0.16982089,-0.62997943,-10.203524,89
23,90,-0.17141263,-0.62997943,-10.203524,90
23,91,-0.1727511,-0.62997955,-10.203525,91
23,92,-0.17335092,-0.62997943,-10.2035265,92
23,93,-0.17316374,-0.62997925,-10.2035265,93
23,94,-0.17318532,-0.62997925,-10.203527,94
23,95,-0.17349826,-0.6299793,-10.2035265,95
23,96,-0.17232467,-0.62997913,-10.203527,96
23,97,-0.17147703,-0.62997913,-10.203528,97
23,98,-0.17089263,-0.62997913,-10.203529,98
23,99,-0.16998677,-0.629979,-10.203529,99
23,100,-0.16942275,-0.6299791,-10.203531,100
23,101,-0.1676395,-0.62997895,-10.203529,101
23,102,-0.16685948,-0.62997895,-10.203531,102
23,103,-0.16280636,-0.6299789,-10.203531,103
23,104,-0.16066797,-0.6299789,-10.203532,104
23,105,-0.15894662,-0.629979,-10.203531,105
23,106,-0.15715602,-0.62997895,-10.203529,106
23,107,-0.15627657,-0.62997895,-10.203528,107
23,108,-0.15596285,-0.6299789,-10.203528,108
23,109,-0.15550272,-0.62997884,-10.2035265,109
23,110,-0.15729551,-0.6299788,-10.2035265,110
23,111,-0.15858026,-0.62997866,-10.203524,111
23,112,-0.15977724,-0.6299786,-10.203523,112
23,113,-0.16066064,-0.62997854,-10.20352,113
23,114,-0.16215524,-0.6299786,-10.20352,114
23,115,-0.16491774,-0.62997866,-10.203519,115
23,116,-0.16636251,-0.62997866,-10.203518,116
23,117,-0.16707373,-0.6299788,-10.203518,117
23,118,-0.1675991,-0.6299787,-10.203518,118
23,119,-0.16782652,-0.62997884,-10.20352,119
23,120,-0.16790223,-0.62997895,-10.203522,120
23,121,-0.16818391,-0.6299791,-10.203522,121
23,122,-0.16822556,-0.62997913,-10.203523,122
23,123,-0.16983375,-0.62997913,-10.203522,123
23,124,-0.17050055,-0.62997913,-10.203523,124
23,125,-0.1712694,-0.62997913,-10.203524,125
23,126,-0.17289513,-0.6299791,-10.203525,126
23,127,-0.1741558,-0.62997895,-10.203525,127
23,128,-0.17501497,-0.6299788,-10.2035265,128
23,129,-0.17497562,-0.62997884,-10.203525,129
23,130,-0.17451613,-0.6299788,-10.203524,130
23,131,-0.17418076,-0.6299788,-10.2035265,131
23,132,-0.17237158,-0.62997866,-10.2035265,132
23,133,-0.17129707,-0.6299787,-10.2035265,133
23,134,-0.17073101,-0.62997854,-10.2035265,134
23,135,-0.16728431,-0.62997866,-10.2035265,135
23,136,-0.1658514,-0.6299787,-10.2035265,136
23,137,-0.16466722,-0.6299789,-10.2035265,137
23,138,-0.16308235,-0.62997895,-10.2035265,138
23,139,-0.16214871,-0.62997913,-10.2035265,139
23,140,-0.16137311,-0.6299792,-10.203527,140
23,141,-0.16081114,-0.62997925,-10.203528,141
23,142,-0.16033988,-0.6299793,-10.203527,142
23,143,-0.15972574,-0.62997925,-10.203527,143
23,144,-0.15947765,-0.6299792,-10.2035265,144
23,145,-0.1593638,-0.6299791,-10.203525,145
23,146,-0.15625201,-0.6299789,-10.203525,146
23,147,-0.15560694,-0.629979,-10.203524,147
23,148,-0.1572079,-0.62997895,-10.203522,148
23,149,-0.158132,-0.62997895,-10.20352,149
23,150,-0.15861538,-0.62997895,-10.203519,150
23,151,-0.16185394,-0.629979,-10.203519,151
23,152,-0.16331843,-0.62997884,-10.203518,152
23,153,-0.1645904,-0.6299788,-10.203515,153
23,154,-0.16624977,-0.62997854,-10.203515,154
23,155,-0.16721682,-0.6299784,-10.203513,155
23,156,-0.16789635,-0.62997836,-10.203514,156
23,157,-0.1683557,-0.62997836,-10.203513,157
23,158,-0.16870435,-0.62997824,-10.203512,158
23,159,-0.16810605,-0.62997824,-10.20351,159
23,160,-0.16829103,-0.6299783,-10.203509,160
23,161,-0.1681644,-0.6299784,-10.20351,161
23,162,-0.16766891,-0.6299784,-10.20351,162
23,163,-0.16783653,-0.62997866,-10.203512,163
23,164,-0.1673806,-0.6299788,-10.203513,164
23,165,-0.16654913,-0.62997884,-10.203515,165
23,166,-0.16585036,-0.6299789,-10.203517,166
23,167,-0.16439685,-0.6299791,-10.203515,167
23,168,-0.16260257,-0.62997913,-10.203518,168
23,169,-0.16154365,-0.62997913,-10.203517,169
23,170,-0.16048127,-0.6299792,-10.203519,170
23,171,-0.15949075,-0.6299792,-10.203518,171
23,172,-0.15832539,-0.62997925,-10.20352,172
23,173,-0.15492071,-0.6299793,-10.20352,173
23,174,-0.15417162,-0.62997943,-10.203519,174
23,175,-0.15699627,-0.62997943,-10.203519,175
23,176,-0.15918013,-0.62997943,-10.203519,176
23,177,-0.16057801,-0.62997943,-10.203518,177
23,178,-0.16461879,-0.62997943,-10.203518,178
23,179,-0.16692714,-0.6299794,-10.203517,179
23,180,-0.16902025,-0.6299793,-10.203517,180
23,181,-0.17090978,-0.6299792,-10.203517,181
23,182,-0.172929,-0.62997913,-10.203515,182
23,183,-0.17372443,-0.6299791,-10.203518,183
23,184,-0.17320521,-0.62997895,-10.203518,184
23,185,-0.17244758,-0.6299789,-10.203518,185
23,186,-0.17193297,-0.62997895,-10.203518,186
23,187,-0.16925663,-0.62997884,-10.203517,187
23,188,-0.16593279,-0.6299788,-10.203519,188
23,189,-0.16386755,-0.6299788,-10.203522,189
23,190,-0.16244803,-0.6299788,-10.203519,190
23,191,-0.15956242,-0.62997866,-10.203519,191
23,192,-0.15825064,-0.62997854,-10.20352,192
23,193,-0.15864022,-0.62997836,-10.203518,193
23,194,-0.16274454,-0.62997836,-10.203518,194
23,195,-0.16503526,-0.6299781,-10.203515,195
23,196,-0.16646689,-0.62997806,-10.203513,196
23,197,-0.16745636,-0.62997806,-10.203513,197
23,198,-0.16812441,-0.629978,-10.203512,198
23,199,-0.16819935,-0.62997806,-10.20351,199
24,0,0.006955012,-0.0747758,-1.8874303,0
24,1,-0.0041790903,-0.16969644,-3.8927655,1
24,2,-0.014118715,-0.30121484,-6.1530895,2
24,3,-0.020067975,-0.44136706,-8.118403,3
24,4,-0.026105754,-0.544395,-9.332861,4
24,5,-0.034813315,-0.5979432,-9.894094,5
24,6,-0.046697795,-0.6192367,-10.103193,6
24,7,-0.06604454,-0.6263365,-10.170605,7
24,8,-0.08573646,-0.62863624,-10.191754,8
24,9,-0.10322175,-0.6294153,-10.198751,9
24,10,-0.11996438,-0.6297024,-10.201296,10
24,11,-0.12588985,-0.6298271,-10.202378,11
24,12,-0.12844707,-0.62988657,-10.202893,12
24,13,-0.12649377,-0.6299187,-10.203174,13
24,14,-0.12980574,-0.62993634,-10.203327,14
24,15,-0.1335595,-0.62994665,-10.203419,15
24,16,-0.13859735,-0.62995297,-10.203475,16
24,17,-0.13723262,-0.6299576,-10.203515,17
24,18,-0.13388114,-0.6299613,-10.203547,18
24,19,-0.12922211,-0.6299642,-10.203571,19
24,20,-0.13054128,-0.62996614,-10.203589,20
24,21,-0.13194595,-0.62996745,-10.203603,21
24,22,-0.13366537,-0.6299685,-10.203611,22
24,23,-0.13496079,-0.6299693,-10.203618,23
24,24,-0.13580687,-0.62996984,-10.203623,24
24,25,-0.13884826,-0.6299701,-10.203626,25
24,26,-0.14041942,-0.6299702,-10.203626,26
24,27,-0.14191762,-0.6299704,-10.203626,27
24,28,-0.14441875,-0.6299702,-10.203623,28
24,29,-0.14545901,-0.62997013,-10.203621,29
24,30,-0.14451002,-0.62997013,-10.203622,30
24,31,-0.14333756,-0.6299702,-10.203623,31
24,32,-0.14229214,-0.6299703,-10.203622,32
24,33,-0.14170825,-0.62997043,-10.203622,33
24,34,-0.13868661,-0.62997067,-10.203624,34
24,35,-0.13613427,-0.6299709,-10.203628,35
24,36,-0.13491224,-0.6299713,-10.203631,36
24,37,-0.1337679,-0.6299716,-10.203635,37
24,38,-0.13163088,-0.62997204,-10.203637,38
24,39,-0.13256913,-0.6299721,-10.20364,39
24,40,-0.1334208,-0.62997234,-10.203642,40
24,41,-0.1340187,-0.62997246,-10.203644,41
24,42,-0.14048435,-0.62997216,-10.203641,42
24,43,-0.14278336,-0.62997186,-10.203637,43
24,44,-0.14437047,-0.6299716,-10.203636,44
24,45,-0.14552347,-0.6299713,-10.203633,45
24,46,-0.14601664,-0.629971,-10.203631,46
24,47,-0.14641541,-0.62997085,-10.203629,47
24,48,-0.1454552,-0.6299706,-10.203627,48
24,49,-0.1430933,-0.62997067,-10.203628,49
24,50,-0.13990456,-0.62997085,-10.20363,50
24,51,-0.13716505,-0.62997097,-10.203632,51
24,52,-0.13518488,-0.6299713,-10.203635,52
24,53,-0.13402629,-0.62997156,-10.203637,53
24,54,-0.13331698,-0.6299717,-10.20364,54
24,55,-0.13309067,-0.6299719,-10.203641,55
24,56,-0.13193549,-0.62997204,-10.203644,56
24,57,-0.13207133,-0.62997216,-10.203642,57
24,58,-0.13243958,-0.62997234,-10.203644,58
24,59,-0.13282824,-0.62997234,-10.203642,59
24,60,-0.1321134,-0.6299726,-10.203644,60
24,61,-0.1341888,-0.62997246,-10.203644,61
24,62,-0.13636968,-0.6299722,-10.203642,62
24,63,-0.1352185,-0.62997234,-10.203641,63
24,64,-0.13551979,-0.6299723,-10.203641,64
24,65,-0.14383468,-0.62997174,-10.203636,65
24,66,-0.14739823,-0.62997127,-10.203629,66
24,67,-0.15020403,-0.6299705,-10.203624,67
24,68,-0.14926422,-0.62997,-10.203619,68
24,69,-0.14795566,-0.6299696,-10.203616,69
24,70,-0.14686248,-0.6299692,-10.203614,70
24,71,-0.14314122,-0.6299692,-10.203612,71
24,72,-0.1414064,-0.62996906,-10.203612,72
24,73,-0.13973254,-0.62996906,-10.203611,73
24,74,-0.13604374,-0.6299693,-10.203611,74
24,75,-0.13573076,-0.62996954,-10.203614,75
24,76,-0.13559158,-0.6299697,-10.203616,76
24,77,-0.1354953,-0.6299697,-10.203618,77
24,78,-0.13663335,-0.6299697,-10.203618,78
24,79,-0.13677439,-0.62996984,-10.203621,79
24,80,-0.13678518,-0.6299697,-10.203623,80
24,81,-0.13694428,-0.6299697,-10.203624,81
24,82,-0.13748495,-0.6299696,-10.203624,82
24,83,-0.14177963,-0.62996924,-10.203621,83
24,84,-0.14266519,-0.62996894,-10.203617,84
24,85,-0.14258897,-0.62996864,-10.203617,85
24,86,-0.14224677,-0.62996846,-10.203613,86
24,87,-0.1418875,-0.6299683,-10.203613,87
24,88,-0.14198786,-0.62996817,-10.203609,88
24,89,-0.14181532,-0.629968,-10.2036085,89
24,90,-0.14243048,-0.6299677,-10.203607,90
24,91,-0.14341274,-0.62996745,-10.2036,91
24,92,-0.14415543,-0.6299672,-10.203597,92
24,93,-0.14425611,-0.62996703,-10.203594,93
24,94,-0.14448074,-0.62996686,-10.203592,94
24,95,-0.14476222,-0.6299666,-10.203589,95
24,96,-0.1430179,-0.6299666,-10.2035885,96
24,97,-0.14236698,-0.6299666,-10.203586,97
24,98,-0.14193267,-0.62996674,-10.203586,98
24,99,-0.14108038,-0.62996686,-10.203588,99
24,100,-0.14067355,-0.6299669,-10.2035885,100
24,101,-0.13883682,-0.62996715,-10.203589,101
24,102,-0.13842446,-0.6299674,-10.203593,102
24,103,-0.13456918,-0.62996787,-10.203598,103
24,104,-0.13321945,-0.6299683,-10.203603,104
24,105,-0.13209479,-0.62996876,-10.203605,105
24,106,-0.13094762,-0.6299692,-10.203609,106
24,107,-0.1307589,-0.6299694,-10.203614,107
24,108,-0.1311407,-0.6299697,-10.203618,108
24,109,-0.13067386,-0.62997013,-10.203621,109
24,110,-0.13266706,-0.6299702,-10.203621,110
24,111,-0.13481654,-0.6299702,-10.203621,111
24,112,-0.13618347,-0.62997025,-10.203622,112
24,113,-0.13696046,-0.6299703,-10.203621,113
24,114,-0.13897137,-0.62997013,-10.203622,114
24,115,-0.14093056,-0.62996995,-10.203623,115
24,116,-0.14133237,-0.6299697,-10.203621,116
24,117,-0.1412572,-0.6299696,-10.203619,117
24,118,-0.14125551,-0.6299695,-10.203621,118
24,119,-0.14101562,-0.62996936,-10.203619,119
24,120,-0.1407074,-0.6299692,-10.203618,120
24,121,-0.14063929,-0.62996906,-10.203618,121
24,122,-0.14052697,-0.629969,-10.203614,122
24,123,-0.14158976,-0.6299687,-10.203612,123
24,124,-0.14220984,-0.62996846,-10.203609,124
24,125,-0.14297506,-0.6299683,-10.203607,125
24,126,-0.1443591,-0.62996805,-10.203603,126
24,127,-0.14614688,-0.6299677,-10.203599,127
24,128,-0.14689584,-0.6299674,-10.203594,128
24,129,-0.14667857,-0.6299671,-10.203592,129
24,130,-0.14598279,-0.62996686,-10.2035885,130
24,131,-0.14491075,-0.6299667,-10.203588,131
24,132,-0.14363329,-0.6299668,-10.203586,132
24,133,-0.14282075,-0.6299666,-10.203586,133
24,134,-0.14227767,-0.6299667,-10.203585,134
24,135,-0.13963893,-0.62996686,-10.203589,135
24,136,-0.13816756,-0.6299671,-10.203593,136
24,137,-0.13684952,-0.62996745,-10.203595,137
24,138,-0.13543557,-0.6299677,-10.203602,138
24,139,-0.13426523,-0.6299679,-10.203604,139
24,140,-0.13358499,-0.62996817,-10.203608,140
24,141,-0.13334414,-0.6299684,-10.203609,141
24,142,-0.13229667,-0.6299687,-10.203612,142
24,143,-0.13247974,-0.6299688,-10.203613,143
24,144,-0.13300042,-0.629969,-10.203612,144
24,145,-0.13326941,-0.6299692,-10.203613,145
24,146,-0.13183363,-0.6299694,-10.203617,146
24,147,-0.13273738,-0.6299697,-10.203618,147
24,148,-0.13371107,-0.62996966,-10.203621,148
24,149,-0.13417968,-0.6299698,-10.203622,149
24,150,-0.13443951,-0.6299697,-10.203623,150
24,151,-0.13679609,-0.6299695,-10.203619,151
24,152,-0.13813466,-0.6299693,-10.203616,152
24,153,-0.13941938,-0.6299691,-10.203616,153
24,154,-0.14093904,-0.6299689,-10.203611,154
24,155,-0.14205442,-0.6299687,-10.203608,155
24,156,-0.14267516,-0.6299684,-10.203604,156
24,157,-0.14294006,-0.6299682,-10.203602,157
24,158,-0.14294328,-0.6299679,-10.203599,158
24,159,-0.14291658,-0.62996787,-10.2036,159
24,160,-0.14225233,-0.62996775,-10.2036,160
24,161,-0.14137375,-0.6299677,-10.2036,161
24,162,-0.14052927,-0.6299676,-10.203603,162
24,163,-0.13995421,-0.6299676,-10.203603,163
24,164,-0.13913512,-0.6299676,-10.203605,164
24,165,-0.13815424,-0.6299676,-10.203604,165
24,166,-0.13755757,-0.62996763,-10.203604,166
24,167,-0.13607714,-0.62996775,-10.203605,167
24,168,-0.13481803,-0.629968,-10.203607,168
24,169,-0.13423415,-0.62996805,-10.2036085,169
24,170,-0.13360308,-0.6299683,-10.203611,170
24,171,-0.13302973,-0.62996846,-10.203613,171
24,172,-0.13207881,-0.6299687,-10.203614,172
24,173,-0.12926722,-0.6299691,-10.203618,173
24,174,-0.12938868,-0.6299693,-10.203621,174
24,175,-0.13230939,-0.62996924,-10.203621,175
24,176,-0.134251,-0.6299692,-10.203622,176
24,177,-0.13546473,-0.6299691,-10.203621,177
24,178,-0.13914657,-0.6299688,-10.203617,178
24,179,-0.14085604,-0.6299686,-10.203613,179
24,180,-0.14250766,-0.6299681,-10.203609,180
24,181,-0.14393598,-0.6299678,-10.203605,181
24,182,-0.14529507,-0.6299673,-10.2036,182
24,183,-0.145572,-0.629967,-10.203594,183
24,184,-0.14490202,-0.6299667,-10.203593,184
24,185,-0.14413701,-0.6299665,-10.203589,185
24,186,-0.14362471,-0.6299664,-10.203588,186
24,187,-0.14087836,-0.6299665,-10.2035885,187
24,188,-0.1373656,-0.6299668,-10.2035885,188
24,189,-0.13594328,-0.629967,-10.203589,189
24,190,-0.13504308,-0.6299674,-10.203593,190
24,191,-0.13236879,-0.62996775,-10.203594,191
24,192,-0.13214627,-0.6299681,-10.203599,192
24,193,-0.13355896,-0.6299683,-10.203599,193
24,194,-0.13803081,-0.62996817,-10.203599,194
24,195,-0.14002891,-0.6299681,-10.203598,195
24,196,-0.14128911,-0.629968,-10.203597,196
24,197,-0.14191216,-0.62996787,-10.203597,197
24,198,-0.14209944,-0.62996775,-10.203594,198
24,199,-0.14264672,-0.6299677,-10.203597,199
25,0,0.008514832,-0.10318565,-1.8111508,0
25,1,-0.009177627,-0.23484205,-3.6908576,1
25,2,-0.03618917,-0.3868528,-5.892611,2
25,3,-0.0675796,-0.51161903,-7.8821144,3
25,4,-0.09867554,-0.58364946,-9.180286,4
25,5,-0.1235155,-0.6144147,-9.815412,5
25,6,-0.13729087,-0.62510395,-10.068265,6
25,7,-0.14218469,-0.6284194,-10.15632,7
25,8,-0.14029002,-0.629426,-10.1858225,8
25,9,-0.13659635,-0.62975293,-10.196084,9
25,10,-0.13625985,-0.6298725,-10.199964,10
25,11,-0.13565072,-0.6299218,-10.201614,11
25,12,-0.13731278,-0.62994546,-10.202408,12
25,13,-0.13902825,-0.62995815,-10.20283,13
25,14,-0.14487253,-0.62996584,-10.203073,14
25,15,-0.15134844,-0.6299706,-10.203221,15
25,16,-0.15839878,-0.6299737,-10.203315,16
25,17,-0.16111432,-0.6299755,-10.203374,17
25,18,-0.16185382,-0.62997675,-10.203416,18
25,19,-0.16103446,-0.6299777,-10.203448,19
25,20,-0.16347225,-0.6299786,-10.203475,20
25,21,-0.16571298,-0.6299794,-10.203494,21
25,22,-0.16777632,-0.6299798,-10.203509,22
25,23,-0.16969799,-0.62998015,-10.20352,23
25,24,-0.17118317,-0.62998044,-10.203528,24
25,25,-0.17409247,-0.6299808,-10.203533,25
25,26,-0.17634596,-0.62998086,-10.203537,26
25,27,-0.17822088,-0.629981,-10.203539,27
25,28,-0.18067694,-0.6299811,-10.203541,28
25,29,-0.18224259,-0.629981,-10.203541,29
25,30,-0.18219428,-0.629981,-10.203541,30
25,31,-0.18174244,-0.629981,-10.203541,31
25,32,-0.18118173,-0.629981,-10.203541,32
25,33,-0.18085067,-0.629981,-10.203542,33
25,34,-0.17886141,-0.6299809,-10.203542,34
25,35,-0.17693093,-0.62998086,-10.203543,35
25,36,-0.1758788,-0.629981,-10.2035475,36
25,37,-0.17490783,-0.629981,-10.203548,37
25,38,-0.17321114,-0.6299811,-10.203552,38
25,39,-0.17356813,-0.62998116,-10.203555,39
25,40,-0.17402321,-0.6299814,-10.203557,40
25,41,-0.17438543,-0.62998146,-10.20356,41
25,42,-0.1789469,-0.6299816,-10.203562,42
25,43,-0.18094125,-0.6299816,-10.203563,43
25,44,-0.18242326,-0.6299816,-10.203561,44
25,45,-0.1835552,-0.62998146,-10.203558,45
25,46,-0.18417771,-0.6299814,-10.203557,46
25,47,-0.1846467,-0.6299813,-10.203555,47
25,48,-0.18407127,-0.62998116,-10.203551,48
25,49,-0.18238558,-0.629981,-10.203548,49
25,50,-0.17998803,-0.62998086,-10.203548,50
25,51,-0.17774074,-0.6299809,-10.20355,51
25,52,-0.1759911,-0.6299808,-10.20355,52
25,53,-0.17489284,-0.62998086,-10.203551,53
25,54,-0.17419648,-0.629981,-10.203553,54
25,55,-0.17391421,-0.62998104,-10.203552,55
25,56,-0.17305718,-0.62998104,-10.203555,56
25,57,-0.17354047,-0.6299811,-10.203556,57
25,58,-0.17394122,-0.6299813,-10.203557,58
25,59,-0.1743457,-0.6299813,-10.203557,59
25,60,-0.17398262,-0.62998134,-10.203558,60
25,61,-0.17546661,-0.62998146,-10.203561,61
25,62,-0.17717876,-0.6299815,-10.203561,62
25,63,-0.1767486,-0.6299814,-10.203562,63
25,64,-0.1771543,-0.6299815,-10.203563,64
25,65,-0.18323651,-0.62998164,-10.203563,65
25,66,-0.18626724,-0.62998164,-10.203563,66
25,67,-0.18854535,-0.6299816,-10.20356,67
25,68,-0.18846644,-0.6299814,-10.203556,68
25,69,-0.18803592,-0.62998116,-10.203552,69
25,70,-0.1876313,-0.6299811,-10.203548,70
25,71,-0.1853783,-0.6299808,-10.203547,71
25,72,-0.18439381,-0.6299808,-10.203544,72
25,73,-0.18333147,-0.62998074,-10.203543,73
25,74,-0.18083748,-0.62998056,-10.203543,74
25,75,-0.18060166,-0.6299808,-10.203544,75
25,76,-0.18013829,-0.6299808,-10.203547,76
25,77,-0.17981383,-0.6299808,-10.203548,77
25,78,-0.18039182,-0.62998086,-10.203551,78
25,79,-0.18000959,-0.6299809,-10.203552,79
25,80,-0.17977723,-0.62998086,-10.203553,80
25,81,-0.1796335,-0.62998086,-10.203553,81
25,82,-0.17969006,-0.6299809,-10.203553,82
25,83,-0.18235725,-0.62998104,-10.203555,83
25,84,-0.18314345,-0.6299811,-10.203553,84
25,85,-0.18308765,-0.62998086,-10.20355,85
25,86,-0.18278916,-0.6299808,-10.203548,86
25,87,-0.18248866,-0.6299807,-10.203547,87
25,88,-0.1824835,-0.6299807,-10.203546,88
25,89,-0.18233566,-0.6299806,-10.203544,89
25,90,-0.18278295,-0.62998056,-10.203542,90
25,91,-0.1840817,-0.6299806,-10.203539,91
25,92,-0.18512696,-0.62998056,-10.203537,92
25,93,-0.18553573,-0.62998044,-10.203537,93
25,94,-0.1858247,-0.62998044,-10.203533,94
25,95,-0.18604387,-0.6299804,-10.203533,95
25,96,-0.18500881,-0.6299804,-10.203532,96
25,97,-0.18472834,-0.62998027,-10.203531,97
25,98,-0.18447657,-0.62998027,-10.203528,98
25,99,-0.18393919,-0.62998027,-10.203529,99
25,100,-0.18364175,-0.62998027,-10.203531,100
25,101,-0.18243402,-0.6299804,-10.203532,101
25,102,-0.18205741,-0.6299803,-10.203532,102
25,103,-0.17940533,-0.62998027,-10.203533,103
25,104,-0.17823683,-0.6299804,-10.203536,104
25,105,-0.17727374,-0.62998044,-10.203539,105
25,106,-0.17628297,-0.62998056,-10.203543,106
25,107,-0.17591116,-0.62998074,-10.203547,107
25,108,-0.17596889,-0.62998086,-10.20355,108
25,109,-0.17535357,-0.62998086,-10.203551,109
25,110,-0.17669117,-0.62998104,-10.203555,110
25,111,-0.17853764,-0.6299811,-10.203555,111
25,112,-0.17945221,-0.6299813,-10.203558,112
25,113,-0.18002613,-0.62998116,-10.203557,113
25,114,-0.18147296,-0.62998116,-10.203557,114
25,115,-0.18237844,-0.6299813,-10.20356,115
25,116,-0.18260531,-0.6299812,-10.203558,116
25,117,-0.18255886,-0.62998116,-10.203557,117
25,118,-0.18256573,-0.6299811,-10.203556,118
25,119,-0.18238303,-0.629981,-10.203555,119
25,120,-0.18215743,-0.629981,-10.203551,120
25,121,-0.18213153,-0.62998086,-10.203548,121
25,122,-0.18215545,-0.62998086,-10.203548,122
25,123,-0.18298264,-0.62998086,-10.2035475,123
25,124,-0.18387584,-0.62998086,-10.203547,124
25,125,-0.18466172,-0.6299808,-10.203544,125
25,126,-0.18586637,-0.6299808,-10.203543,126
25,127,-0.1874671,-0.6299808,-10.203541,127
25,128,-0.18801446,-0.6299806,-10.203538,128
25,129,-0.1879479,-0.62998056,-10.203538,129
25,130,-0.18748696,-0.6299804,-10.203533,130
25,131,-0.18678245,-0.6299804,-10.203532,131
25,132,-0.18633865,-0.62998027,-10.203529,132
25,133,-0.18571162,-0.6299803,-10.203529,133
25,134,-0.18528283,-0.62998027,-10.203529,134
25,135,-0.18355331,-0.62998015,-10.203531,135
25,136,-0.18187717,-0.62998027,-10.203531,136
25,137,-0.18064067,-0.62998015,-10.203533,137
25,138,-0.17935988,-0.62998027,-10.203536,138
25,139,-0.17818333,-0.62998027,-10.203538,139
25,140,-0.17764089,-0.6299804,-10.203541,140
25,141,-0.17742012,-0.62998044,-10.203543,141
25,142,-0.1767491,-0.6299805,-10.203544,142
25,143,-0.17742981,-0.62998056,-10.203546,143
25,144,-0.17802648,-0.62998074,-10.203547,144
25,145,-0.17841002,-0.62998074,-10.2035475,145
25,146,-0.17782976,-0.6299808,-10.203548,146
25,147,-0.17790501,-0.6299809,-10.20355,147
25,148,-0.17776556,-0.629981,-10.203553,148
25,149,-0.17801072,-0.62998104,-10.203555,149
25,150,-0.17817768,-0.629981,-10.203556,150
25,151,-0.17986959,-0.6299811,-10.203557,151
25,152,-0.18156484,-0.62998116,-10.203555,152
25,153,-0.18292485,-0.62998116,-10.203555,153
25,154,-0.18439789,-0.62998116,-10.203552,154
25,155,-0.18564962,-0.6299811,-10.20355,155
25,156,-0.18629608,-0.629981,-10.20355,156
25,157,-0.18660502,-0.6299809,-10.2035475,157
25,158,-0.186659,-0.6299808,-10.203546,158
25,159,-0.18663098,-0.62998074,-10.203546,159
25,160,-0.18546793,-0.62998074,-10.203546,160
25,161,-0.1845218,-0.6299807,-10.203547,161
25,162,-0.1836067,-0.6299807,-10.203547,162
25,163,-0.18282406,-0.62998056,-10.203546,163
25,164,-0.18221873,-0.62998056,-10.203544,164
25,165,-0.18150897,-0.6299805,-10.203544,165
25,166,-0.18108666,-0.62998044,-10.203544,166
25,167,-0.18010513,-0.6299805,-10.203544,167
25,168,-0.17932945,-0.62998044,-10.203544,168
25,169,-0.17881796,-0.62998056,-10.203546,169
25,170,-0.1782863,-0.62998056,-10.203546,170
25,171,-0.17773527,-0.6299806,-10.2035475,171
25,172,-0.17694019,-0.6299807,-10.203548,172
25,173,-0.17492989,-0.6299807,-10.203551,173
25,174,-0.17457287,-0.62998086,-10.203552,174
25,175,-0.1761771,-0.629981,-10.203555,175
25,176,-0.17754707,-0.62998104,-10.203556,176
25,177,-0.17848511,-0.629981,-10.203557,177
25,178,-0.18112068,-0.6299811,-10.203556,178
25,179,-0.18270974,-0.6299811,-10.203553,179
25,180,-0.18415305,-0.62998104,-10.203552,180
25,181,-0.18543303,-0.6299809,-10.20355,181
25,182,-0.18666427,-0.629981,-10.203547,182
25,183,-0.18729962,-0.6299808,-10.203544,183
25,184,-0.18721968,-0.6299806,-10.203541,184
25,185,-0.18688612,-0.62998056,-10.203538,185
25,186,-0.18662782,-0.6299805,-10.203537,186
25,187,-0.18489,-0.62998044,-10.203534,187
25,188,-0.18252283,-0.62998027,-10.203534,188
25,189,-0.18169396,-0.6299804,-10.203534,189
25,190,-0.18108019,-0.62998044,-10.203537,190
25,191,-0.17926298,-0.62998044,-10.203538,191
25,192,-0.17913842,-0.6299805,-10.203541,192
25,193,-0.18000492,-0.62998056,-10.203543,193
25,194,-0.18283251,-0.6299808,-10.203546,194
25,195,-0.18428902,-0.6299807,-10.203547,195
25,196,-0.18522863,-0.6299808,-10.203544,196
25,197,-0.18566039,-0.6299808,-10.203546,197
25,198,-0.18579455,-0.62998074,-10.203546,198
25,199,-0.18616107,-0.6299806,-10.203546,199
26,0,-0.0049066837,-0.086736515,-2.2292318,0
26,1,-0.034830842,-0.19198793,-4.509441,1
26,2,-0.06583717,-0.32704824,-6.7671995,2
26,3,-0.09016913,-0.46069488,-8.491167,3
26,4,-0.10925666,-0.5551476,-9.489357,4
26,5,-0.1216293,-0.6027903,-9.943888,5
26,6,-0.12508407,-0.62119,-10.116614,6
26,7,-0.12727968,-0.627153,-10.1744585,7
26,8,-0.1258157,-0.6289871,-10.193074,8
26,9,-0.122363985,-0.629576,-10.199296,9
26,10,-0.12327878,-0.6297853,-10.20156,10
26,11,-0.11887396,-0.62987113,-10.20251,11
26,12,-0.114957616,-0.62991107,-10.202959,12
26,13,-0.1091774,-0.6299321,-10.203198,13
26,14,-0.111287124,-0.6299439,-10.20333,14
26,15,-0.116350286,-0.62995064,-10.203406,15
26,16,-0.12407108,-0.629955,-10.203453,16
26,17,-0.12535761,-0.6299579,-10.203486,17
26,18,-0.12312689,-0.6299602,-10.203513,18
26,19,-0.11815521,-0.6299619,-10.203536,19
26,20,-0.11906719,-0.62996316,-10.203551,20
26,21,-0.12058188,-0.62996423,-10.20356,21
26,22,-0.12320636,-0.62996477,-10.203568,22
26,23,-0.12537497,-0.62996525,-10.203574,23
26,24,-0.12687805,-0.62996566,-10.203576,24
26,25,-0.1310597,-0.62996554,-10.203581,25
26,26,-0.13339835,-0.6299657,-10.203581,26
26,27,-0.13542512,-0.6299658,-10.203583,27
26,28,-0.1385491,-0.62996566,-10.203583,28
26,29,-0.13997991,-0.6299656,-10.203583,29
26,30,-0.1390376,-0.6299656,-10.203583,30
26,31,-0.1373263,-0.62996554,-10.203583,31
26,32,-0.13557106,-0.62996554,-10.203586,32
26,33,-0.13429478,-0.62996566,-10.203588,33
26,34,-0.13034491,-0.62996584,-10.203589,34
26,35,-0.12647782,-0.62996596,-10.203594,35
26,36,-0.12395636,-0.62996614,-10.203597,36
26,37,-0.12167396,-0.6299664,-10.203599,37
26,38,-0.11825027,-0.62996656,-10.203602,38
26,39,-0.11812141,-0.6299667,-10.203603,39
26,40,-0.11853193,-0.62996686,-10.203604,40
26,41,-0.1189414,-0.6299669,-10.203604,41
26,42,-0.12618428,-0.6299668,-10.2036,42
26,43,-0.13027358,-0.62996656,-10.203597,43
26,44,-0.1334081,-0.6299664,-10.203594,44
26,45,-0.1359619,-0.62996614,-10.20359,45
26,46,-0.13771269,-0.62996596,-10.203588,46
26,47,-0.13913026,-0.6299658,-10.203585,47
26,48,-0.1390083,-0.62996566,-10.203584,48
26,49,-0.13710704,-0.62996566,-10.203584,49
26,50,-0.1338368,-0.62996566,-10.203585,50
26,51,-0.13067202,-0.6299658,-10.203588,51
26,52,-0.12825309,-0.62996596,-10.203589,52
26,53,-0.12668641,-0.6299661,-10.203592,53
26,54,-0.12561151,-0.62996614,-10.203593,54
26,55,-0.12495769,-0.62996626,-10.203595,55
26,56,-0.123715855,-0.62996626,-10.203598,56
26,57,-0.122808315,-0.6299663,-10.203602,57
26,58,-0.12214709,-0.6299663,-10.203602,58
26,59,-0.12156801,-0.6299664,-10.203603,59
26,60,-0.11958031,-0.62996644,-10.203604,60
26,61,-0.12063419,-0.6299664,-10.203603,61
26,62,-0.12259333,-0.62996626,-10.203603,62
26,63,-0.12088318,-0.62996626,-10.203603,63
26,64,-0.12025914,-0.62996614,-10.203602,64
26,65,-0.12895514,-0.62996596,-10.203595,65
26,66,-0.13419294,-0.6299654,-10.2035885,66
26,67,-0.1391671,-0.629965,-10.203584,67
26,68,-0.14024039,-0.62996465,-10.203579,68
26,69,-0.14016978,-0.62996435,-10.203575,69
26,70,-0.13988665,-0.629964,-10.203573,70
26,71,-0.13658996,-0.6299639,-10.203573,71
26,72,-0.13440125,-0.6299637,-10.203573,72
26,73,-0.13217239,-0.62996364,-10.203574,73
26,74,-0.12753841,-0.6299637,-10.203576,74
26,75,-0.12548576,-0.6299638,-10.203578,75
26,76,-0.124450706,-0.62996393,-10.203579,76
26,77,-0.12390158,-0.629964,-10.20358,77
26,78,-0.12457762,-0.6299641,-10.203579,78
26,79,-0.12520795,-0.6299641,-10.203579,79
26,80,-0.12583649,-0.6299641,-10.203578,80
26,81,-0.12665431,-0.62996423,-10.203576,81
26,82,-0.12822945,-0.6299641,-10.203575,82
26,83,-0.1344536,-0.6299639,-10.203571,83
26,84,-0.13737452,-0.6299637,-10.203568,84
26,85,-0.13883656,-0.6299635,-10.203566,85
26,86,-0.13977826,-0.62996334,-10.203563,86
26,87,-0.14045377,-0.6299632,-10.203562,87
26,88,-0.14154252,-0.62996316,-10.203561,88
26,89,-0.14210023,-0.62996304,-10.203562,89
26,90,-0.14404036,-0.62996274,-10.203561,90
26,91,-0.1456558,-0.6299626,-10.20356,91
26,92,-0.14645766,-0.6299624,-10.20356,92
26,93,-0.1463114,-0.6299624,-10.203558,93
26,94,-0.14622852,-0.6299623,-10.203556,94
26,95,-0.1463505,-0.6299622,-10.203556,95
26,96,-0.14457728,-0.6299622,-10.203558,96
26,97,-0.14322557,-0.6299623,-10.20356,97
26,98,-0.14209805,-0.62996227,-10.203561,98
26,99,-0.14056702,-0.6299624,-10.203562,99
26,100,-0.13941504,-0.6299625,-10.203563,100
26,101,-0.13681006,-0.6299627,-10.203566,101
26,102,-0.1353647,-0.6299629,-10.203568,102
26,103,-0.13026328,-0.62996316,-10.203573,103
26,104,-0.12721631,-0.6299634,-10.203576,104
26,105,-0.12461387,-0.62996364,-10.20358,105
26,106,-0.122033864,-0.6299638,-10.203581,106
26,107,-0.120555796,-0.6299642,-10.203583,107
26,108,-0.11987191,-0.62996435,-10.203584,108
26,109,-0.118912116,-0.62996453,-10.203586,109
26,110,-0.12068615,-0.6299644,-10.203588,110
26,111,-0.12230419,-0.6299645,-10.203586,111
26,112,-0.12363734,-0.62996453,-10.203585,112
26,113,-0.12455939,-0.6299646,-10.203585,113
26,114,-0.12651238,-0.62996453,-10.203581,114
26,115,-0.12969469,-0.6299644,-10.203576,115
26,116,-0.1315901,-0.6299643,-10.203575,116
26,117,-0.13281345,-0.62996423,-10.203574,117
26,118,-0.13393109,-0.62996405,-10.203571,118
26,119,-0.13473639,-0.62996393,-10.203569,119
26,120,-0.13535938,-0.62996393,-10.203569,120
26,121,-0.13615078,-0.6299637,-10.203568,121
26,122,-0.13666171,-0.6299635,-10.203568,122
26,123,-0.13864562,-0.62996334,-10.203567,123
26,124,-0.13967775,-0.6299632,-10.203567,124
26,125,-0.14069857,-0.6299631,-10.203566,125
26,126,-0.14244357,-0.6299629,-10.203565,126
26,127,-0.14409219,-0.6299626,-10.203562,127
26,128,-0.14511879,-0.6299625,-10.20356,128
26,129,-0.1451365,-0.62996244,-10.203558,129
26,130,-0.1446079,-0.62996227,-10.203558,130
26,131,-0.14390741,-0.62996215,-10.203558,131
26,132,-0.14194417,-0.62996215,-10.20356,132
26,133,-0.14053006,-0.62996215,-10.20356,133
26,134,-0.13957982,-0.62996215,-10.203561,134
26,135,-0.13582373,-0.6299624,-10.203561,135
26,136,-0.13387372,-0.6299626,-10.203563,136
26,137,-0.13237329,-0.6299627,-10.203566,137
26,138,-0.1307157,-0.629963,-10.203567,138
26,139,-0.12972426,-0.6299631,-10.203569,139
26,140,-0.12905948,-0.62996316,-10.20357,140
26,141,-0.12870528,-0.6299633,-10.203573,141
26,142,-0.12802108,-0.6299633,-10.203576,142
26,143,-0.12738504,-0.62996334,-10.203578,143
26,144,-0.12698504,-0.6299634,-10.203578,144
26,145,-0.12648863,-0.6299634,-10.203579,145
26,146,-0.12292419,-0.62996376,-10.20358,146
26,147,-0.12197617,-0.629964,-10.203579,147
26,148,-0.12318203,-0.62996405,-10.203579,148
26,149,-0.12407457,-0.629964,-10.20358,149
26,150,-0.12468625,-0.629964,-10.203579,150
26,151,-0.12827754,-0.62996376,-10.203578,151
26,152,-0.13015753,-0.6299635,-10.203575,152
26,153,-0.13172297,-0.62996334,-10.203574,153
26,154,-0.13354787,-0.6299632,-10.203571,154
26,155,-0.13463677,-0.62996304,-10.203569,155
26,156,-0.13525715,-0.629963,-10.203566,156
26,157,-0.13555102,-0.6299628,-10.203567,157
26,158,-0.13566144,-0.62996274,-10.203563,158
26,159,-0.13513696,-0.6299628,-10.203561,159
26,160,-0.13508439,-0.62996274,-10.20356,160
26,161,-0.1349684,-0.6299627,-10.20356,161
26,162,-0.13476004,-0.6299626,-10.203558,162
26,163,-0.13528943,-0.6299625,-10.203558,163
26,164,-0.13531457,-0.6299625,-10.20356,164
26,165,-0.13491756,-0.62996256,-10.20356,165
26,166,-0.13463463,-0.6299625,-10.20356,166
26,167,-0.13332786,-0.6299624,-10.203562,167
26,168,-0.13160919,-0.62996256,-10.203563,168
26,169,-0.13055481,-0.6299626,-10.203566,169
26,170,-0.129445,-0.6299628,-10.203567,170
26,171,-0.1283829,-0.6299629,-10.203568,171
26,172,-0.12700582,-0.62996316,-10.20357,172
26,173,-0.12306997,-0.62996334,-10.203574,173
26,174,-0.122150026,-0.62996364,-10.203575,174
26,175,-0.12535745,-0.62996364,-10.203575,175
26,176,-0.12803552,-0.62996364,-10.203574,176
26,177,-0.12990943,-0.62996364,-10.203573,177
26,178,-0.13473974,-0.6299635,-10.20357,178
26,179,-0.13763697,-0.6299632,-10.203567,179
26,180,-0.14028248,-0.62996304,-10.203565,180
26,181,-0.14263216,-0.6299628,-10.203562,181
26,182,-0.14498693,-0.6299625,-10.20356,182
26,183,-0.1459508,-0.62996227,-10.203556,183
26,184,-0.14543135,-0.62996215,-10.203556,184
26,185,-0.14450796,-0.629962,-10.203555,185
26,186,-0.1437385,-0.629962,-10.203553,186
26,187,-0.14048287,-0.629962,-10.203557,187
26,188,-0.13614605,-0.629962,-10.20356,188
26,189,-0.13320486,-0.62996215,-10.203563,189
26,190,-0.13089702,-0.62996227,-10.203566,190
26,191,-0.12680323,-0.6299625,-10.20357,191
26,192,-0.12459889,-0.6299626,-10.203574,192
26,193,-0.12436509,-0.6299629,-10.203574,193
26,194,-0.12837392,-0.6299629,-10.203574,194
26,195,-0.13060491,-0.6299629,-10.20357,195
26,196,-0.13205688,-0.6299628,-10.203568,196
26,197,-0.1329871,-0.6299628,-10.203567,197
26,198,-0.13355803,-0.6299627,-10.203566,198
26,199,-0.13391405,-0.6299628,-10.203562,199
27,0,0.0026329008,-0.13658097,-2.7536197,0
27,1,-0.014382425,-0.3054579,-5.6054053,1
27,2,-0.03223987,-0.46623868,-7.9592037,2
27,3,-0.047625784,-0.56815654,-9.342156,3
27,4,-0.06326761,-0.61116797,-9.924631,4
27,5,-0.08020832,-0.6248357,-10.121483,5
27,6,-0.09682542,-0.628558,-10.179745,6
27,7,-0.11414315,-0.6295298,-10.195936,7
27,8,-0.12821673,-0.62980866,-10.200748,8
27,9,-0.13744034,-0.62990165,-10.202372,9
27,10,-0.14457434,-0.62993777,-10.202999,10
27,11,-0.14602748,-0.62995493,-10.203291,11
27,12,-0.14449984,-0.6299638,-10.203444,12
27,13,-0.14040387,-0.6299691,-10.203532,13
27,14,-0.13998504,-0.62997216,-10.203585,14
27,15,-0.14205505,-0.62997407,-10.203617,15
27,16,-0.14605649,-0.6299752,-10.203635,16
27,17,-0.14653142,-0.6299762,-10.203649,17
27,18,-0.14411232,-0.62997705,-10.20366,18
27,19,-0.13981469,-0.62997764,-10.203673,19
27,20,-0.13930571,-0.62997806,-10.20368,20
27,21,-0.14000715,-0.6299784,-10.203685,21
27,22,-0.14159575,-0.6299786,-10.203689,22
27,23,-0.14292976,-0.6299788,-10.2036915,23
27,24,-0.14382657,-0.62997895,-10.203692,24
27,25,-0.14658497,-0.62997884,-10.2036915,25
27,26,-0.1484032,-0.62997884,-10.203692,26
27,27,-0.14993711,-0.62997884,-10.20369,27
27,28,-0.1524055,-0.62997866,-10.20369,28
27,29,-0.1538285,-0.62997866,-10.203689,29
27,30,-0.15332696,-0.6299786,-10.203687,30
27,31,-0.1519559,-0.62997866,-10.203688,31
27,32,-0.1505531,-0.6299788,-10.203688,32
27,33,-0.1495675,-0.6299788,-10.203689,33
27,34,-0.1466263,-0.6299789,-10.203689,34
27,35,-0.14356303,-0.6299791,-10.2036915,35
27,36,-0.1416043,-0.6299792,-10.203692,36
27,37,-0.14001898,-0.6299794,-10.203693,37
27,38,-0.13767761,-0.62997943,-10.203696,38
27,39,-0.13753481,-0.6299795,-10.203697,39
27,40,-0.13805404,-0.62997955,-10.203698,40
27,41,-0.13851315,-0.62997955,-10.203697,41
27,42,-0.14349735,-0.62997943,-10.203694,42
27,43,-0.14701422,-0.62997925,-10.203692,43
27,44,-0.14935523,-0.62997913,-10.20369,44
27,45,-0.15118851,-0.62997895,-10.203688,45
27,46,-0.15243107,-0.6299789,-10.203684,46
27,47,-0.1533341,-0.6299788,-10.203683,47
27,48,-0.15308143,-0.6299787,-10.203682,48
27,49,-0.1513825,-0.62997884,-10.203682,49
27,50,-0.14859012,-0.6299789,-10.203683,50
27,51,-0.1459165,-0.62997895,-10.203685,51
27,52,-0.14396442,-0.62997913,-10.203688,52
27,53,-0.14276244,-0.6299792,-10.20369,53
27,54,-0.14202729,-0.62997925,-10.203692,54
27,55,-0.14161211,-0.62997925,-10.203693,55
27,56,-0.14093342,-0.62997925,-10.203696,56
27,57,-0.14030106,-0.6299794,-10.203698,57
27,58,-0.14006618,-0.6299794,-10.203699,58
27,59,-0.13992712,-0.6299794,-10.203701,59
27,60,-0.13886075,-0.6299795,-10.203701,60
27,61,-0.13980392,-0.62997943,-10.203701,61
27,62,-0.14167885,-0.6299794,-10.203699,62
27,63,-0.14104299,-0.62997943,-10.203698,63
27,64,-0.14078848,-0.6299794,-10.203698,64
27,65,-0.14697112,-0.62997913,-10.203696,65
27,66,-0.15164362,-0.62997895,-10.203689,66
27,67,-0.15559015,-0.62997866,-10.203684,67
27,68,-0.15667531,-0.62997836,-10.203682,68
27,69,-0.15647486,-0.62997824,-10.203678,69
27,70,-0.15610991,-0.6299781,-10.203677,70
27,71,-0.15375407,-0.62997806,-10.203675,71
27,72,-0.15187141,-0.629978,-10.203678,72
27,73,-0.15026698,-0.6299781,-10.203678,73
27,74,-0.14703266,-0.62997824,-10.20368,74
27,75,-0.14530563,-0.6299784,-10.203682,75
27,76,-0.14471726,-0.6299784,-10.203683,76
27,77,-0.14442208,-0.6299785,-10.203683,77
27,78,-0.14476006,-0.62997854,-10.203683,78
27,79,-0.14527552,-0.62997866,-10.203684,79
27,80,-0.14560843,-0.6299786,-10.203685,80
27,81,-0.14604388,-0.62997854,-10.203685,81
27,82,-0.14704008,-0.6299786,-10.203684,82
27,83,-0.15110767,-0.62997836,-10.203683,83
27,84,-0.15349644,-0.62997824,-10.20368,84
27,85,-0.15451075,-0.6299782,-10.20368,85
27,86,-0.15506542,-0.6299782,-10.203679,86
27,87,-0.15542033,-0.6299781,-10.203679,87
27,88,-0.15609658,-0.62997806,-10.203678,88
27,89,-0.15642118,-0.629978,-10.203678,89
27,90,-0.15808333,-0.62997776,-10.203678,90
27,91,-0.15950295,-0.62997764,-10.203675,91
27,92,-0.16032062,-0.62997746,-10.203675,92
27,93,-0.16030596,-0.6299775,-10.203674,93
27,94,-0.16017061,-0.6299774,-10.203673,94
27,95,-0.16021197,-0.6299774,-10.203673,95
27,96,-0.15905885,-0.62997735,-10.203673,96
27,97,-0.1578457,-0.62997735,-10.203673,97
27,98,-0.156961,-0.6299774,-10.203674,98
27,99,-0.15581903,-0.6299775,-10.203673,99
27,100,-0.1549066,-0.6299774,-10.203673,100
27,101,-0.15299134,-0.62997764,-10.203674,101
27,102,-0.15173556,-0.6299777,-10.203677,102
27,103,-0.148056,-0.62997794,-10.203679,103
27,104,-0.14556476,-0.6299781,-10.203682,104
27,105,-0.14373016,-0.62997824,-10.203684,105
27,106,-0.14200228,-0.6299784,-10.203688,106
27,107,-0.14104679,-0.6299786,-10.203689,107
27,108,-0.14069475,-0.62997866,-10.203689,108
27,109,-0.14024635,-0.6299788,-10.20369,109
27,110,-0.14149895,-0.62997866,-10.2036915,110
27,111,-0.1428996,-0.6299788,-10.20369,111
27,112,-0.1441269,-0.6299788,-10.20369,112
27,113,-0.14489497,-0.6299788,-10.20369,113
27,114,-0.14605244,-0.62997884,-10.203688,114
27,115,-0.14823648,-0.62997866,-10.203687,115
27,116,-0.1495643,-0.6299786,-10.203685,116
27,117,-0.15030268,-0.6299785,-10.203684,117
27,118,-0.15093601,-0.62997836,-10.203683,118
27,119,-0.15142606,-0.62997836,-10.203682,119
27,120,-0.15181372,-0.62997824,-10.203682,120
27,121,-0.1523579,-0.62997824,-10.203682,121
27,122,-0.15273394,-0.6299782,-10.203682,122
27,123,-0.15428695,-0.629978,-10.20368,123
27,124,-0.15521535,-0.62997794,-10.20368,124
27,125,-0.15613526,-0.6299778,-10.203679,125
27,126,-0.15770392,-0.6299777,-10.203677,126
27,127,-0.15901816,-0.6299775,-10.203675,127
27,128,-0.16001518,-0.62997746,-10.203674,128
27,129,-0.16005495,-0.6299774,-10.203672,129
27,130,-0.1596048,-0.62997735,-10.20367,130
27,131,-0.15934153,-0.62997717,-10.203669,131
27,132,-0.15769714,-0.6299773,-10.20367,132
27,133,-0.15653963,-0.6299773,-10.203669,133
27,134,-0.1557808,-0.62997735,-10.203669,134
27,135,-0.15254726,-0.6299775,-10.2036705,135
27,136,-0.15075882,-0.6299777,-10.203672,136
27,137,-0.14945412,-0.6299777,-10.203675,137
27,138,-0.14813352,-0.62997806,-10.203675,138
27,139,-0.14751355,-0.629978,-10.203679,139
27,140,-0.14710802,-0.62997806,-10.20368,140
27,141,-0.1469591,-0.6299781,-10.203682,141
27,142,-0.14680585,-0.6299782,-10.203684,142
27,143,-0.1463342,-0.6299781,-10.203687,143
27,144,-0.14621876,-0.62997824,-10.203688,144
27,145,-0.14607204,-0.62997824,-10.203689,145
27,146,-0.14371324,-0.6299784,-10.20369,146
27,147,-0.1429385,-0.62997866,-10.20369,147
27,148,-0.14389738,-0.62997854,-10.2036915,148
27,149,-0.14456084,-0.62997866,-10.2036915,149
27,150,-0.14501955,-0.62997866,-10.2036915,150
27,151,-0.14748922,-0.62997836,-10.20369,151
27,152,-0.14904878,-0.6299783,-10.20369,152
27,153,-0.1503597,-0.62997824,-10.203689,153
27,154,-0.15186283,-0.62997806,-10.203685,154
27,155,-0.15285134,-0.629978,-10.203683,155
27,156,-0.15347104,-0.62997794,-10.203682,156
27,157,-0.1537602,-0.62997794,-10.20368,157
27,158,-0.15387599,-0.62997776,-10.203678,158
27,159,-0.15311554,-0.62997794,-10.203678,159
27,160,-0.15292011,-0.62997794,-10.203677,160
27,161,-0.15257424,-0.6299779,-10.203677,161
27,162,-0.1521546,-0.62997794,-10.203675,162
27,163,-0.15247834,-0.62997776,-10.203677,163
27,164,-0.15249416,-0.6299778,-10.203675,164
27,165,-0.15226837,-0.62997776,-10.203677,165
27,166,-0.15207578,-0.62997776,-10.203678,166
27,167,-0.15132721,-0.6299778,-10.20368,167
27,168,-0.15009741,-0.62997794,-10.203682,168
27,169,-0.14935026,-0.62997806,-10.203683,169
27,170,-0.14862218,-0.62997806,-10.203684,170
27,171,-0.14791474,-0.6299782,-10.203687,171
27,172,-0.14700724,-0.62997824,-10.203689,172
27,173,-0.14437254,-0.62997836,-10.2036915,173
27,174,-0.14347197,-0.6299784,-10.203692,174
27,175,-0.1455468,-0.62997836,-10.203693,175
27,176,-0.14761496,-0.62997836,-10.203692,176
27,177,-0.14904726,-0.6299783,-10.203692,177
27,178,-0.15228589,-0.6299781,-10.2036915,178
27,179,-0.1545898,-0.629978,-10.203689,179
27,180,-0.15650341,-0.6299778,-10.203687,180
27,181,-0.15820788,-0.62997776,-10.203683,181
27,182,-0.16001178,-0.6299776,-10.203682,182
27,183,-0.16087502,-0.62997746,-10.203678,183
27,184,-0.16051096,-0.6299774,-10.203678,184
27,185,-0.15973116,-0.62997735,-10.203677,185
27,186,-0.15905318,-0.6299773,-10.203675,186
27,187,-0.1566631,-0.62997735,-10.203675,187
27,188,-0.15343608,-0.6299775,-10.203678,188
27,189,-0.15102257,-0.6299775,-10.20368,189
27,190,-0.14938599,-0.6299777,-10.203682,190
27,191,-0.14661746,-0.6299777,-10.203683,191
27,192,-0.14493513,-0.62997806,-10.203684,192
27,193,-0.14492628,-0.6299781,-10.203687,193
27,194,-0.14802799,-0.62997806,-10.203684,194
27,195,-0.15017983,-0.62997806,-10.203683,195
27,196,-0.15140615,-0.629978,-10.20368,196
27,197,-0.15212369,-0.62997794,-10.203678,197
27,198,-0.15251236,-0.6299778,-10.203677,198
27,199,-0.15227807,-0.62997794,-10.203675,199
28,0,0.0043212953,-0.19199017,-3.3055987,0
28,1,-0.007297958,-0.40792775,-6.7288685,1
28,2,-0.0202933,-0.55315334,-9.003023,2
28,3,-0.0363038,-0.6100658,-9.892297,3
28,4,-0.058919467,-0.6253341,-10.130672,4
28,5,-0.07783837,-0.6288247,-10.185601,5
28,6,-0.0847532,-0.6296386,-10.198432,6
28,7,-0.09588171,-0.6298528,-10.201763,7
28,8,-0.10117009,-0.62992275,-10.202818,8
28,9,-0.10453327,-0.62995034,-10.203226,9
28,10,-0.10750292,-0.6299629,-10.20341,10
28,11,-0.11033902,-0.6299697,-10.203505,11
28,12,-0.11296078,-0.6299735,-10.20356,12
28,13,-0.11540428,-0.6299758,-10.20359,13
28,14,-0.11755681,-0.6299773,-10.203612,14
28,15,-0.11944875,-0.6299783,-10.203626,15
28,16,-0.1211098,-0.629979,-10.203633,16
28,17,-0.12150415,-0.62997955,-10.203641,17
28,18,-0.12210226,-0.62997985,-10.203646,18
28,19,-0.124424525,-0.62998015,-10.2036495,19
28,20,-0.125874,-0.6299802,-10.20365,20
28,21,-0.12602723,-0.62998044,-10.203653,21
28,22,-0.12585108,-0.6299807,-10.203656,22
28,23,-0.12576255,-0.6299807,-10.203656,23
28,24,-0.12453945,-0.6299808,-10.203659,24
28,25,-0.12548278,-0.62998086,-10.20366,25
28,26,-0.12581949,-0.6299809,-10.20366,26
28,27,-0.12651587,-0.6299809,-10.20366,27
28,28,-0.12831403,-0.62998086,-10.203661,28
28,29,-0.1287877,-0.62998086,-10.20366,29
28,30,-0.12931155,-0.6299808,-10.203661,30
28,31,-0.12894177,-0.6299808,-10.203661,31
28,32,-0.12805408,-0.6299809,-10.203659,32
28,33,-0.1274337,-0.62998086,-10.20366,33
28,34,-0.1265992,-0.629981,-10.203663,34
28,35,-0.12616493,-0.6299809,-10.20366,35
28,36,-0.12158809,-0.62998116,-10.203665,36
28,37,-0.12268925,-0.6299812,-10.203666,37
28,38,-0.1227916,-0.6299813,-10.203666,38
28,39,-0.12315204,-0.6299814,-10.203666,39
28,40,-0.12512793,-0.6299813,-10.203668,40
28,41,-0.12703991,-0.62998116,-10.203666,41
28,42,-0.12682968,-0.62998116,-10.203666,42
28,43,-0.1260403,-0.62998116,-10.203665,43
28,44,-0.1254162,-0.6299812,-10.203666,44
28,45,-0.12514241,-0.62998116,-10.203666,45
28,46,-0.121286705,-0.6299813,-10.203666,46
28,47,-0.120114595,-0.62998134,-10.203668,47
28,48,-0.11938224,-0.6299814,-10.203669,48
28,49,-0.11814387,-0.6299815,-10.203669,49
28,50,-0.11761142,-0.6299817,-10.20367,50
28,51,-0.1172706,-0.62998176,-10.20367,51
28,52,-0.11541207,-0.629982,-10.2036705,52
28,53,-0.11462634,-0.6299821,-10.203673,53
28,54,-0.11627785,-0.6299821,-10.203675,54
28,55,-0.11663458,-0.62998205,-10.203677,55
28,56,-0.1166802,-0.6299821,-10.203677,56
28,57,-0.11566947,-0.6299821,-10.203677,57
28,58,-0.114478335,-0.6299822,-10.203677,58
28,59,-0.114119545,-0.6299822,-10.203678,59
28,60,-0.113261364,-0.6299823,-10.203678,60
28,61,-0.113053344,-0.6299823,-10.203678,61
28,62,-0.1127729,-0.6299823,-10.203677,62
28,63,-0.11500151,-0.62998235,-10.203677,63
28,64,-0.116092466,-0.62998223,-10.203678,64
28,65,-0.11463366,-0.6299823,-10.203677,65
28,66,-0.11893122,-0.6299822,-10.203677,66
28,67,-0.12105115,-0.629982,-10.203675,67
28,68,-0.12223446,-0.629982,-10.203673,68
28,69,-0.12347388,-0.6299819,-10.2036705,69
28,70,-0.12417027,-0.6299817,-10.203672,70
28,71,-0.12443291,-0.6299818,-10.20367,71
28,72,-0.124661274,-0.6299816,-10.203669,72
28,73,-0.12563546,-0.6299816,-10.203669,73
28,74,-0.12604058,-0.62998146,-10.203668,74
28,75,-0.1269781,-0.62998134,-10.203666,75
28,76,-0.12991244,-0.62998116,-10.203665,76
28,77,-0.13060518,-0.6299811,-10.203663,77
28,78,-0.13029458,-0.62998104,-10.203663,78
28,79,-0.12876597,-0.62998104,-10.203663,79
28,80,-0.12611274,-0.62998116,-10.203663,80
28,81,-0.12444499,-0.62998116,-10.203664,81
28,82,-0.12354236,-0.62998116,-10.203664,82
28,83,-0.11916088,-0.6299814,-10.203665,83
28,84,-0.117333695,-0.6299816,-10.203668,84
28,85,-0.11585551,-0.6299817,-10.203669,85
28,86,-0.11502029,-0.6299818,-10.2036705,86
28,87,-0.11333607,-0.62998194,-10.203672,87
28,88,-0.11445418,-0.62998194,-10.203673,88
28,89,-0.11546147,-0.629982,-10.203674,89
28,90,-0.11598698,-0.629982,-10.203675,90
28,91,-0.11889993,-0.62998194,-10.203674,91
28,92,-0.120050915,-0.6299819,-10.203675,92
28,93,-0.12137586,-0.62998176,-10.203674,93
28,94,-0.12427894,-0.62998164,-10.203673,94
28,95,-0.123114794,-0.6299815,-10.2036705,95
28,96,-0.12621374,-0.6299813,-10.20367,96
28,97,-0.12751487,-0.62998104,-10.203666,97
28,98,-0.12870146,-0.6299809,-10.203666,98
28,99,-0.13073212,-0.6299807,-10.203665,99
28,100,-0.12968364,-0.62998056,-10.203663,100
28,101,-0.12859426,-0.62998056,-10.203663,101
28,102,-0.12784036,-0.62998044,-10.203663,102
28,103,-0.12194951,-0.62998056,-10.203664,103
28,104,-0.11949819,-0.62998074,-10.203666,104
28,105,-0.117590606,-0.6299808,-10.203668,105
28,106,-0.11431435,-0.6299809,-10.20367,106
28,107,-0.11657288,-0.629981,-10.2036705,107
28,108,-0.11835432,-0.6299809,-10.203672,108
28,109,-0.12004994,-0.62998086,-10.2036705,109
28,110,-0.12554753,-0.6299807,-10.20367,110
28,111,-0.123265825,-0.6299807,-10.203669,111
28,112,-0.12046181,-0.62998074,-10.203669,112
28,113,-0.115098216,-0.629981,-10.20367,113
28,114,-0.11681193,-0.62998104,-10.2036705,114
28,115,-0.11991622,-0.62998086,-10.203672,115
28,116,-0.12503399,-0.62998074,-10.20367,116
28,117,-0.12340344,-0.62998074,-10.203669,117
28,118,-0.119580686,-0.62998086,-10.20367,118
28,119,-0.11454059,-0.6299811,-10.2036705,119
28,120,-0.11580107,-0.6299811,-10.203673,120
28,121,-0.11733148,-0.6299811,-10.203672,121
28,122,-0.11887667,-0.62998116,-10.203672,122
28,123,-0.120003626,-0.6299811,-10.2036705,123
28,124,-0.120661944,-0.6299811,-10.2036705,124
28,125,-0.12349725,-0.62998086,-10.20367,125
28,126,-0.12493214,-0.62998086,-10.203669,126
28,127,-0.1262563,-0.62998074,-10.203668,127
28,128,-0.12873398,-0.62998056,-10.203665,128
28,129,-0.129684,-0.62998056,-10.203664,129
28,130,-0.12834936,-0.62998044,-10.203661,130
28,131,-0.1268375,-0.6299805,-10.203663,131
28,132,-0.12558508,-0.62998056,-10.203664,132
28,133,-0.12492876,-0.62998056,-10.203663,133
28,134,-0.12162789,-0.6299807,-10.203665,134
28,135,-0.11889818,-0.62998086,-10.203666,135
28,136,-0.11763983,-0.62998104,-10.203668,136
28,137,-0.116433546,-0.6299811,-10.203668,137
28,138,-0.11418875,-0.6299814,-10.2036705,138
28,139,-0.115015335,-0.6299814,-10.2036705,139
28,140,-0.1157066,-0.6299814,-10.203673,140
28,141,-0.1161077,-0.62998146,-10.203672,141
28,142,-0.12270795,-0.62998116,-10.2036705,142
28,143,-0.12520416,-0.6299811,-10.203669,143
28,144,-0.12703943,-0.629981,-10.203666,144
28,145,-0.12856494,-0.6299807,-10.203666,145
28,146,-0.12945664,-0.6299807,-10.203665,146
28,147,-0.1303414,-0.62998056,-10.203663,147
28,148,-0.12975219,-0.6299805,-10.203663,148
28,149,-0.12758319,-0.6299805,-10.203663,149
28,150,-0.1245202,-0.62998056,-10.203663,150
28,151,-0.12196039,-0.62998074,-10.203665,151
28,152,-0.12013238,-0.6299808,-10.203666,152
28,153,-0.11904768,-0.62998086,-10.203668,153
28,154,-0.11827004,-0.62998086,-10.203669,154
28,155,-0.11793227,-0.629981,-10.203669,155
28,156,-0.11603752,-0.62998104,-10.20367,156
28,157,-0.115679346,-0.62998116,-10.2036705,157
28,158,-0.11547966,-0.6299812,-10.2036705,158
28,159,-0.11528502,-0.6299813,-10.2036705,159
28,160,-0.113991834,-0.62998134,-10.203673,160
28,161,-0.11551394,-0.62998134,-10.203673,161
28,162,-0.11712062,-0.6299813,-10.203673,162
28,163,-0.115412235,-0.62998146,-10.203673,163
28,164,-0.11526319,-0.6299814,-10.203673,164
28,165,-0.12337005,-0.6299811,-10.203672,165
28,166,-0.12702757,-0.6299808,-10.2036705,166
28,167,-0.1302329,-0.62998056,-10.203666,167
28,168,-0.12958361,-0.6299805,-10.203665,168
28,169,-0.12857121,-0.6299803,-10.203665,169
28,170,-0.12784746,-0.62998027,-10.203664,170
28,171,-0.12410708,-0.6299804,-10.203664,171
28,172,-0.1225051,-0.6299804,-10.203664,172
28,173,-0.120895736,-0.6299805,-10.203665,173
28,174,-0.11706678,-0.6299806,-10.203665,174
28,175,-0.11682699,-0.6299806,-10.203668,175
28,176,-0.11671102,-0.62998074,-10.203669,176
28,177,-0.11663259,-0.62998086,-10.20367,177
28,178,-0.118012294,-0.62998086,-10.2036705,178
28,179,-0.11835473,-0.6299808,-10.20367,179
28,180,-0.11867056,-0.62998074,-10.2036705,180
28,181,-0.11922857,-0.6299808,-10.20367,181
28,182,-0.120148554,-0.6299808,-10.20367,182
28,183,-0.12488687,-0.62998044,-10.203669,183
28,184,-0.12618399,-0.62998027,-10.203666,184
28,185,-0.12643157,-0.62998027,-10.203666,185
28,186,-0.12640946,-0.6299802,-10.203665,186
28,187,-0.1263926,-0.62998015,-10.203665,187
28,188,-0.12682249,-0.6299801,-10.203663,188
28,189,-0.12697801,-0.6299799,-10.203663,189
28,190,-0.1275648,-0.62997985,-10.203663,190
28,191,-0.12851138,-0.6299798,-10.20366,191
28,192,-0.12910764,-0.62997967,-10.20366,192
28,193,-0.12905075,-0.62997955,-10.203658,193
28,194,-0.12931316,-0.62997955,-10.203659,194
28,195,-0.1297133,-0.6299796,-10.203659,195
28,196,-0.12778322,-0.62997955,-10.203658,196
28,197,-0.12705567,-0.62997967,-10.203658,197
28,198,-0.12655884,-0.6299797,-10.203659,198
28,199,-0.12560555,-0.6299798,-10.20366,199
29,0,0.014645097,-0.14413671,-2.5518303,0
29,1,0.013540919,-0.31452593,-5.1225357,1
29,2,0.010246727,-0.46608603,-7.3736725,2
29,3,0.0059768097,-0.5610788,-8.891859,3
29,4,-0.0021551752,-0.6051276,-9.670785,4
29,5,-0.012928816,-0.62175906,-10.006273,5
29,6,-0.024119446,-0.62731254,-10.134416,6
29,7,-0.040540572,-0.6290624,-10.178792,7
29,8,-0.057692606,-0.6296286,-10.194077,8
29,9,-0.073549345,-0.62982714,-10.199543,9
29,10,-0.09037158,-0.629905,-10.201641,10
29,11,-0.09794057,-0.62993985,-10.202567,11
29,12,-0.10174322,-0.6299574,-10.203014,12
29,13,-0.100868896,-0.6299671,-10.203257,13
29,14,-0.10487421,-0.62997264,-10.203387,14
29,15,-0.11017435,-0.6299761,-10.203464,15
29,16,-0.1173668,-0.6299781,-10.20351,16
29,17,-0.11833936,-0.6299797,-10.203544,17
29,18,-0.11629113,-0.62998086,-10.203569,18
29,19,-0.112005495,-0.6299818,-10.203592,19
29,20,-0.11301275,-0.6299824,-10.203607,20
29,21,-0.11422769,-0.6299828,-10.203614,21
29,22,-0.1166084,-0.6299831,-10.203622,22
29,23,-0.11859876,-0.6299834,-10.203626,23
29,24,-0.120041095,-0.62998354,-10.20363,24
29,25,-0.12430004,-0.6299836,-10.203631,25
29,26,-0.12673323,-0.62998366,-10.203631,26
29,27,-0.12902042,-0.6299837,-10.203632,27
29,28,-0.13255413,-0.6299838,-10.203632,28
29,29,-0.13440171,-0.6299837,-10.203632,29
29,30,-0.13394736,-0.6299838,-10.203631,30
29,31,-0.13266411,-0.62998384,-10.203633,31
29,32,-0.13129827,-0.6299839,-10.203635,32
29,33,-0.13035145,-0.62998396,-10.203636,33
29,34,-0.12664378,-0.6299841,-10.203637,34
29,35,-0.12320524,-0.62998396,-10.203642,35
29,36,-0.12094199,-0.6299841,-10.203645,36
29,37,-0.11882249,-0.6299842,-10.203646,37
29,38,-0.11568563,-0.6299844,-10.203649,38
29,39,-0.115334466,-0.62998444,-10.2036495,39
29,40,-0.11533292,-0.62998444,-10.2036495,40
29,41,-0.11532351,-0.6299844,-10.2036495,41
29,42,-0.121197134,-0.6299843,-10.203647,42
29,43,-0.12442912,-0.6299843,-10.203644,43
29,44,-0.12712495,-0.6299842,-10.20364,44
29,45,-0.12950377,-0.62998414,-10.20364,45
29,46,-0.13125615,-0.629984,-10.203637,46
29,47,-0.13276972,-0.6299839,-10.203636,47
29,48,-0.1327771,-0.629984,-10.203636,48
29,49,-0.13110669,-0.6299841,-10.203637,49
29,50,-0.12815534,-0.62998414,-10.203641,50
29,51,-0.12534875,-0.6299842,-10.203641,51
29,52,-0.12322139,-0.6299842,-10.203645,52
29,53,-0.12182774,-0.6299843,-10.203649,53
29,54,-0.120833166,-0.6299843,-10.203649,54
29,55,-0.12017653,-0.62998426,-10.2036495,55
29,56,-0.11900026,-0.6299843,-10.203651,56
29,57,-0.11815353,-0.6299844,-10.203654,57
29,58,-0.11747062,-0.6299843,-10.203655,58
29,59,-0.11679154,-0.6299845,-10.203653,59
29,60,-0.11474223,-0.6299845,-10.203654,60
29,61,-0.115181334,-0.62998456,-10.203655,61
29,62,-0.11645814,-0.62998444,-10.203651,62
29,63,-0.11461257,-0.6299844,-10.203653,63
29,64,-0.11377342,-0.6299843,-10.203651,64
29,65,-0.120330095,-0.6299842,-10.203646,65
29,66,-0.123717085,-0.629984,-10.203645,66
29,67,-0.12773126,-0.62998384,-10.20364,67
29,68,-0.12842183,-0.6299838,-10.203637,68
29,69,-0.12836552,-0.6299838,-10.203636,69
29,70,-0.12821308,-0.6299836,-10.203636,70
29,71,-0.12524953,-0.6299836,-10.203637,71
29,72,-0.1234149,-0.6299837,-10.203637,72
29,73,-0.12145131,-0.6299836,-10.203639,73
29,74,-0.11734324,-0.6299837,-10.20364,74
29,75,-0.11527152,-0.6299838,-10.203642,75
29,76,-0.11399957,-0.6299839,-10.203644,76
29,77,-0.11310764,-0.6299839,-10.203645,77
29,78,-0.112948604,-0.6299839,-10.203644,78
29,79,-0.11294256,-0.62998384,-10.203644,79
29,80,-0.1129774,-0.6299839,-10.203642,80
29,81,-0.113221854,-0.6299839,-10.203645,81
29,82,-0.114249475,-0.62998384,-10.203644,82
29,83,-0.119635545,-0.62998384,-10.203641,83
29,84,-0.122104354,-0.6299837,-10.20364,84
29,85,-0.123517856,-0.6299837,-10.203637,85
29,86,-0.12453919,-0.6299837,-10.203637,86
29,87,-0.12536162,-0.6299837,-10.203637,87
29,88,-0.1266734,-0.62998366,-10.203637,88
29,89,-0.127425,-0.6299836,-10.203637,89
29,90,-0.129836,-0.6299836,-10.203636,90
29,91,-0.13196096,-0.62998354,-10.203632,91
29,92,-0.13332717,-0.62998337,-10.203632,92
29,93,-0.1336945,-0.6299833,-10.203632,93
29,94,-0.13418272,-0.6299833,-10.203632,94
29,95,-0.13477759,-0.6299834,-10.20363,95
29,96,-0.13364568,-0.6299834,-10.20363,96
29,97,-0.13286756,-0.6299834,-10.203631,97
29,98,-0.13221474,-0.6299834,-10.203631,98
29,99,-0.13112883,-0.6299834,-10.203632,99
29,100,-0.13032922,-0.6299834,-10.203632,100
29,101,-0.12820283,-0.6299834,-10.203635,101
29,102,-0.1270592,-0.62998354,-10.203635,102
29,103,-0.12213962,-0.6299836,-10.203639,103
29,104,-0.11937493,-0.6299838,-10.203641,104
29,105,-0.1168329,-0.6299837,-10.203642,105
29,106,-0.11424643,-0.62998384,-10.203646,106
29,107,-0.11261509,-0.6299841,-10.203646,107
29,108,-0.11154796,-0.629984,-10.203647,108
29,109,-0.110429615,-0.629984,-10.203649,109
29,110,-0.11179059,-0.629984,-10.203649,110
29,111,-0.11264539,-0.629984,-10.203647,111
29,112,-0.113306716,-0.629984,-10.203646,112
29,113,-0.11364145,-0.62998396,-10.203646,113
29,114,-0.11458493,-0.62998396,-10.203645,114
29,115,-0.11676035,-0.62998396,-10.203641,115
29,116,-0.11806242,-0.62998384,-10.203641,116
29,117,-0.11904171,-0.62998384,-10.20364,117
29,118,-0.12006425,-0.6299838,-10.20364,118
29,119,-0.12088882,-0.6299838,-10.20364,119
29,120,-0.1216236,-0.6299838,-10.20364,120
29,121,-0.12259074,-0.6299838,-10.20364,121
29,122,-0.12331124,-0.6299837,-10.20364,122
29,123,-0.12558739,-0.62998366,-10.203639,123
29,124,-0.12690538,-0.6299836,-10.203637,124
29,125,-0.12829228,-0.6299835,-10.203635,125
29,126,-0.1304359,-0.6299834,-10.203636,126
29,127,-0.13225803,-0.6299835,-10.203631,127
29,128,-0.1335562,-0.6299834,-10.20363,128
29,129,-0.1337972,-0.62998337,-10.203628,129
29,130,-0.13351373,-0.62998325,-10.20363,130
29,131,-0.13314462,-0.6299832,-10.20363,131
29,132,-0.13135584,-0.6299833,-10.20363,132
29,133,-0.13013008,-0.62998325,-10.20363,133
29,134,-0.12924014,-0.6299833,-10.203631,134
29,135,-0.12533323,-0.6299833,-10.203631,135
29,136,-0.12337541,-0.6299834,-10.203633,136
29,137,-0.1216953,-0.6299836,-10.203635,137
29,138,-0.11986552,-0.6299836,-10.203637,138
29,139,-0.11874159,-0.6299837,-10.203637,139
29,140,-0.117912404,-0.6299837,-10.203641,140
29,141,-0.117373765,-0.62998384,-10.203642,141
29,142,-0.116723016,-0.6299837,-10.203644,142
29,143,-0.11611503,-0.6299837,-10.203645,143
29,144,-0.11569625,-0.6299837,-10.203645,144
29,145,-0.11522967,-0.6299838,-10.203647,145
29,146,-0.111656606,-0.6299839,-10.203647,146
29,147,-0.11005052,-0.6299839,-10.203649,147
29,148,-0.110482685,-0.629984,-10.203649,148
29,149,-0.11072205,-0.62998396,-10.203647,149
29,150,-0.110894956,-0.62998384,-10.203649,150
29,151,-0.11404412,-0.6299838,-10.203646,151
29,152,-0.11561039,-0.62998384,-10.203645,152
29,153,-0.11703055,-0.6299837,-10.203641,153
29,154,-0.118724115,-0.62998354,-10.203641,154
29,155,-0.11967161,-0.62998366,-10.20364,155
29,156,-0.12021933,-0.6299836,-10.203639,156
29,157,-0.12045662,-0.62998354,-10.203637,157
29,158,-0.12056636,-0.6299834,-10.203636,158
29,159,-0.1196961,-0.62998354,-10.203633,159
29,160,-0.119490825,-0.6299835,-10.203633,160
29,161,-0.11922572,-0.62998354,-10.203635,161
29,162,-0.11893546,-0.62998354,-10.203636,162
29,163,-0.11946317,-0.6299834,-10.203636,163
29,164,-0.11953114,-0.6299834,-10.203636,164
29,165,-0.11926587,-0.6299834,-10.203635,165
29,166,-0.11910612,-0.62998354,-10.203637,166
29,167,-0.11797685,-0.62998354,-10.203639,167
29,168,-0.11648539,-0.62998354,-10.203641,168
29,169,-0.115555435,-0.62998366,-10.203642,169
29,170,-0.11449382,-0.6299836,-10.203642,170
29,171,-0.11345044,-0.62998366,-10.203644,171
29,172,-0.112202056,-0.6299838,-10.203647,172
29,173,-0.10860515,-0.62998384,-10.2036495,173
29,174,-0.10763287,-0.6299839,-10.2036495,174
29,175,-0.1102218,-0.62998384,-10.203649,175
29,176,-0.112326205,-0.6299839,-10.203649,176
29,177,-0.113838725,-0.6299839,-10.203646,177
29,178,-0.118235484,-0.62998366,-10.203642,178
29,179,-0.12089088,-0.6299836,-10.203642,179
29,180,-0.12355453,-0.6299836,-10.20364,180
29,181,-0.12605718,-0.6299835,-10.203637,181
29,182,-0.12873244,-0.6299834,-10.203635,182
29,183,-0.13014163,-0.62998337,-10.203632,183
29,184,-0.1301459,-0.6299834,-10.203632,184
29,185,-0.12975004,-0.6299834,-10.203631,185
29,186,-0.12944333,-0.62998337,-10.20363,186
29,187,-0.12662943,-0.62998337,-10.203632,187
29,188,-0.12297713,-0.6299835,-10.203635,188
29,189,-0.12056785,-0.6299836,-10.203637,189
29,190,-0.11862916,-0.6299835,-10.203637,190
29,191,-0.115164526,-0.6299836,-10.203641,191
29,192,-0.11331661,-0.6299837,-10.203642,192
29,193,-0.11293968,-0.6299837,-10.203642,193
29,194,-0.11616133,-0.62998366,-10.203639,194
29,195,-0.117710516,-0.62998366,-10.203637,195
29,196,-0.118654564,-0.62998354,-10.203637,196
29,197,-0.11919824,-0.62998337,-10.203636,197
29,198,-0.11949988,-0.6299834,-10.203635,198
29,199,-0.119277075,-0.6299835,-10.203633,199
30,0,0.016211374,-0.13589019,-2.9017715,0
30,1,0.013149995,-0.3014283,-5.8259015,1
30,2,0.0042011705,-0.45950547,-8.150677,2
30,3,-0.0106754135,-0.5621287,-9.442176,3
30,4,-0.03253765,-0.6083615,-9.96655,4
30,5,-0.05787288,-0.62395567,-10.136824,5
30,6,-0.07944643,-0.62832355,-10.184794,6
30,7,-0.09985066,-0.629473,-10.197641,7
30,8,-0.11422779,-0.62979394,-10.201354,8
30,9,-0.12278015,-0.6298983,-10.202605,9
30,10,-0.12829185,-0.62993854,-10.203105,10
30,11,-0.13232481,-0.6299566,-10.203334,11
30,12,-0.13561201,-0.62996596,-10.203454,12
30,13,-0.13808773,-0.6299712,-10.203524,13
30,14,-0.1403328,-0.6299742,-10.203566,14
30,15,-0.14205171,-0.6299762,-10.203594,15
30,16,-0.14349173,-0.6299775,-10.203612,16
30,17,-0.14410685,-0.62997854,-10.203626,17
30,18,-0.14445525,-0.6299792,-10.203633,18
30,19,-0.14622736,-0.62997967,-10.203641,19
30,20,-0.14776279,-0.6299801,-10.203644,20
30,21,-0.14838867,-0.62998027,-10.2036495,21
30,22,-0.14847188,-0.62998044,-10.203653,22
30,23,-0.14843109,-0.6299807,-10.203655,23
30,24,-0.14787349,-0.6299807,-10.203659,24
30,25,-0.14811654,-0.6299808,-10.203658,25
30,26,-0.1484782,-0.62998086,-10.203661,26
30,27,-0.14901593,-0.629981,-10.203664,27
30,28,-0.15028287,-0.62998104,-10.203665,28
30,29,-0.15102908,-0.6299811,-10.203666,29
30,30,-0.15157849,-0.6299811,-10.203666,30
30,31,-0.15152615,-0.62998116,-10.203668,31
30,32,-0.15079841,-0.6299812,-10.203668,32
30,33,-0.15011266,-0.62998116,-10.20367,33
30,34,-0.14930986,-0.62998116,-10.203669,34
30,35,-0.14871001,-0.6299812,-10.203669,35
30,36,-0.14556305,-0.62998116,-10.20367,36
30,37,-0.14553799,-0.6299811,-10.2036705,37
30,38,-0.1455674,-0.62998116,-10.2036705,38
30,39,-0.14587262,-0.6299811,-10.203673,39
30,40,-0.14764535,-0.62998116,-10.203674,40
30,41,-0.14924574,-0.6299812,-10.203674,41
30,42,-0.14973262,-0.62998116,-10.203674,42
30,43,-0.14935617,-0.6299812,-10.203675,43
30,44,-0.1488527,-0.6299812,-10.203674,44
30,45,-0.14852859,-0.6299812,-10.203675,45
30,46,-0.1453531,-0.6299813,-10.203673,46
30,47,-0.14347705,-0.6299813,-10.203673,47
30,48,-0.14215024,-0.6299813,-10.203673,48
30,49,-0.14048842,-0.6299814,-10.203673,49
30,50,-0.13933653,-0.6299814,-10.203673,50
30,51,-0.1385277,-0.62998146,-10.203673,51
30,52,-0.13822506,-0.62998134,-10.203673,52
30,53,-0.13748078,-0.6299813,-10.203673,53
30,54,-0.13861552,-0.6299813,-10.203675,54
30,55,-0.13941443,-0.6299813,-10.203675,55
30,56,-0.1398284,-0.6299813,-10.203677,56
30,57,-0.1391328,-0.6299813,-10.203677,57
30,58,-0.13793612,-0.62998134,-10.203678,58
30,59,-0.13736022,-0.6299814,-10.20368,59
30,60,-0.13641699,-0.62998146,-10.203678,60
30,61,-0.13578154,-0.62998146,-10.203678,61
30,62,-0.13521698,-0.62998146,-10.203678,62
30,63,-0.1357904,-0.6299816,-10.203678,63
30,64,-0.13681453,-0.6299816,-10.203677,64
30,65,-0.13617338,-0.62998164,-10.203677,65
30,66,-0.13849893,-0.6299817,-10.203675,66
30,67,-0.14089702,-0.62998176,-10.203673,67
30,68,-0.14247553,-0.6299818,-10.203672,68
30,69,-0.14423822,-0.6299817,-10.203672,69
30,70,-0.1454812,-0.6299817,-10.20367,70
30,71,-0.14618807,-0.6299817,-10.203669,71
30,72,-0.14679633,-0.6299817,-10.203668,72
30,73,-0.14770502,-0.6299816,-10.203669,73
30,74,-0.14838882,-0.6299816,-10.203668,74
30,75,-0.14927517,-0.62998146,-10.203668,75
30,76,-0.1515089,-0.62998146,-10.203668,76
30,77,-0.15278067,-0.6299816,-10.203668,77
30,78,-0.1527128,-0.6299815,-10.203668,78
30,79,-0.15156022,-0.6299815,-10.203666,79
30,80,-0.14978595,-0.62998146,-10.203665,80
30,81,-0.14806718,-0.62998134,-10.203665,81
30,82,-0.14688858,-0.6299813,-10.203664,82
30,83,-0.1443476,-0.6299812,-10.203664,83
30,84,-0.14200892,-0.62998116,-10.203665,84
30,85,-0.14039597,-0.62998104,-10.203666,85
30,86,-0.13928944,-0.6299811,-10.203668,86
30,87,-0.13795109,-0.6299811,-10.203669,87
30,88,-0.13818231,-0.6299811,-10.20367,88
30,89,-0.13905981,-0.62998116,-10.2036705,89
30,90,-0.13978207,-0.62998116,-10.2036705,90
30,91,-0.14212634,-0.62998116,-10.203673,91
30,92,-0.14385216,-0.62998116,-10.203673,92
30,93,-0.14540844,-0.62998116,-10.203673,93
30,94,-0.1480172,-0.6299813,-10.203674,94
30,95,-0.14944991,-0.6299813,-10.203673,95
30,96,-0.15281545,-0.6299811,-10.2036705,96
30,97,-0.15544662,-0.6299811,-10.203669,97
30,98,-0.15753055,-0.6299809,-10.203666,98
30,99,-0.15997048,-0.62998086,-10.203665,99
30,100,-0.16064097,-0.62998074,-10.203661,100
30,101,-0.16038412,-0.62998056,-10.20366,101
30,102,-0.16003078,-0.62998044,-10.203658,102
30,103,-0.15675764,-0.62998027,-10.203655,103
30,104,-0.15379505,-0.62998015,-10.203655,104
30,105,-0.15165742,-0.62998,-10.203655,105
30,106,-0.14895555,-0.62997997,-10.203654,106
30,107,-0.14918114,-0.62997985,-10.203655,107
30,108,-0.15058531,-0.62997997,-10.203655,108
30,109,-0.15223525,-0.62997997,-10.203656,109
30,110,-0.15622005,-0.62998,-10.203658,110
30,111,-0.15660037,-0.62998015,-10.203656,111
30,112,-0.15471771,-0.62997997,-10.203656,112
30,113,-0.15061551,-0.62997997,-10.203654,113
30,114,-0.14959615,-0.6299799,-10.203655,114
30,115,-0.1512625,-0.62998,-10.203656,115
30,116,-0.15499002,-0.62998015,-10.203658,116
30,117,-0.15545985,-0.62998015,-10.203658,117
30,118,-0.15295321,-0.62998015,-10.203656,118
30,119,-0.14868982,-0.62997997,-10.203655,119
30,120,-0.14736761,-0.62998,-10.203656,120
30,121,-0.1482827,-0.6299801,-10.203659,121
30,122,-0.14909877,-0.6299802,-10.203661,122
30,123,-0.15005298,-0.62998027,-10.20366,123
30,124,-0.1507866,-0.62998027,-10.20366,124
30,125,-0.15201955,-0.6299805,-10.203663,125
30,126,-0.1535932,-0.62998044,-10.203661,126
30,127,-0.15474506,-0.62998056,-10.203659,127
30,128,-0.15621197,-0.6299806,-10.20366,128
30,129,-0.15734503,-0.6299808,-10.20366,129
30,130,-0.15677482,-0.6299808,-10.203659,130
30,131,-0.15558937,-0.62998074,-10.203656,131
30,132,-0.15434249,-0.6299807,-10.203655,132
30,133,-0.15342206,-0.6299806,-10.203656,133
30,134,-0.15130556,-0.62998056,-10.203654,134
30,135,-0.14867319,-0.6299805,-10.203654,135
30,136,-0.14683683,-0.62998056,-10.203654,136
30,137,-0.14539161,-0.62998044,-10.203655,137
30,138,-0.14341475,-0.62998044,-10.203655,138
30,139,-0.14303999,-0.6299805,-10.203655,139
30,140,-0.14342487,-0.6299805,-10.203658,140
30,141,-0.14382724,-0.62998056,-10.203656,141
30,142,-0.148407,-0.6299807,-10.203658,142
30,143,-0.15205945,-0.62998074,-10.203658,143
30,144,-0.1545816,-0.62998074,-10.203659,144
30,145,-0.15658219,-0.62998086,-10.203656,145
30,146,-0.15801495,-0.6299807,-10.203658,146
30,147,-0.15933369,-0.62998086,-10.203655,147
30,148,-0.15972395,-0.6299807,-10.203655,148
30,149,-0.15868877,-0.62998056,-10.203656,149
30,150,-0.15660645,-0.6299804,-10.203655,150
30,151,-0.15434493,-0.6299803,-10.203656,151
30,152,-0.15236966,-0.62998027,-10.203656,152
30,153,-0.15096493,-0.62998027,-10.203656,153
30,154,-0.14993209,-0.62998015,-10.203659,154
30,155,-0.14935146,-0.6299802,-10.203659,155
30,156,-0.14733447,-0.62998027,-10.20366,156
30,157,-0.14640933,-0.62998027,-10.20366,157
30,158,-0.145713,-0.62998027,-10.203658,158
30,159,-0.14503418,-0.6299804,-10.203659,159
30,160,-0.14394778,-0.6299804,-10.203656,160
30,161,-0.14433597,-0.6299804,-10.203658,161
30,162,-0.14527802,-0.6299805,-10.203655,162
30,163,-0.14455672,-0.6299805,-10.203654,163
30,164,-0.14399442,-0.62998056,-10.203651,164
30,165,-0.14984666,-0.6299807,-10.20365,165
30,166,-0.15591644,-0.62998056,-10.2036495,166
30,167,-0.16025357,-0.6299807,-10.2036495,167
30,168,-0.16159981,-0.62998056,-10.203649,168
30,169,-0.16156617,-0.6299805,-10.203647,169
30,170,-0.16129938,-0.6299804,-10.203645,170
30,171,-0.15870388,-0.62998027,-10.203645,171
30,172,-0.15670703,-0.6299801,-10.203644,172
30,173,-0.15492807,-0.6299801,-10.203642,173
30,174,-0.15149207,-0.62998,-10.203642,174
30,175,-0.15060169,-0.62997997,-10.20364,175
30,176,-0.15024243,-0.6299799,-10.203641,176
30,177,-0.15003784,-0.62997997,-10.203641,177
30,178,-0.15185982,-0.6299799,-10.203641,178
30,179,-0.15272433,-0.62997985,-10.203641,179
30,180,-0.15350871,-0.6299799,-10.203644,180
30,181,-0.1545897,-0.62997985,-10.203644,181
30,182,-0.15572898,-0.6299798,-10.203645,182
30,183,-0.15916653,-0.62997985,-10.203647,183
30,184,-0.16193244,-0.62997985,-10.203646,184
30,185,-0.16316794,-0.62997985,-10.203646,185
30,186,-0.16361849,-0.62997967,-10.203646,186
30,187,-0.16385734,-0.6299797,-10.203647,187
30,188,-0.16411304,-0.6299797,-10.203647,188
30,189,-0.16447984,-0.62997967,-10.203647,189
30,190,-0.16401234,-0.62997967,-10.203647,190
30,191,-0.16439666,-0.62997985,-10.203646,191
30,192,-0.16495705,-0.6299797,-10.203645,192
30,193,-0.16514888,-0.6299797,-10.203644,193
30,194,-0.16519915,-0.62997967,-10.203644,194
30,195,-0.16531385,-0.6299797,-10.203642,195
30,196,-0.16367173,-0.6299797,-10.203642,196
30,197,-0.16247046,-0.62997967,-10.203642,197
30,198,-0.16160522,-0.6299797,-10.203641,198
30,199,-0.16050756,-0.62997967,-10.20364,199
31,0,0.024179691,-0.0610936,-1.649951,0
31,1,0.040433206,-0.11122732,-2.6891243,1
31,2,0.060654603,-0.16573362,-3.5019958,2
31,3,0.08064921,-0.22379649,-4.215462,3
31,4,0.09929565,-0.28057972,-4.8288918,4
31,5,0.11570434,-0.3333428,-5.3719215,5
31,6,0.12952577,-0.38177738,-5.896713,6
31,7,0.14122169,-0.42247102,-6.337025,7
31,8,0.15082873,-0.45570102,-6.706226,8
31,9,0.15877664,-0.48253566,-7.02033,9
31,10,0.16558947,-0.5032934,-7.2551236,10
31,11,0.1710316,-0.5205563,-7.492106,11
31,12,0.17575854,-0.5357812,-7.7439675,12
31,13,0.17953089,-0.5499008,-8.027526,13
31,14,0.18211636,-0.56225353,-8.284401,14
31,15,0.18329948,-0.5724586,-8.50229,15
31,16,0.18355353,-0.5806871,-8.677749,16
31,17,0.18333462,-0.5876487,-8.847419,17
31,18,0.18290274,-0.5939901,-9.022116,18
31,19,0.18179075,-0.59992313,-9.201327,19
31,20,0.17894907,-0.6051712,-9.359054,20
31,21,0.17437457,-0.60956585,-9.494858,21
31,22,0.16867127,-0.613231,-9.609132,22
31,23,0.16184625,-0.6162541,-9.706699,23
31,24,0.15388103,-0.61875844,-9.790538,24
31,25,0.14441392,-0.62081397,-9.859313,25
31,26,0.13366096,-0.6224796,-9.918129,26
31,27,0.12170223,-0.62385917,-9.968412,27
31,28,0.10810508,-0.6249999,-10.010665,28
31,29,0.09323244,-0.62594074,-10.047174,29
31,30,0.07768737,-0.62673295,-10.079162,30
31,31,0.06113571,-0.62740296,-10.106601,31
31,32,0.043447763,-0.62796074,-10.129351,32
31,33,0.02470813,-0.6284141,-10.147576,33
31,34,0.0065702926,-0.62877727,-10.162064,34
31,35,-0.010811123,-0.62906593,-10.173154,35
31,36,-0.027908847,-0.62928784,-10.181335,36
31,37,-0.043691345,-0.6294543,-10.187265,37
31,38,-0.056746114,-0.6295785,-10.191543,38
31,39,-0.06928763,-0.6296697,-10.194536,39
31,40,-0.080254406,-0.62973535,-10.196638,40
31,41,-0.0891856,-0.6297831,-10.19813,41
31,42,-0.10105614,-0.62981725,-10.199134,42
31,43,-0.11019301,-0.629841,-10.199852,43
31,44,-0.117120504,-0.6298585,-10.2003765,44
31,45,-0.1226363,-0.6298716,-10.200768,45
31,46,-0.12679884,-0.6298815,-10.201067,46
31,47,-0.13007943,-0.62988925,-10.201297,47
31,48,-0.1316653,-0.6298953,-10.201482,48
31,49,-0.13121422,-0.6299005,-10.201641,49
31,50,-0.1292503,-0.6299052,-10.201778,50
31,51,-0.1270571,-0.6299096,-10.2019005,51
31,52,-0.12540103,-0.6299135,-10.202006,52
31,53,-0.124552585,-0.62991697,-10.202098,53
31,54,-0.124257244,-0.62991995,-10.202174,54
31,55,-0.12444481,-0.6299225,-10.202242,55
31,56,-0.12395173,-0.6299244,-10.202304,56
31,57,-0.12418965,-0.6299263,-10.202359,57
31,58,-0.12465544,-0.629928,-10.202407,58
31,59,-0.12512569,-0.6299295,-10.20245,59
31,60,-0.124715775,-0.62993085,-10.202491,60
31,61,-0.12632507,-0.62993217,-10.202521,61
31,62,-0.12851359,-0.62993294,-10.202544,62
31,63,-0.1280643,-0.6299336,-10.202568,63
31,64,-0.12800054,-0.62993443,-10.20259,64
31,65,-0.13533665,-0.6299349,-10.202586,65
31,66,-0.1408734,-0.6299344,-10.202571,66
31,67,-0.14499748,-0.6299334,-10.202545,67
31,68,-0.14599423,-0.62993234,-10.202524,68
31,69,-0.14564197,-0.6299313,-10.202503,69
31,70,-0.14501029,-0.6299304,-10.202487,70
31,71,-0.14193505,-0.6299296,-10.20248,71
31,72,-0.13952784,-0.62992924,-10.202478,72
31,73,-0.13731791,-0.6299292,-10.202478,73
31,74,-0.13326387,-0.6299293,-10.202492,74
31,75,-0.13158132,-0.62993,-10.202502,75
31,76,-0.13065875,-0.62993073,-10.202512,76
31,77,-0.13011365,-0.62993133,-10.20252,77
31,78,-0.13098772,-0.629932,-10.202525,78
31,79,-0.13139299,-0.62993234,-10.202525,79
31,80,-0.13184123,-0.6299327,-10.202524,80
31,81,-0.13252015,-0.62993294,-10.202521,81
31,82,-0.13359751,-0.6299332,-10.202517,82
31,83,-0.1379281,-0.629933,-10.2025,83
31,84,-0.14047699,-0.62993234,-10.202482,84
31,85,-0.14146414,-0.6299316,-10.202464,85
31,86,-0.14185293,-0.62993085,-10.202449,86
31,87,-0.14200036,-0.62993026,-10.202433,87
31,88,-0.14237893,-0.62992966,-10.202417,88
31,89,-0.14251539,-0.629929,-10.202403,89
31,90,-0.14343661,-0.62992805,-10.202389,90
31,91,-0.14495328,-0.629927,-10.2023735,91
31,92,-0.14602372,-0.6299258,-10.202357,92
31,93,-0.14614113,-0.6299247,-10.202346,93
31,94,-0.1459422,-0.6299239,-10.202333,94
31,95,-0.14585176,-0.6299231,-10.202323,95
31,96,-0.14407828,-0.6299224,-10.202318,96
31,97,-0.14269184,-0.62992203,-10.202317,97
31,98,-0.14158835,-0.62992173,-10.202317,98
31,99,-0.14014515,-0.6299216,-10.202319,99
31,100,-0.13900167,-0.62992173,-10.202325,100
31,101,-0.13669658,-0.6299219,-10.202334,101
31,102,-0.13530767,-0.6299225,-10.202347,102
31,103,-0.13156532,-0.62992305,-10.202367,103
31,104,-0.12879692,-0.62992436,-10.202391,104
31,105,-0.12686601,-0.6299256,-10.202415,105
31,106,-0.12516417,-0.6299269,-10.202441,106
31,107,-0.1243426,-0.6299284,-10.202465,107
31,108,-0.12439968,-0.6299296,-10.202488,108
31,109,-0.12391951,-0.62993073,-10.20251,109
31,110,-0.12530696,-0.62993157,-10.202529,110
31,111,-0.12765121,-0.62993234,-10.20254,111
31,112,-0.1293607,-0.6299327,-10.202548,112
31,113,-0.13052703,-0.62993306,-10.202555,113
31,114,-0.1327855,-0.6299336,-10.202554,114
31,115,-0.13531667,-0.62993354,-10.202543,115
31,116,-0.13681294,-0.6299333,-10.202534,116
31,117,-0.13765235,-0.629933,-10.202521,117
31,118,-0.1383632,-0.62993264,-10.20251,118
31,119,-0.13879712,-0.62993234,-10.202497,119
31,120,-0.13903226,-0.62993187,-10.202484,120
31,121,-0.13936028,-0.6299314,-10.202474,121
31,122,-0.13959767,-0.62993085,-10.202461,122
31,123,-0.14079513,-0.62993014,-10.20245,123
31,124,-0.14183742,-0.6299293,-10.202437,124
31,125,-0.14272265,-0.62992847,-10.202426,125
31,126,-0.1441495,-0.6299276,-10.202412,126
31,127,-0.14598642,-0.6299265,-10.202394,127
31,128,-0.14687166,-0.6299255,-10.202376,128
31,129,-0.14673644,-0.6299245,-10.202362,129
31,130,-0.14592968,-0.6299236,-10.202351,130
31,131,-0.14478372,-0.6299227,-10.202341,131
31,132,-0.14318608,-0.6299223,-10.202338,132
31,133,-0.14160748,-0.629922,-10.202337,133
31,134,-0.14040737,-0.6299219,-10.202337,134
31,135,-0.13753283,-0.62992233,-10.202346,135
31,136,-0.13497567,-0.6299231,-10.202353,136
31,137,-0.1331925,-0.6299239,-10.202361,137
31,138,-0.1315995,-0.62992483,-10.20237,138
31,139,-0.13038044,-0.62992555,-10.202381,139
31,140,-0.12981598,-0.6299263,-10.202393,140
31,141,-0.12973095,-0.629927,-10.202404,141
31,142,-0.12911606,-0.62992746,-10.202417,142
31,143,-0.12925027,-0.629928,-10.202433,143
31,144,-0.12958549,-0.6299284,-10.202447,144
31,145,-0.1295983,-0.6299288,-10.202463,145
31,146,-0.12831011,-0.6299296,-10.20248,146
31,147,-0.1284824,-0.62993085,-10.202496,147
31,148,-0.12928371,-0.6299316,-10.202502,148
31,149,-0.13022211,-0.6299322,-10.20251,149
31,150,-0.13099928,-0.6299326,-10.202515,150
31,151,-0.13337414,-0.6299326,-10.202512,151
31,152,-0.13543454,-0.6299322,-10.202511,152
31,153,-0.13703266,-0.62993187,-10.202507,153
31,154,-0.13866922,-0.6299313,-10.202501,154
31,155,-0.1399417,-0.62993073,-10.202493,155
31,156,-0.14059797,-0.62993014,-10.202483,156
31,157,-0.14082003,-0.6299296,-10.202475,157
31,158,-0.14073728,-0.6299292,-10.202466,158
31,159,-0.14056148,-0.629929,-10.2024555,159
31,160,-0.13983683,-0.62992895,-10.202446,160
31,161,-0.13914415,-0.6299287,-10.2024355,161
31,162,-0.1385186,-0.6299287,-10.202427,162
31,163,-0.1382596,-0.6299286,-10.202417,163
31,164,-0.13796787,-0.6299284,-10.20241,164
31,165,-0.13741861,-0.6299282,-10.202405,165
31,166,-0.13702416,-0.62992805,-10.202404,166
31,167,-0.13594031,-0.6299281,-10.202404,167
31,168,-0.1346736,-0.6299282,-10.202408,168
31,169,-0.13386372,-0.62992847,-10.202414,169
31,170,-0.13316576,-0.6299289,-10.202418,170
31,171,-0.13253273,-0.62992936,-10.202427,171
31,172,-0.13162364,-0.6299297,-10.202436,172
31,173,-0.12930247,-0.62993056,-10.202454,173
31,174,-0.12885629,-0.62993145,-10.202469,174
31,175,-0.13121985,-0.6299322,-10.202476,175
31,176,-0.13364546,-0.62993234,-10.202478,176
31,177,-0.13539764,-0.62993234,-10.202476,177
31,178,-0.13897286,-0.62993217,-10.202466,178
31,179,-0.1415939,-0.62993133,-10.202455,179
31,180,-0.14375143,-0.62993056,-10.202439,180
31,181,-0.14565717,-0.62992954,-10.202421,181
31,182,-0.14751613,-0.6299284,-10.202399,182
31,183,-0.14839269,-0.6299271,-10.202381,183
31,184,-0.14794354,-0.62992585,-10.202365,184
31,185,-0.14691083,-0.62992495,-10.202354,185
31,186,-0.14590447,-0.6299242,-10.202345,186
31,187,-0.14296341,-0.6299237,-10.202341,187
31,188,-0.13874274,-0.6299236,-10.202352,188
31,189,-0.13593085,-0.629924,-10.202361,189
31,190,-0.13391185,-0.62992454,-10.202376,190
31,191,-0.13047092,-0.6299252,-10.202399,191
31,192,-0.12866768,-0.6299264,-10.202422,192
31,193,-0.12879287,-0.62992734,-10.202441,193
31,194,-0.13208108,-0.62992793,-10.20245,194
31,195,-0.13444781,-0.629928,-10.202451,195
31,196,-0.13597469,-0.629928,-10.20245,196
31,197,-0.13688026,-0.62992793,-10.202447,197
31,198,-0.1373435,-0.6299278,-10.202444,198
31,199,-0.1380466,-0.6299279,-10.202437,199
32,0,-0.005510776,-0.10483475,-2.2330527,0
32,1,-0.034138754,-0.24027073,-4.6177893,1
32,2,-0.0628723,-0.3971705,-7.0620975,2
32,3,-0.088852674,-0.52318805,-8.834442,3
32,4,-0.11423554,-0.591503,-9.720057,4
32,5,-0.13279915,-0.6181922,-10.052816,5
32,6,-0.13622972,-0.62657666,-10.158252,6
32,7,-0.13670222,-0.6289362,-10.188781,7
32,8,-0.12952825,-0.6296096,-10.198008,8
32,9,-0.121124245,-0.629824,-10.201132,9
32,10,-0.11579098,-0.62990314,-10.202352,10
32,11,-0.11457477,-0.6299371,-10.202899,11
32,12,-0.116649106,-0.6299538,-10.203178,12
32,13,-0.12071067,-0.6299628,-10.203332,13
32,14,-0.12566759,-0.6299682,-10.203425,14
32,15,-0.13070834,-0.62997156,-10.2034855,15
32,16,-0.13548435,-0.6299738,-10.203525,16
32,17,-0.13898607,-0.6299754,-10.203552,17
32,18,-0.14230722,-0.6299765,-10.203574,18
32,19,-0.14664504,-0.62997735,-10.2035885,19
32,20,-0.14967068,-0.62997794,-10.203599,20
32,21,-0.15118395,-0.6299784,-10.2036085,21
32,22,-0.15206712,-0.6299788,-10.203616,22
32,23,-0.1527656,-0.629979,-10.203621,23
32,24,-0.15218388,-0.62997925,-10.203627,24
32,25,-0.15319777,-0.6299795,-10.20363,25
32,26,-0.15370142,-0.62997967,-10.203633,26
32,27,-0.15450865,-0.6299798,-10.203637,27
32,28,-0.15622573,-0.6299798,-10.203639,28
32,29,-0.15685725,-0.6299798,-10.203641,29
32,30,-0.15750751,-0.62997985,-10.203641,30
32,31,-0.15731642,-0.62997997,-10.203644,31
32,32,-0.15653679,-0.62997997,-10.203645,32
32,33,-0.15595613,-0.62998,-10.203646,33
32,34,-0.15514007,-0.6299801,-10.203646,34
32,35,-0.15464355,-0.6299801,-10.203647,35
32,36,-0.15029907,-0.6299802,-10.2036495,36
32,37,-0.1507758,-0.62998027,-10.20365,37
32,38,-0.15025951,-0.6299803,-10.20365,38
32,39,-0.1501183,-0.6299804,-10.203651,39
32,40,-0.15155265,-0.6299805,-10.203653,40
32,41,-0.15316248,-0.6299803,-10.203653,41
32,42,-0.15320696,-0.6299804,-10.203654,42
32,43,-0.15284972,-0.6299804,-10.203654,43
32,44,-0.15261453,-0.6299803,-10.203654,44
32,45,-0.15259874,-0.6299804,-10.203653,45
32,46,-0.14952601,-0.62998027,-10.203653,46
32,47,-0.14887933,-0.6299803,-10.203654,47
32,48,-0.14851035,-0.62998044,-10.203653,48
32,49,-0.14766279,-0.6299804,-10.203653,49
32,50,-0.14744233,-0.62998056,-10.203651,50
32,51,-0.14731002,-0.62998056,-10.203653,51
32,52,-0.14489402,-0.6299808,-10.203653,52
32,53,-0.14284353,-0.62998086,-10.203655,53
32,54,-0.14320895,-0.6299811,-10.203656,54
32,55,-0.14263396,-0.6299811,-10.203658,55
32,56,-0.14216779,-0.6299811,-10.203659,56
32,57,-0.14119609,-0.62998116,-10.203659,57
32,58,-0.14045124,-0.6299811,-10.203659,58
32,59,-0.14053205,-0.62998116,-10.203658,59
32,60,-0.14013913,-0.62998116,-10.203658,60
32,61,-0.14033249,-0.62998116,-10.203659,61
32,62,-0.14037669,-0.6299811,-10.203658,62
32,63,-0.14329816,-0.6299811,-10.203655,63
32,64,-0.14511696,-0.6299811,-10.203656,64
32,65,-0.14426626,-0.6299812,-10.203655,65
32,66,-0.1492711,-0.62998116,-10.203654,66
32,67,-0.1520456,-0.62998104,-10.203653,67
32,68,-0.15384239,-0.62998104,-10.203653,68
32,69,-0.15551454,-0.629981,-10.203651,69
32,70,-0.1564319,-0.629981,-10.2036495,70
32,71,-0.15682615,-0.62998086,-10.2036495,71
32,72,-0.15712278,-0.6299808,-10.2036495,72
32,73,-0.15799041,-0.6299807,-10.20365,73
32,74,-0.15836696,-0.6299807,-10.203649,74
32,75,-0.15919663,-0.62998056,-10.203647,75
32,76,-0.16167225,-0.6299805,-10.203647,76
32,77,-0.16230443,-0.62998044,-10.203646,77
32,78,-0.16223706,-0.6299804,-10.203646,78
32,79,-0.16124997,-0.62998027,-10.203646,79
32,80,-0.15915596,-0.62998027,-10.203646,80
32,81,-0.1575285,-0.62998027,-10.203646,81
32,82,-0.1564184,-0.62998027,-10.203646,82
32,83,-0.15184006,-0.62998044,-10.203647,83
32,84,-0.14914745,-0.62998044,-10.203647,84
32,85,-0.14677131,-0.6299805,-10.203649,85
32,86,-0.14512563,-0.62998056,-10.2036495,86
32,87,-0.14264801,-0.6299808,-10.20365,87
32,88,-0.14307633,-0.6299808,-10.20365,88
32,89,-0.14363931,-0.62998086,-10.203653,89
32,90,-0.14393938,-0.62998086,-10.203653,90
32,91,-0.1466852,-0.629981,-10.203655,91
32,92,-0.14781821,-0.6299809,-10.203654,92
32,93,-0.14917874,-0.62998086,-10.203654,93
32,94,-0.15199338,-0.62998086,-10.203654,94
32,95,-0.15383771,-0.6299808,-10.203653,95
32,96,-0.15871066,-0.62998056,-10.20365,96
32,97,-0.16147272,-0.6299805,-10.203649,97
32,98,-0.1638115,-0.62998027,-10.203646,98
32,99,-0.16667435,-0.62998,-10.203642,99
32,100,-0.16663079,-0.6299799,-10.203641,100
32,101,-0.16630965,-0.6299798,-10.203639,101
32,102,-0.16608623,-0.62997955,-10.203637,102
32,103,-0.16081378,-0.62997955,-10.203635,103
32,104,-0.15816809,-0.62997955,-10.203636,104
32,105,-0.15585801,-0.6299796,-10.203635,105
32,106,-0.15191703,-0.62997955,-10.203636,106
32,107,-0.15367036,-0.62997967,-10.203636,107
32,108,-0.15527508,-0.62997967,-10.203636,108
32,109,-0.15707836,-0.62997967,-10.203635,109
32,110,-0.16273214,-0.6299796,-10.203635,110
32,111,-0.16095711,-0.6299795,-10.203633,111
32,112,-0.15841646,-0.6299795,-10.203633,112
32,113,-0.15265828,-0.62997955,-10.203633,113
32,114,-0.15383857,-0.62997955,-10.203633,114
32,115,-0.15666558,-0.62997955,-10.203635,115
32,116,-0.16164622,-0.62997943,-10.203635,116
32,117,-0.16027978,-0.62997943,-10.203633,117
32,118,-0.15652256,-0.6299795,-10.203632,118
32,119,-0.1508763,-0.6299796,-10.203636,119
32,120,-0.1513918,-0.62997955,-10.203636,120
32,121,-0.15217483,-0.6299797,-10.203639,121
32,122,-0.15338778,-0.6299798,-10.203639,122
32,123,-0.15453984,-0.6299797,-10.203639,123
32,124,-0.1553484,-0.6299797,-10.203639,124
32,125,-0.158544,-0.62997955,-10.203637,125
32,126,-0.16054176,-0.62997955,-10.203637,126
32,127,-0.16233304,-0.6299795,-10.203636,127
32,128,-0.16507895,-0.62997943,-10.203633,128
32,129,-0.16648377,-0.6299794,-10.203631,129
32,130,-0.1657966,-0.62997925,-10.203632,130
32,131,-0.16475622,-0.6299793,-10.203632,131
32,132,-0.16368565,-0.6299793,-10.203632,132
32,133,-0.16297449,-0.6299794,-10.203633,133
32,134,-0.15986526,-0.6299794,-10.203633,134
32,135,-0.15687834,-0.6299795,-10.203633,135
32,136,-0.15511438,-0.6299796,-10.203632,136
32,137,-0.15340921,-0.62997967,-10.203635,137
32,138,-0.15062483,-0.62997985,-10.203636,138
32,139,-0.1509437,-0.6299799,-10.203636,139
32,140,-0.15134755,-0.6299799,-10.203636,140
32,141,-0.15162773,-0.62998,-10.203637,141
32,142,-0.15811983,-0.6299801,-10.203636,142
32,143,-0.16080317,-0.6299801,-10.203636,143
32,144,-0.16293687,-0.62997997,-10.203636,144
32,145,-0.16474386,-0.6299799,-10.203635,145
32,146,-0.1659186,-0.6299797,-10.203633,146
32,147,-0.1669821,-0.62997967,-10.203633,147
32,148,-0.1666368,-0.62997955,-10.203633,148
32,149,-0.1646693,-0.62997955,-10.203633,149
32,150,-0.16154964,-0.6299795,-10.203633,150
32,151,-0.15852904,-0.6299796,-10.203636,151
32,152,-0.1560938,-0.62997955,-10.203636,152
32,153,-0.1544881,-0.62997955,-10.203637,153
32,154,-0.15339637,-0.62997967,-10.203637,154
32,155,-0.15286161,-0.62997967,-10.203637,155
32,156,-0.15149686,-0.62997967,-10.203637,156
32,157,-0.15164441,-0.6299797,-10.203637,157
32,158,-0.15188628,-0.6299797,-10.203635,158
32,159,-0.15213673,-0.6299798,-10.203636,159
32,160,-0.1512424,-0.6299799,-10.203635,160
32,161,-0.1532297,-0.62997985,-10.203635,161
32,162,-0.15546346,-0.62997985,-10.203633,162
32,163,-0.15441164,-0.6299799,-10.203631,163
32,164,-0.15473586,-0.62997997,-10.203632,164
32,165,-0.16334479,-0.6299799,-10.20363,165
32,166,-0.1675269,-0.6299799,-10.20363,166
32,167,-0.17102788,-0.62997967,-10.203628,167
32,168,-0.17117664,-0.62997955,-10.203628,168
32,169,-0.17092031,-0.62997925,-10.203627,169
32,170,-0.17073171,-0.62997925,-10.203624,170
32,171,-0.16772932,-0.6299791,-10.203622,171
32,172,-0.16641934,-0.629979,-10.203622,172
32,173,-0.16494568,-0.6299791,-10.203623,173
32,174,-0.16123262,-0.6299791,-10.203623,174
32,175,-0.16072156,-0.62997913,-10.203621,175
32,176,-0.16009547,-0.6299792,-10.203623,176
32,177,-0.1595746,-0.62997925,-10.203622,177
32,178,-0.16045935,-0.6299794,-10.203623,178
32,179,-0.1602435,-0.6299794,-10.203626,179
32,180,-0.16016863,-0.62997943,-10.203624,180
32,181,-0.1603823,-0.62997943,-10.203626,181
32,182,-0.16108459,-0.62997943,-10.203627,182
32,183,-0.16603929,-0.6299793,-10.203624,183
32,184,-0.16787662,-0.62997913,-10.203623,184
32,185,-0.1686499,-0.629979,-10.203623,185
32,186,-0.1690795,-0.62997884,-10.203623,186
32,187,-0.16942073,-0.6299788,-10.203619,187
32,188,-0.17012866,-0.6299785,-10.203618,188
32,189,-0.17053992,-0.6299785,-10.203619,189
32,190,-0.17146653,-0.62997824,-10.203617,190
32,191,-0.17300977,-0.62997806,-10.203616,191
32,192,-0.17420813,-0.62997806,-10.203612,192
32,193,-0.17460418,-0.62997794,-10.203611,193
32,194,-0.1749335,-0.6299778,-10.203609,194
32,195,-0.17525098,-0.6299778,-10.203609,195
32,196,-0.1734148,-0.6299778,-10.203609,196
32,197,-0.17267202,-0.62997776,-10.203609,197
32,198,-0.17205241,-0.6299778,-10.203609,198
32,199,-0.17095001,-0.6299778,-10.203609,199
33,0,0.013069501,-0.13743792,-2.4882822,0
33,1,0.0069536637,-0.30081913,-5.0286016,1
33,2,-0.0010038962,-0.4532256,-7.302385,2
33,3,-0.00869414,-0.55310297,-8.833328,3
33,4,-0.018344488,-0.60055983,-9.61955,4
33,5,-0.029555025,-0.61952215,-9.972155,5
33,6,-0.038736556,-0.6263902,-10.117797,6
33,7,-0.053026877,-0.6286652,-10.170636,7
33,8,-0.06844553,-0.62945175,-10.1901455,8
33,9,-0.081341,-0.62974054,-10.197625,9
33,10,-0.09119615,-0.6298569,-10.200665,10
33,11,-0.09849226,-0.6299088,-10.2020035,11
33,12,-0.10405431,-0.62993467,-10.202644,12
33,13,-0.10899162,-0.6299487,-10.202979,13
33,14,-0.11346533,-0.62995684,-10.203165,14
33,15,-0.11774378,-0.62996185,-10.203278,15
33,16,-0.12178088,-0.629965,-10.203348,16
33,17,-0.124892026,-0.62996715,-10.203393,17
33,18,-0.12765434,-0.6299687,-10.203427,18
33,19,-0.13104844,-0.62996984,-10.203449,19
33,20,-0.13387011,-0.6299705,-10.203465,20
33,21,-0.13536194,-0.62997097,-10.203477,21
33,22,-0.13610393,-0.6299714,-10.203486,22
33,23,-0.13668433,-0.6299716,-10.203494,23
33,24,-0.13609736,-0.6299719,-10.203503,24
33,25,-0.13667534,-0.62997204,-10.203508,25
33,26,-0.1373922,-0.6299723,-10.203513,26
33,27,-0.13828722,-0.62997234,-10.203515,27
33,28,-0.13999958,-0.62997234,-10.203518,28
33,29,-0.141148,-0.62997246,-10.20352,29
33,30,-0.14201187,-0.62997246,-10.203522,30
33,31,-0.14215793,-0.6299726,-10.203522,31
33,32,-0.14163089,-0.6299726,-10.203524,32
33,33,-0.14110579,-0.6299727,-10.203524,33
33,34,-0.14041008,-0.6299729,-10.2035265,34
33,35,-0.13989064,-0.6299729,-10.203528,35
33,36,-0.13633785,-0.62997305,-10.203531,36
33,37,-0.13525277,-0.6299732,-10.203536,37
33,38,-0.13483351,-0.62997323,-10.203538,38
33,39,-0.1346138,-0.6299733,-10.203542,39
33,40,-0.13551936,-0.62997323,-10.203543,40
33,41,-0.13737896,-0.62997305,-10.203544,41
33,42,-0.13821526,-0.62997305,-10.203543,42
33,43,-0.13824585,-0.6299732,-10.203543,43
33,44,-0.13808712,-0.62997323,-10.203543,44
33,45,-0.13799983,-0.6299732,-10.203542,45
33,46,-0.13602561,-0.6299734,-10.203543,46
33,47,-0.13457932,-0.6299736,-10.203546,47
33,48,-0.13377164,-0.62997365,-10.203547,48
33,49,-0.13271947,-0.62997365,-10.2035475,49
33,50,-0.1319193,-0.62997377,-10.2035475,50
33,51,-0.13130596,-0.62997377,-10.203548,51
33,52,-0.12835808,-0.62997395,-10.203551,52
33,53,-0.1257264,-0.6299738,-10.203552,53
33,54,-0.12528314,-0.62997377,-10.203556,54
33,55,-0.12497276,-0.62997365,-10.203558,55
33,56,-0.12462877,-0.62997365,-10.20356,56
33,57,-0.12397614,-0.62997365,-10.203561,57
33,58,-0.12323102,-0.62997377,-10.203562,58
33,59,-0.12289946,-0.62997377,-10.203562,59
33,60,-0.12241927,-0.6299739,-10.203563,60
33,61,-0.12218443,-0.6299739,-10.203562,61
33,62,-0.12195486,-0.6299739,-10.203562,62
33,63,-0.124099664,-0.62997377,-10.20356,63
33,64,-0.12604213,-0.62997377,-10.203558,64
33,65,-0.12569657,-0.62997377,-10.203556,65
33,66,-0.12960723,-0.6299735,-10.203553,66
33,67,-0.133138,-0.62997335,-10.203548,67
33,68,-0.13554913,-0.6299733,-10.203544,68
33,69,-0.13751552,-0.6299732,-10.203541,69
33,70,-0.13884437,-0.629973,-10.203538,70
33,71,-0.1395992,-0.6299729,-10.203536,71
33,72,-0.14011246,-0.6299727,-10.203533,72
33,73,-0.14110267,-0.62997264,-10.203528,73
33,74,-0.14185448,-0.6299726,-10.203527,74
33,75,-0.1428634,-0.6299726,-10.2035265,75
33,76,-0.14536245,-0.62997234,-10.203524,76
33,77,-0.14680408,-0.6299724,-10.20352,77
33,78,-0.14734396,-0.6299724,-10.20352,78
33,79,-0.14681542,-0.6299723,-10.203519,79
33,80,-0.14474764,-0.6299725,-10.203517,80
33,81,-0.14273304,-0.6299726,-10.20352,81
33,82,-0.14130521,-0.6299726,-10.20352,82
33,83,-0.13680735,-0.6299728,-10.203524,83
33,84,-0.13327096,-0.6299729,-10.203529,84
33,85,-0.13047372,-0.62997305,-10.203533,85
33,86,-0.1284326,-0.6299732,-10.203538,86
33,87,-0.12587658,-0.62997323,-10.203542,87
33,88,-0.12540635,-0.6299732,-10.203546,88
33,89,-0.12575838,-0.6299732,-10.2035475,89
33,90,-0.12602894,-0.6299733,-10.203548,90
33,91,-0.12805958,-0.6299732,-10.20355,91
33,92,-0.12960592,-0.6299732,-10.203548,92
33,93,-0.13100144,-0.62997305,-10.2035475,93
33,94,-0.13350135,-0.6299729,-10.2035475,94
33,95,-0.13689704,-0.6299729,-10.203542,95
33,96,-0.14062528,-0.6299727,-10.203538,96
33,97,-0.1435984,-0.62997264,-10.203532,97
33,98,-0.14582872,-0.62997246,-10.2035265,98
33,99,-0.14833498,-0.62997216,-10.203522,99
33,100,-0.14872903,-0.62997204,-10.203517,100
33,101,-0.14817074,-0.6299719,-10.203513,101
33,102,-0.14758551,-0.6299719,-10.203512,102
33,103,-0.14313486,-0.62997216,-10.203512,103
33,104,-0.13942689,-0.6299722,-10.203515,104
33,105,-0.13658118,-0.62997234,-10.20352,105
33,106,-0.13270564,-0.62997246,-10.203524,106
33,107,-0.13255844,-0.62997234,-10.2035265,107
33,108,-0.13371189,-0.6299723,-10.203527,108
33,109,-0.13516968,-0.6299723,-10.203527,109
33,110,-0.13959117,-0.62997204,-10.203525,110
33,111,-0.13976063,-0.629972,-10.203524,111
33,112,-0.13757662,-0.6299722,-10.203523,112
33,113,-0.1327372,-0.6299724,-10.2035265,113
33,114,-0.13194288,-0.6299724,-10.203531,114
33,115,-0.13400257,-0.6299723,-10.203529,115
33,116,-0.13833524,-0.6299722,-10.203528,116
33,117,-0.13883425,-0.6299723,-10.2035265,117
33,118,-0.13600677,-0.62997234,-10.203528,118
33,119,-0.13105972,-0.62997264,-10.203532,119
33,120,-0.12990136,-0.62997264,-10.203534,120
33,121,-0.13030502,-0.62997276,-10.203538,121
33,122,-0.1315233,-0.62997264,-10.203538,122
33,123,-0.13281006,-0.62997264,-10.203539,123
33,124,-0.13383579,-0.62997264,-10.203538,124
33,125,-0.13685454,-0.6299726,-10.203537,125
33,126,-0.13944973,-0.6299726,-10.203534,126
33,127,-0.14168434,-0.62997246,-10.203529,127
33,128,-0.144787,-0.6299723,-10.2035265,128
33,129,-0.14700085,-0.6299722,-10.203523,129
33,130,-0.14714962,-0.62997234,-10.20352,130
33,131,-0.14630096,-0.62997234,-10.203518,131
33,132,-0.14523199,-0.62997234,-10.203518,132
33,133,-0.14444287,-0.6299723,-10.203517,133
33,134,-0.14171505,-0.62997246,-10.203518,134
33,135,-0.13844693,-0.6299725,-10.20352,135
33,136,-0.13618173,-0.6299726,-10.203525,136
33,137,-0.1342657,-0.62997264,-10.203527,137
33,138,-0.1314927,-0.62997276,-10.203531,138
33,139,-0.13092458,-0.62997276,-10.203533,139
33,140,-0.13115662,-0.62997264,-10.203533,140
33,141,-0.13138641,-0.6299726,-10.203533,141
33,142,-0.13664065,-0.6299724,-10.203532,142
33,143,-0.1405649,-0.62997216,-10.2035265,143
33,144,-0.14330404,-0.62997216,-10.203524,144
33,145,-0.14557403,-0.6299719,-10.203519,145
33,146,-0.1472159,-0.62997186,-10.203517,146
33,147,-0.14849804,-0.62997174,-10.203513,147
33,148,-0.148534,-0.6299717,-10.20351,148
33,149,-0.14687069,-0.6299718,-10.203509,149
33,150,-0.14383732,-0.62997186,-10.203512,150
33,151,-0.14061704,-0.6299719,-10.203515,151
33,152,-0.13795863,-0.6299721,-10.203518,152
33,153,-0.13608393,-0.62997234,-10.203522,153
33,154,-0.1347761,-0.62997234,-10.203525,154
33,155,-0.13390958,-0.62997246,-10.203528,155
33,156,-0.13285276,-0.6299725,-10.203529,156
33,157,-0.13218895,-0.62997264,-10.203532,157
33,158,-0.1319427,-0.62997276,-10.203532,158
33,159,-0.13178109,-0.62997276,-10.203533,159
33,160,-0.13070166,-0.6299727,-10.203532,160
33,161,-0.13162634,-0.62997264,-10.203532,161
33,162,-0.1335748,-0.6299726,-10.203529,162
33,163,-0.13300584,-0.6299725,-10.203529,163
33,164,-0.13276614,-0.62997246,-10.203527,164
33,165,-0.13967188,-0.6299721,-10.2035265,165
33,166,-0.14503293,-0.62997174,-10.203518,166
33,167,-0.14927739,-0.62997144,-10.203512,167
33,168,-0.15061387,-0.6299713,-10.2035055,168
33,169,-0.15067592,-0.6299712,-10.203501,169
33,170,-0.15054947,-0.62997115,-10.203499,170
33,171,-0.14819579,-0.62997127,-10.203496,171
33,172,-0.14634594,-0.62997127,-10.203496,172
33,173,-0.144709,-0.6299713,-10.203498,173
33,174,-0.14126605,-0.62997144,-10.2035,174
33,175,-0.13952303,-0.62997144,-10.203504,175
33,176,-0.1385768,-0.6299715,-10.203505,176
33,177,-0.13783954,-0.6299715,-10.2035055,177
33,178,-0.13804287,-0.6299715,-10.203507,178
33,179,-0.13804153,-0.6299713,-10.203507,179
33,180,-0.13791396,-0.62997144,-10.203508,180
33,181,-0.13798206,-0.62997144,-10.203509,181
33,182,-0.13854459,-0.62997144,-10.203509,182
33,183,-0.14248507,-0.62997127,-10.203508,183
33,184,-0.14501542,-0.62997127,-10.203505,184
33,185,-0.14608029,-0.62997115,-10.203503,185
33,186,-0.14658728,-0.62997115,-10.203501,186
33,187,-0.14687891,-0.62997127,-10.2035,187
33,188,-0.14743774,-0.62997115,-10.203499,188
33,189,-0.14779007,-0.62997127,-10.203498,189
33,190,-0.14892796,-0.62997127,-10.203495,190
33,191,-0.15048485,-0.62997127,-10.203493,191
33,192,-0.15178731,-0.62997115,-10.203491,192
33,193,-0.15231438,-0.62997115,-10.203489,193
33,194,-0.15259409,-0.62997115,-10.203489,194
33,195,-0.15297742,-0.6299711,-10.203486,195
33,196,-0.15189224,-0.62997115,-10.203487,196
33,197,-0.15103742,-0.62997115,-10.203486,197
33,198,-0.15049659,-0.62997127,-10.203489,198
33,199,-0.14962913,-0.6299712,-10.20349,199
34,0,0.015957557,-0.10838071,-2.2326195,0
34,1,0.013949168,-0.235111,-4.434078,1
34,2,0.007355153,-0.3756121,-6.6029077,2
34,3,-0.0037152094,-0.49556044,-8.299598,3
34,4,-0.022394156,-0.570566,-9.328752,4
34,5,-0.043919187,-0.60723114,-9.846146,5
34,6,-0.062167097,-0.6220947,-10.071231,6
34,7,-0.081634425,-0.62727165,-10.155616,7
34,8,-0.09629811,-0.628983,-10.185471,8
34,9,-0.106282845,-0.62956816,-10.1961155,9
34,10,-0.11319296,-0.6297848,-10.200125,10
34,11,-0.118471555,-0.6298742,-10.201774,11
34,12,-0.122804224,-0.6299156,-10.202527,12
34,13,-0.12692532,-0.6299369,-10.2029085,13
34,14,-0.13051201,-0.62994874,-10.203118,14
34,15,-0.13392764,-0.6299559,-10.203244,15
34,16,-0.13700756,-0.62996036,-10.203321,16
34,17,-0.13924141,-0.62996334,-10.203373,17
34,18,-0.14117682,-0.62996536,-10.203406,18
34,19,-0.14349717,-0.62996686,-10.20343,19
34,20,-0.14562823,-0.6299678,-10.203447,20
34,21,-0.14681962,-0.6299685,-10.203459,21
34,22,-0.14745662,-0.6299691,-10.203468,22
34,23,-0.14795236,-0.6299696,-10.203477,23
34,24,-0.14751832,-0.6299699,-10.203485,24
34,25,-0.14813395,-0.6299703,-10.20349,25
34,26,-0.14877044,-0.62997055,-10.203495,26
34,27,-0.14956793,-0.6299707,-10.203499,27
34,28,-0.15099421,-0.62997097,-10.203503,28
34,29,-0.15192434,-0.62997115,-10.2035055,29
34,30,-0.15262255,-0.62997115,-10.203507,30
34,31,-0.15274653,-0.62997127,-10.203509,31
34,32,-0.15238672,-0.6299713,-10.203509,32
34,33,-0.15194798,-0.62997127,-10.20351,33
34,34,-0.15139411,-0.6299713,-10.203512,34
34,35,-0.15098627,-0.6299715,-10.203514,35
34,36,-0.14823341,-0.6299714,-10.203515,36
34,37,-0.14723344,-0.6299716,-10.203518,37
34,38,-0.1471443,-0.62997174,-10.203523,38
34,39,-0.14723054,-0.62997186,-10.203525,39
34,40,-0.14813393,-0.62997216,-10.203528,40
34,41,-0.15005656,-0.62997234,-10.203529,41
34,42,-0.15091297,-0.62997234,-10.203533,42
34,43,-0.15101558,-0.62997234,-10.203534,43
34,44,-0.15083805,-0.6299724,-10.203536,44
34,45,-0.1506934,-0.62997246,-10.203536,45
34,46,-0.14917736,-0.62997234,-10.203534,46
34,47,-0.14764643,-0.6299724,-10.203534,47
34,48,-0.14669639,-0.62997246,-10.203534,48
34,49,-0.14564064,-0.62997246,-10.203533,49
34,50,-0.14466012,-0.62997246,-10.203533,50
34,51,-0.14386001,-0.6299725,-10.203532,51
34,52,-0.14093636,-0.62997246,-10.203532,52
34,53,-0.13898635,-0.62997264,-10.203532,53
34,54,-0.13879311,-0.6299728,-10.203537,54
34,55,-0.139023,-0.62997305,-10.203541,55
34,56,-0.13925226,-0.62997305,-10.203546,56
34,57,-0.13927841,-0.62997335,-10.20355,57
34,58,-0.13900034,-0.62997353,-10.203553,58
34,59,-0.1386572,-0.62997365,-10.203557,59
34,60,-0.138203,-0.6299737,-10.20356,60
34,61,-0.13786264,-0.62997377,-10.203562,61
34,62,-0.13751477,-0.62997395,-10.203563,62
34,63,-0.13929912,-0.629974,-10.203563,63
34,64,-0.14055511,-0.629974,-10.203563,64
34,65,-0.14003418,-0.62997395,-10.203563,65
34,66,-0.14269249,-0.62997407,-10.203561,66
34,67,-0.14520453,-0.62997395,-10.203558,67
34,68,-0.14690575,-0.62997377,-10.203556,68
34,69,-0.14808041,-0.62997365,-10.203552,69
34,70,-0.14899187,-0.6299735,-10.2035475,70
34,71,-0.14951651,-0.6299733,-10.203544,71
34,72,-0.14980459,-0.62997305,-10.203541,72
34,73,-0.1505379,-0.62997293,-10.203538,73
34,74,-0.15107584,-0.6299727,-10.203536,74
34,75,-0.15181383,-0.62997264,-10.203533,75
34,76,-0.15370394,-0.62997246,-10.203531,76
34,77,-0.15481322,-0.6299723,-10.203527,77
34,78,-0.15521048,-0.62997216,-10.203523,78
34,79,-0.15457445,-0.6299719,-10.203519,79
34,80,-0.1525928,-0.6299717,-10.203515,80
34,81,-0.15085621,-0.6299716,-10.203512,81
34,82,-0.1496294,-0.6299715,-10.203512,82
34,83,-0.14597028,-0.62997144,-10.203512,83
34,84,-0.14339596,-0.6299715,-10.203513,84
34,85,-0.14128904,-0.6299717,-10.203514,85
34,86,-0.13988099,-0.6299719,-10.20352,86
34,87,-0.13801368,-0.62997204,-10.203524,87
34,88,-0.13787936,-0.6299724,-10.203531,88
34,89,-0.13850051,-0.6299726,-10.203534,89
34,90,-0.1391163,-0.6299729,-10.203541,90
34,91,-0.14111598,-0.629973,-10.203544,91
34,92,-0.14278905,-0.6299732,-10.203548,92
34,93,-0.1442801,-0.62997323,-10.203552,93
34,94,-0.14659795,-0.62997335,-10.203556,94
34,95,-0.14826092,-0.6299733,-10.203552,95
34,96,-0.15107396,-0.6299732,-10.203548,96
34,97,-0.15332496,-0.62997293,-10.203547,97
34,98,-0.15506932,-0.6299727,-10.203542,98
34,99,-0.15706742,-0.62997234,-10.203537,99
34,100,-0.1573844,-0.62997204,-10.203532,100
34,101,-0.15695778,-0.62997174,-10.203527,101
34,102,-0.15648386,-0.6299715,-10.203522,102
34,103,-0.15265061,-0.6299712,-10.203518,103
34,104,-0.14963253,-0.6299712,-10.203517,104
34,105,-0.14727367,-0.62997127,-10.203519,105
34,106,-0.14403133,-0.6299713,-10.20352,106
34,107,-0.14412782,-0.6299715,-10.203523,107
34,108,-0.14546457,-0.6299717,-10.2035265,108
34,109,-0.14712764,-0.62997174,-10.203527,109
34,110,-0.15137441,-0.62997186,-10.203531,110
34,111,-0.15166986,-0.62997186,-10.203532,111
34,112,-0.14989288,-0.62997186,-10.203532,112
34,113,-0.14562167,-0.62997186,-10.203532,113
34,114,-0.14509578,-0.62997204,-10.203536,114
34,115,-0.14701915,-0.62997216,-10.203538,115
34,116,-0.1510145,-0.62997234,-10.203541,116
34,117,-0.15150306,-0.62997216,-10.203538,117
34,118,-0.14908805,-0.62997216,-10.203539,118
34,119,-0.14470349,-0.6299721,-10.203539,119
34,120,-0.14379483,-0.6299724,-10.203543,120
34,121,-0.14401706,-0.6299726,-10.203546,121
34,122,-0.14546818,-0.6299726,-10.2035475,122
34,123,-0.146755,-0.62997264,-10.203548,123
34,124,-0.14768395,-0.62997276,-10.203551,124
34,125,-0.15051544,-0.62997276,-10.20355,125
34,126,-0.1523564,-0.62997264,-10.203548,126
34,127,-0.15393446,-0.6299726,-10.203546,127
34,128,-0.15616974,-0.6299725,-10.203541,128
34,129,-0.15742026,-0.6299723,-10.203534,129
34,130,-0.15705481,-0.629972,-10.203528,130
34,131,-0.15584604,-0.62997174,-10.203523,131
34,132,-0.15455092,-0.62997144,-10.203518,132
34,133,-0.15358001,-0.62997127,-10.203512,133
34,134,-0.1510318,-0.629971,-10.203508,134
34,135,-0.1482532,-0.629971,-10.203505,135
34,136,-0.14628543,-0.629971,-10.203505,136
34,137,-0.14466587,-0.62997115,-10.203507,137
34,138,-0.14239135,-0.62997115,-10.203507,138
34,139,-0.14194398,-0.62997144,-10.203509,139
34,140,-0.14221725,-0.62997156,-10.203513,140
34,141,-0.1425609,-0.6299716,-10.203515,141
34,142,-0.14688031,-0.62997186,-10.20352,142
34,143,-0.15027936,-0.6299719,-10.203519,143
34,144,-0.15265805,-0.62997186,-10.203519,144
34,145,-0.15447226,-0.6299717,-10.203515,145
34,146,-0.15568677,-0.62997156,-10.203515,146
34,147,-0.15655817,-0.6299713,-10.203512,147
34,148,-0.15645278,-0.6299712,-10.203509,148
34,149,-0.1550459,-0.6299709,-10.203507,149
34,150,-0.15253474,-0.62997085,-10.2035055,150
34,151,-0.14995758,-0.62997097,-10.203507,151
34,152,-0.14794171,-0.629971,-10.20351,152
34,153,-0.14661768,-0.62997115,-10.203514,153
34,154,-0.14577906,-0.62997127,-10.203518,154
34,155,-0.14527442,-0.62997156,-10.203522,155
34,156,-0.1447392,-0.6299716,-10.203524,156
34,157,-0.14411007,-0.6299718,-10.203525,157
34,158,-0.14386228,-0.62997186,-10.2035265,158
34,159,-0.14368814,-0.629972,-10.203527,159
34,160,-0.14260402,-0.629972,-10.203527,160
34,161,-0.14317754,-0.62997216,-10.203527,161
34,162,-0.14476776,-0.6299722,-10.2035265,162
34,163,-0.14422461,-0.6299721,-10.203524,163
34,164,-0.14384206,-0.62997204,-10.203522,164
34,165,-0.14877994,-0.62997216,-10.20352,165
34,166,-0.15296622,-0.629972,-10.203519,166
34,167,-0.15681753,-0.62997174,-10.203514,167
34,168,-0.15805674,-0.62997144,-10.203509,168
34,169,-0.158002,-0.62997115,-10.203501,169
34,170,-0.1576366,-0.6299708,-10.203498,170
34,171,-0.155481,-0.62997055,-10.203493,171
34,172,-0.15357757,-0.6299703,-10.203489,172
34,173,-0.1519081,-0.6299703,-10.203487,173
34,174,-0.14887716,-0.62997013,-10.203485,174
34,175,-0.1469412,-0.62997013,-10.203485,175
34,176,-0.14617278,-0.6299703,-10.203486,176
34,177,-0.14575152,-0.6299703,-10.203487,177
34,178,-0.14586319,-0.6299705,-10.20349,178
34,179,-0.14636555,-0.62997067,-10.203495,179
34,180,-0.14664581,-0.62997085,-10.2035,180
34,181,-0.14698869,-0.62997097,-10.203504,181
34,182,-0.14786744,-0.629971,-10.203508,182
34,183,-0.1517343,-0.6299712,-10.203512,183
34,184,-0.1540601,-0.6299712,-10.203514,184
34,185,-0.15512714,-0.62997115,-10.203514,185
34,186,-0.15562874,-0.62997115,-10.203514,186
34,187,-0.15588681,-0.629971,-10.203514,187
34,188,-0.15645242,-0.629971,-10.203514,188
34,189,-0.1567138,-0.62997085,-10.203513,189
34,190,-0.15806644,-0.6299709,-10.203512,190
34,191,-0.15920582,-0.62997067,-10.203508,191
34,192,-0.15994833,-0.62997055,-10.203504,192
34,193,-0.16002697,-0.6299702,-10.203498,193
34,194,-0.16002238,-0.62997,-10.203493,194
34,195,-0.16011088,-0.62996984,-10.203487,195
34,196,-0.15910566,-0.62996954,-10.203481,196
34,197,-0.1580499,-0.6299694,-10.203478,197
34,198,-0.15729637,-0.6299691,-10.203473,198
34,199,-0.15634923,-0.62996906,-10.20347,199
35,0,-0.006135577,-0.12660961,-2.684728,0
35,1,-0.032231353,-0.28171974,-5.3855314,1
35,2,-0.055160232,-0.43480134,-7.653649,2
35,3,-0.0698636,-0.54218256,-9.0846615,3
35,4,-0.07714938,-0.5969438,-9.771309,4
35,5,-0.076924,-0.61885196,-10.048132,5
35,6,-0.07000008,-0.6263546,-10.14882,6
35,7,-0.0645383,-0.62873614,-10.183114,7
35,8,-0.061904024,-0.6294972,-10.195113,8
35,9,-0.06312571,-0.62976205,-10.19963,9
35,10,-0.07106219,-0.62986606,-10.2014885,10
35,11,-0.074888125,-0.6299122,-10.202371,11
35,12,-0.07712227,-0.62993586,-10.2028265,12
35,13,-0.07591405,-0.6299491,-10.203089,13
35,14,-0.07970852,-0.62995714,-10.20324,14
35,15,-0.08550802,-0.62996215,-10.203334,15
35,16,-0.09341994,-0.62996525,-10.203392,16
35,17,-0.09507891,-0.62996745,-10.203434,17
35,18,-0.092994325,-0.629969,-10.203466,18
35,19,-0.088419065,-0.62997025,-10.203493,19
35,20,-0.08895215,-0.6299714,-10.203513,20
35,21,-0.08995997,-0.62997204,-10.203525,21
35,22,-0.09241055,-0.62997264,-10.203534,22
35,23,-0.094593376,-0.629973,-10.203544,23
35,24,-0.09618475,-0.6299733,-10.20355,24
35,25,-0.10109918,-0.6299734,-10.203553,25
35,26,-0.10432171,-0.6299736,-10.203556,26
35,27,-0.107297376,-0.6299736,-10.203558,27
35,28,-0.11177619,-0.62997365,-10.203561,28
35,29,-0.11455589,-0.6299737,-10.203561,29
35,30,-0.114801675,-0.62997377,-10.203562,30
35,31,-0.11396558,-0.6299738,-10.203563,31
35,32,-0.11293323,-0.6299739,-10.203566,32
35,33,-0.11227616,-0.62997395,-10.203567,33
35,34,-0.108742006,-0.62997395,-10.20357,34
35,35,-0.105200075,-0.6299741,-10.203574,35
35,36,-0.102879144,-0.6299742,-10.203575,36
35,37,-0.10081051,-0.62997425,-10.203578,37
35,38,-0.09772128,-0.62997437,-10.203581,38
35,39,-0.09729797,-0.6299744,-10.203583,39
35,40,-0.097473,-0.62997437,-10.203584,40
35,41,-0.09765184,-0.62997437,-10.203585,41
35,42,-0.103558585,-0.62997437,-10.203584,42
35,43,-0.10727844,-0.6299743,-10.203581,43
35,44,-0.11008705,-0.6299743,-10.203579,44
35,45,-0.11243163,-0.62997425,-10.203578,45
35,46,-0.11409159,-0.6299743,-10.203575,46
35,47,-0.11537169,-0.6299743,-10.203574,47
35,48,-0.11498929,-0.6299743,-10.203573,48
35,49,-0.11263482,-0.62997425,-10.203574,49
35,50,-0.10870199,-0.62997437,-10.203574,50
35,51,-0.10482233,-0.6299745,-10.203578,51
35,52,-0.101822056,-0.6299746,-10.203579,52
35,53,-0.0998188,-0.6299746,-10.203581,53
35,54,-0.09848709,-0.6299746,-10.203583,54
35,55,-0.09762115,-0.62997466,-10.203584,55
35,56,-0.09713164,-0.6299745,-10.203585,56
35,57,-0.096873164,-0.62997437,-10.203585,57
35,58,-0.0969692,-0.6299744,-10.203584,58
35,59,-0.09726184,-0.62997425,-10.203585,59
35,60,-0.09620492,-0.6299742,-10.203584,60
35,61,-0.09751911,-0.62997407,-10.203584,61
35,62,-0.10005118,-0.629974,-10.203581,62
35,63,-0.099499166,-0.6299739,-10.203579,63
35,64,-0.09950235,-0.62997377,-10.203576,64
35,65,-0.1066324,-0.6299739,-10.203573,65
35,66,-0.11090882,-0.6299736,-10.203566,66
35,67,-0.115393996,-0.6299734,-10.203561,67
35,68,-0.11648932,-0.6299733,-10.203557,68
35,69,-0.116455704,-0.6299731,-10.203552,69
35,70,-0.116251275,-0.62997305,-10.203551,70
35,71,-0.113525376,-0.62997305,-10.20355,71
35,72,-0.1117096,-0.629973,-10.20355,72
35,73,-0.10998107,-0.629973,-10.203551,73
35,74,-0.10640442,-0.62997293,-10.203552,74
35,75,-0.10411105,-0.62997305,-10.203553,75
35,76,-0.10280233,-0.6299732,-10.203552,76
35,77,-0.10191506,-0.62997305,-10.203552,77
35,78,-0.101084165,-0.6299732,-10.203553,78
35,79,-0.10058865,-0.6299731,-10.203552,79
35,80,-0.09999591,-0.6299731,-10.203551,80
35,81,-0.09939446,-0.6299732,-10.203552,81
35,82,-0.0996291,-0.6299733,-10.203551,82
35,83,-0.10456406,-0.62997305,-10.2035475,83
35,84,-0.10672716,-0.629973,-10.203544,84
35,85,-0.10749488,-0.629973,-10.203543,85
35,86,-0.107875735,-0.62997293,-10.203542,86
35,87,-0.10809075,-0.629973,-10.203541,87
35,88,-0.1089559,-0.629973,-10.203539,88
35,89,-0.109256186,-0.62997305,-10.203538,89
35,90,-0.1120007,-0.62997293,-10.203538,90
35,91,-0.1147305,-0.62997276,-10.203537,91
35,92,-0.11662475,-0.6299727,-10.203537,92
35,93,-0.11733981,-0.6299726,-10.203534,93
35,94,-0.118005484,-0.62997264,-10.203531,94
35,95,-0.11879937,-0.6299726,-10.203532,95
35,96,-0.11787621,-0.62997264,-10.203531,96
35,97,-0.11717498,-0.6299726,-10.203534,97
35,98,-0.1166774,-0.6299726,-10.203533,98
35,99,-0.1157355,-0.62997264,-10.203534,99
35,100,-0.11506181,-0.62997264,-10.203534,100
35,101,-0.11300811,-0.62997264,-10.203539,101
35,102,-0.111855015,-0.6299728,-10.203541,102
35,103,-0.10704197,-0.6299728,-10.203544,103
35,104,-0.104118794,-0.62997293,-10.2035475,104
35,105,-0.10166275,-0.62997305,-10.20355,105
35,106,-0.09921328,-0.62997305,-10.203552,106
35,107,-0.09769922,-0.6299731,-10.203556,107
35,108,-0.09663068,-0.62997323,-10.203557,108
35,109,-0.096016236,-0.6299731,-10.203558,109
35,110,-0.09820626,-0.62997305,-10.203557,110
35,111,-0.09944778,-0.62997305,-10.203556,111
35,112,-0.10049209,-0.629973,-10.203555,112
35,113,-0.10117403,-0.629973,-10.203553,113
35,114,-0.10146864,-0.62997305,-10.203552,114
35,115,-0.103297964,-0.62997305,-10.20355,115
35,116,-0.10425687,-0.6299731,-10.20355,116
35,117,-0.10470907,-0.6299731,-10.2035475,117
35,118,-0.1051137,-0.62997305,-10.203547,118
35,119,-0.10536381,-0.62997305,-10.203546,119
35,120,-0.10559923,-0.62997305,-10.203546,120
35,121,-0.106239446,-0.62997305,-10.203546,121
35,122,-0.106699295,-0.62997305,-10.203546,122
35,123,-0.1092853,-0.629973,-10.203544,123
35,124,-0.11094762,-0.62997293,-10.203543,124
35,125,-0.112726964,-0.6299729,-10.203543,125
35,126,-0.11560543,-0.62997276,-10.203539,126
35,127,-0.11785861,-0.62997276,-10.203538,127
35,128,-0.119526535,-0.6299726,-10.203536,128
35,129,-0.11998454,-0.6299725,-10.203533,129
35,130,-0.11981418,-0.6299726,-10.203532,130
35,131,-0.11999593,-0.62997246,-10.203531,131
35,132,-0.11839366,-0.6299726,-10.203532,132
35,133,-0.11724814,-0.6299726,-10.203532,133
35,134,-0.116488725,-0.6299725,-10.203531,134
35,135,-0.11185015,-0.62997264,-10.203532,135
35,136,-0.10900878,-0.6299728,-10.203536,136
35,137,-0.106541626,-0.6299729,-10.203538,137
35,138,-0.103760935,-0.62997305,-10.203541,138
35,139,-0.102055885,-0.629973,-10.203544,139
35,140,-0.10084033,-0.62997305,-10.203546,140
35,141,-0.100035846,-0.62997305,-10.203547,141
35,142,-0.10015948,-0.6299728,-10.203548,142
35,143,-0.10017488,-0.62997276,-10.203548,143
35,144,-0.10054063,-0.62997276,-10.20355,144
35,145,-0.10134576,-0.62997264,-10.20355,145
35,146,-0.0979855,-0.6299728,-10.20355,146
35,147,-0.095628135,-0.62997293,-10.203548,147
35,148,-0.09611601,-0.62997293,-10.2035475,148
35,149,-0.096407376,-0.6299729,-10.203547,149
35,150,-0.09650535,-0.6299728,-10.203546,150
35,151,-0.100436784,-0.62997264,-10.203544,151
35,152,-0.10279123,-0.6299725,-10.203542,152
35,153,-0.10493906,-0.62997234,-10.203541,153
35,154,-0.107568964,-0.6299723,-10.203537,154
35,155,-0.10918531,-0.6299723,-10.203534,155
35,156,-0.11023845,-0.6299721,-10.203532,156
35,157,-0.11083238,-0.62997204,-10.203529,157
35,158,-0.11121361,-0.62997204,-10.203528,158
35,159,-0.109485574,-0.62997216,-10.203527,159
35,160,-0.10856736,-0.6299722,-10.203525,160
35,161,-0.10751342,-0.6299724,-10.203527,161
35,162,-0.10614747,-0.62997246,-10.203528,162
35,163,-0.10596126,-0.62997246,-10.203528,163
35,164,-0.10541763,-0.6299724,-10.203529,164
35,165,-0.10465231,-0.62997246,-10.203532,165
35,166,-0.104067445,-0.6299725,-10.203531,166
35,167,-0.10280771,-0.6299725,-10.203533,167
35,168,-0.10102187,-0.6299726,-10.203533,168
35,169,-0.09988099,-0.6299725,-10.203536,169
35,170,-0.098652236,-0.6299725,-10.203536,170
35,171,-0.09741661,-0.62997264,-10.203537,171
35,172,-0.0960717,-0.6299726,-10.203539,172
35,173,-0.09227869,-0.62997276,-10.203541,173
35,174,-0.09082598,-0.62997276,-10.203542,174
35,175,-0.09331373,-0.6299728,-10.203541,175
35,176,-0.09561299,-0.62997264,-10.203538,176
35,177,-0.097248964,-0.62997264,-10.203537,177
35,178,-0.10192495,-0.6299725,-10.203536,178
35,179,-0.1050125,-0.62997246,-10.203533,179
35,180,-0.10796548,-0.6299724,-10.203531,180
35,181,-0.11075791,-0.6299722,-10.203527,181
35,182,-0.11391402,-0.6299722,-10.203524,182
35,183,-0.11580954,-0.62997216,-10.203523,183
35,184,-0.116087474,-0.62997204,-10.203522,184
35,185,-0.11584794,-0.6299719,-10.203522,185
35,186,-0.115675054,-0.62997204,-10.20352,186
35,187,-0.112887844,-0.6299721,-10.203522,187
35,188,-0.109463885,-0.6299721,-10.203525,188
35,189,-0.10725234,-0.6299721,-10.203527,189
35,190,-0.10572849,-0.62997216,-10.203529,190
35,191,-0.103125274,-0.62997216,-10.203532,191
35,192,-0.10190126,-0.62997216,-10.203536,192
35,193,-0.10202995,-0.6299723,-10.203536,193
35,194,-0.10588391,-0.6299722,-10.203534,194
35,195,-0.10819997,-0.6299722,-10.203533,195
35,196,-0.10948094,-0.6299721,-10.203531,196
35,197,-0.11019681,-0.6299721,-10.203531,197
35,198,-0.110612236,-0.62997204,-10.203529,198
35,199,-0.10938346,-0.6299723,-10.203528,199
36,0,0.0138888955,-0.09248237,-1.9711894,0
36,1,0.009152116,-0.19961464,-3.8993535,1
36,2,0.002212947,-0.32648614,-5.9371448,2
36,3,-0.005852086,-0.446431,-7.67301,3
36,4,-0.017909719,-0.53324115,-8.865808,4
36,5,-0.031837612,-0.5847422,-9.554809,5
36,6,-0.043920062,-0.6109888,-9.910402,6
36,7,-0.06423951,-0.622273,-10.0764,7
36,8,-0.08154446,-0.6268497,-10.1485615,8
36,9,-0.096351095,-0.6286621,-10.179283,9
36,10,-0.10811847,-0.62938523,-10.192351,10
36,11,-0.117316976,-0.62968564,-10.198023,11
36,12,-0.124880835,-0.629819,-10.200593,12
36,13,-0.13182819,-0.62988263,-10.201824,13
36,14,-0.13814361,-0.6299158,-10.202461,14
36,15,-0.14395228,-0.6299343,-10.202814,15
36,16,-0.14905106,-0.62994534,-10.203023,16
36,17,-0.15252517,-0.6299524,-10.203155,17
36,18,-0.15559137,-0.629957,-10.203238,18
36,19,-0.15978815,-0.6299602,-10.203297,19
36,20,-0.16291521,-0.6299623,-10.203341,20
36,21,-0.16446579,-0.629964,-10.203371,21
36,22,-0.16536476,-0.6299651,-10.203393,22
36,23,-0.16608892,-0.629966,-10.203414,23
36,24,-0.16535999,-0.6299668,-10.203427,24
36,25,-0.16661835,-0.62996733,-10.20344,25
36,26,-0.16725802,-0.62996775,-10.203451,26
36,27,-0.16823182,-0.6299681,-10.203458,27
36,28,-0.17027426,-0.6299683,-10.203464,28
36,29,-0.17112584,-0.6299684,-10.203468,29
36,30,-0.17201114,-0.62996846,-10.203472,30
36,31,-0.17194659,-0.62996864,-10.203476,31
36,32,-0.1712126,-0.62996876,-10.20348,32
36,33,-0.17065895,-0.6299688,-10.203481,33
36,34,-0.1698051,-0.62996894,-10.203483,34
36,35,-0.1692784,-0.62996906,-10.2034855,35
36,36,-0.16426674,-0.6299692,-10.203486,36
36,37,-0.1647956,-0.6299696,-10.203491,37
36,38,-0.1645359,-0.62996966,-10.203494,38
36,39,-0.16452837,-0.62996984,-10.203496,39
36,40,-0.16629131,-0.62996984,-10.203501,40
36,41,-0.16836303,-0.6299696,-10.203501,41
36,42,-0.16840291,-0.62996954,-10.203503,42
36,43,-0.16787083,-0.62996954,-10.203503,43
36,44,-0.16741337,-0.62996954,-10.203501,44
36,45,-0.16723083,-0.62996954,-10.203503,45
36,46,-0.16341111,-0.6299696,-10.203499,46
36,47,-0.16171256,-0.6299698,-10.203499,47
36,48,-0.16050835,-0.62997013,-10.203499,48
36,49,-0.15869327,-0.6299702,-10.203496,49
36,50,-0.15751049,-0.62997043,-10.203496,50
36,51,-0.15661702,-0.62997055,-10.203495,51
36,52,-0.15400068,-0.62997085,-10.203496,52
36,53,-0.15258305,-0.629971,-10.203501,53
36,54,-0.153759,-0.62997115,-10.203505,54
36,55,-0.15376076,-0.62997127,-10.203507,55
36,56,-0.15350309,-0.62997127,-10.20351,56
36,57,-0.15224539,-0.62997127,-10.203512,57
36,58,-0.15072814,-0.62997127,-10.20351,58
36,59,-0.15004241,-0.62997144,-10.20351,59
36,60,-0.14894657,-0.6299715,-10.203512,60
36,61,-0.1484578,-0.62997156,-10.203509,61
36,62,-0.14790915,-0.6299716,-10.203508,62
36,63,-0.15032804,-0.6299716,-10.203507,63
36,64,-0.1516543,-0.62997156,-10.203505,64
36,65,-0.15030442,-0.6299715,-10.203504,65
36,66,-0.1554993,-0.62997144,-10.203503,66
36,67,-0.15852036,-0.62997127,-10.203499,67
36,68,-0.16058913,-0.6299709,-10.203496,68
36,69,-0.16274486,-0.6299708,-10.203494,69
36,70,-0.16428694,-0.6299706,-10.203493,70
36,71,-0.16520703,-0.62997055,-10.203491,71
36,72,-0.16597842,-0.62997025,-10.203491,72
36,73,-0.16742839,-0.62997013,-10.20349,73
36,74,-0.16826522,-0.62997013,-10.203489,74
36,75,-0.16960481,-0.62996995,-10.203489,75
36,76,-0.17294233,-0.6299697,-10.203491,76
36,77,-0.17416319,-0.62996954,-10.203489,77
36,78,-0.17444955,-0.6299693,-10.203487,78
36,79,-0.17335221,-0.6299693,-10.203486,79
36,80,-0.17087822,-0.62996936,-10.2034855,80
36,81,-0.16916887,-0.6299694,-10.203485,81
36,82,-0.16801338,-0.62996954,-10.2034855,82
36,83,-0.16287543,-0.6299697,-10.203487,83
36,84,-0.16016197,-0.62997,-10.203491,84
36,85,-0.15758747,-0.62997025,-10.203493,85
36,86,-0.15573856,-0.6299705,-10.203495,86
36,87,-0.15289412,-0.62997067,-10.203498,87
36,88,-0.1532857,-0.6299709,-10.203501,88
36,89,-0.15383595,-0.6299709,-10.203504,89
36,90,-0.15405235,-0.629971,-10.203505,90
36,91,-0.15701547,-0.629971,-10.2035055,91
36,92,-0.15837075,-0.6299709,-10.203507,92
36,93,-0.15997607,-0.6299707,-10.203508,93
36,94,-0.16329646,-0.62997067,-10.20351,94
36,95,-0.1653363,-0.62997025,-10.2035055,95
36,96,-0.16989213,-0.62997,-10.203505,96
36,97,-0.17262517,-0.62996966,-10.203501,97
36,98,-0.17508732,-0.62996936,-10.203498,98
36,99,-0.17827395,-0.629969,-10.203494,99
36,100,-0.17830175,-0.62996876,-10.203491,100
36,101,-0.17805393,-0.6299686,-10.203487,101
36,102,-0.17788258,-0.6299684,-10.203487,102
36,103,-0.17212133,-0.6299685,-10.203485,103
36,104,-0.16935119,-0.6299687,-10.2034855,104
36,105,-0.1667763,-0.62996894,-10.2034855,105
36,106,-0.1624643,-0.6299691,-10.203486,106
36,107,-0.16416878,-0.6299693,-10.20349,107
36,108,-0.16561367,-0.6299693,-10.203489,108
36,109,-0.16722704,-0.62996924,-10.20349,109
36,110,-0.17298786,-0.6299691,-10.20349,110
36,111,-0.1709471,-0.6299689,-10.203489,111
36,112,-0.16823545,-0.62996894,-10.203487,112
36,113,-0.16217025,-0.6299692,-10.203487,113
36,114,-0.16338028,-0.6299695,-10.20349,114
36,115,-0.16627073,-0.6299695,-10.203491,115
36,116,-0.17157248,-0.6299693,-10.203493,116
36,117,-0.17022872,-0.6299691,-10.20349,117
36,118,-0.16639134,-0.6299692,-10.203487,118
36,119,-0.1605731,-0.62996954,-10.203491,119
36,120,-0.16116339,-0.6299697,-10.203493,120
36,121,-0.16214263,-0.6299699,-10.203496,121
36,122,-0.16359763,-0.6299699,-10.203496,122
36,123,-0.16471426,-0.6299698,-10.203498,123
36,124,-0.16551688,-0.62996984,-10.203498,124
36,125,-0.16879521,-0.62996966,-10.203496,125
36,126,-0.17073154,-0.6299695,-10.203496,126
36,127,-0.17278437,-0.62996936,-10.203493,127
36,128,-0.17600156,-0.6299691,-10.203489,128
36,129,-0.17774932,-0.62996894,-10.2034855,129
36,130,-0.17723861,-0.6299688,-10.2034855,130
36,131,-0.1763001,-0.6299689,-10.203481,131
36,132,-0.17532922,-0.6299688,-10.203481,132
36,133,-0.17472894,-0.6299689,-10.20348,133
36,134,-0.17130622,-0.629969,-10.203478,134
36,135,-0.16799012,-0.6299692,-10.203478,135
36,136,-0.16593291,-0.6299695,-10.203478,136
36,137,-0.16385977,-0.6299696,-10.203481,137
36,138,-0.16054097,-0.62996984,-10.203481,138
36,139,-0.16063072,-0.62997,-10.203481,139
36,140,-0.16081394,-0.6299701,-10.203483,140
36,141,-0.16086158,-0.62997013,-10.203483,141
36,142,-0.16797127,-0.62997,-10.203485,142
36,143,-0.17113286,-0.62996966,-10.203485,143
36,144,-0.17373312,-0.6299695,-10.203483,144
36,145,-0.1760452,-0.6299692,-10.203482,145
36,146,-0.17772403,-0.6299689,-10.203482,146
36,147,-0.17934322,-0.6299688,-10.203482,147
36,148,-0.17940651,-0.6299687,-10.203483,148
36,149,-0.17762907,-0.6299686,-10.203483,149
36,150,-0.17454067,-0.62996864,-10.203483,150
36,151,-0.1715634,-0.6299688,-10.2034855,151
36,152,-0.16909704,-0.62996894,-10.203487,152
36,153,-0.16730614,-0.62996924,-10.203489,153
36,154,-0.16587615,-0.6299693,-10.203491,154
36,155,-0.16493602,-0.6299694,-10.203493,155
36,156,-0.16273382,-0.6299695,-10.203491,156
36,157,-0.16179544,-0.62996966,-10.20349,157
36,158,-0.16124684,-0.6299697,-10.203487,158
36,159,-0.16075373,-0.62996995,-10.203486,159
36,160,-0.15911748,-0.62997,-10.203485,160
36,161,-0.16072921,-0.6299701,-10.203483,161
36,162,-0.16260397,-0.62997,-10.203482,162
36,163,-0.16086347,-0.6299699,-10.203477,163
36,164,-0.16074748,-0.62997,-10.203475,164
36,165,-0.17030163,-0.62996984,-10.203475,165
36,166,-0.17572969,-0.6299693,-10.203473,166
36,167,-0.18051086,-0.6299689,-10.203472,167
36,168,-0.18111642,-0.6299685,-10.203468,168
36,169,-0.18114474,-0.6299683,-10.203467,169
36,170,-0.18123771,-0.62996805,-10.203465,170
36,171,-0.177955,-0.629968,-10.203463,171
36,172,-0.17646186,-0.62996817,-10.203463,172
36,173,-0.17475109,-0.62996817,-10.203462,173
36,174,-0.1703204,-0.62996835,-10.203461,174
36,175,-0.16964297,-0.6299686,-10.203459,175
36,176,-0.16916712,-0.6299687,-10.203462,176
36,177,-0.16863574,-0.6299688,-10.203462,177
36,178,-0.16984437,-0.6299689,-10.203465,178
36,179,-0.17001338,-0.6299689,-10.203467,179
36,180,-0.17002903,-0.6299689,-10.203468,180
36,181,-0.17034179,-0.6299688,-10.203471,181
36,182,-0.17113525,-0.6299687,-10.203473,182
36,183,-0.17627256,-0.6299685,-10.203476,183
36,184,-0.17790121,-0.6299683,-10.203476,184
36,185,-0.17863385,-0.6299681,-10.203476,185
36,186,-0.17904706,-0.629968,-10.203477,186
36,187,-0.17934938,-0.62996787,-10.203477,187
36,188,-0.1800546,-0.6299678,-10.203478,188
36,189,-0.18040158,-0.62996775,-10.203478,189
36,190,-0.18142353,-0.6299676,-10.203476,190
36,191,-0.18280867,-0.6299674,-10.203475,191
36,192,-0.18406734,-0.6299674,-10.203472,192
36,193,-0.18468505,-0.6299674,-10.203471,193
36,194,-0.18539995,-0.6299673,-10.203471,194
36,195,-0.18617351,-0.62996715,-10.203468,195
36,196,-0.18443513,-0.62996715,-10.203467,196
36,197,-0.18379205,-0.6299672,-10.203465,197
36,198,-0.18333185,-0.6299674,-10.203464,198
36,199,-0.18228568,-0.6299674,-10.203464,199
37,0,0.013647758,-0.07312006,-1.4569257,0
37,1,0.009074632,-0.13926448,-2.565507,1
37,2,0.0027903055,-0.21776819,-3.8424494,2
37,3,-0.005251229,-0.30878976,-5.332402,3
37,4,-0.0137070995,-0.4023312,-6.8148556,4
37,5,-0.021671938,-0.48530757,-8.08123,5
37,6,-0.028082324,-0.5484344,-9.021614,6
37,7,-0.03281676,-0.58829844,-9.6001,7
37,8,-0.03651596,-0.61026675,-9.915887,8
37,9,-0.039466,-0.6211087,-10.072341,9
37,10,-0.04411214,-0.62601435,-10.143563,10
37,11,-0.04721816,-0.6281905,-10.176092,11
37,12,-0.048283245,-0.6291443,-10.190595,12
37,13,-0.046798907,-0.62956923,-10.197171,13
37,14,-0.049223058,-0.6297601,-10.200131,14
37,15,-0.055415865,-0.6298504,-10.201548,15
37,16,-0.06479793,-0.62989587,-10.20227,16
37,17,-0.0703151,-0.6299214,-10.2026825,17
37,18,-0.0722307,-0.6299369,-10.202936,18
37,19,-0.07151801,-0.629947,-10.203105,19
37,20,-0.07483749,-0.62995344,-10.203209,20
37,21,-0.07897252,-0.62995744,-10.2032795,21
37,22,-0.08372958,-0.6299602,-10.203326,22
37,23,-0.08773424,-0.6299622,-10.2033615,23
37,24,-0.0908311,-0.62996364,-10.203385,24
37,25,-0.09609642,-0.62996453,-10.203398,25
37,26,-0.09987518,-0.62996525,-10.20341,26
37,27,-0.103162356,-0.6299657,-10.203417,27
37,28,-0.10743988,-0.6299661,-10.2034235,28
37,29,-0.110321835,-0.62996626,-10.203424,29
37,30,-0.11084047,-0.62996656,-10.203428,30
37,31,-0.11022971,-0.62996686,-10.20343,31
37,32,-0.109380655,-0.62996715,-10.203433,32
37,33,-0.10879905,-0.6299674,-10.203435,33
37,34,-0.105797745,-0.62996763,-10.20344,34
37,35,-0.102350816,-0.629968,-10.203446,35
37,36,-0.09998129,-0.6299683,-10.203449,36
37,37,-0.09791562,-0.6299687,-10.203457,37
37,38,-0.094880395,-0.6299691,-10.203463,38
37,39,-0.09433575,-0.6299693,-10.203465,39
37,40,-0.09465748,-0.62996936,-10.203468,40
37,41,-0.09498543,-0.6299696,-10.203471,41
37,42,-0.10076881,-0.6299693,-10.203466,42
37,43,-0.105103664,-0.62996906,-10.203464,43
37,44,-0.10821548,-0.6299688,-10.203463,44
37,45,-0.11084397,-0.6299686,-10.203458,45
37,46,-0.11277024,-0.62996835,-10.203454,46
37,47,-0.11427162,-0.6299681,-10.203451,47
37,48,-0.11432629,-0.6299678,-10.203448,48
37,49,-0.11245346,-0.6299677,-10.203447,49
37,50,-0.10897076,-0.62996763,-10.203448,50
37,51,-0.10531144,-0.6299678,-10.203451,51
37,52,-0.10230916,-0.62996787,-10.203453,52
37,53,-0.100146376,-0.62996787,-10.203457,53
37,54,-0.09858502,-0.6299679,-10.203461,54
37,55,-0.09750364,-0.62996817,-10.203463,55
37,56,-0.09636503,-0.6299684,-10.203465,56
37,57,-0.09526777,-0.6299686,-10.203466,57
37,58,-0.09480305,-0.6299688,-10.20347,58
37,59,-0.09455842,-0.62996906,-10.20347,59
37,60,-0.09325736,-0.6299693,-10.203471,60
37,61,-0.094238,-0.6299695,-10.203471,61
37,62,-0.09637038,-0.6299695,-10.20347,62
37,63,-0.09565608,-0.6299697,-10.203468,63
37,64,-0.09528966,-0.6299699,-10.20347,64
37,65,-0.10217577,-0.6299695,-10.203462,65
37,66,-0.107694544,-0.6299689,-10.203453,66
37,67,-0.11254012,-0.6299684,-10.203446,67
37,68,-0.11418554,-0.629968,-10.203442,68
37,69,-0.11429694,-0.62996775,-10.203435,69
37,70,-0.114074,-0.6299676,-10.20343,70
37,71,-0.11134273,-0.6299675,-10.203429,71
37,72,-0.10899756,-0.62996745,-10.203428,72
37,73,-0.106867686,-0.62996745,-10.203428,73
37,74,-0.102843344,-0.62996775,-10.203432,74
37,75,-0.10042624,-0.6299678,-10.203434,75
37,76,-0.09930549,-0.6299679,-10.203437,76
37,77,-0.0985262,-0.629968,-10.203437,77
37,78,-0.09853588,-0.6299678,-10.203438,78
37,79,-0.098791145,-0.6299678,-10.203439,79
37,80,-0.098826036,-0.6299676,-10.20344,80
37,81,-0.098972514,-0.6299676,-10.20344,81
37,82,-0.099776484,-0.6299673,-10.20344,82
37,83,-0.10447167,-0.62996686,-10.203435,83
37,84,-0.10700065,-0.6299665,-10.20343,84
37,85,-0.10798902,-0.62996614,-10.203427,85
37,86,-0.10844752,-0.62996584,-10.203424,86
37,87,-0.108628504,-0.62996554,-10.203423,87
37,88,-0.10918689,-0.62996525,-10.203417,88
37,89,-0.10932749,-0.62996495,-10.203416,89
37,90,-0.110862456,-0.6299648,-10.203412,90
37,91,-0.11231075,-0.62996465,-10.203409,91
37,92,-0.1133352,-0.62996435,-10.203405,92
37,93,-0.113627516,-0.62996423,-10.203402,93
37,94,-0.11393803,-0.6299642,-10.2034,94
37,95,-0.11446899,-0.62996405,-10.203397,95
37,96,-0.11337687,-0.6299641,-10.203398,96
37,97,-0.11236513,-0.62996423,-10.203398,97
37,98,-0.11169867,-0.6299644,-10.203398,98
37,99,-0.11067353,-0.6299645,-10.203401,99
37,100,-0.10988055,-0.6299647,-10.203401,100
37,101,-0.10788792,-0.62996495,-10.203404,101
37,102,-0.10663971,-0.62996525,-10.203407,102
37,103,-0.102503516,-0.62996566,-10.203415,103
37,104,-0.09947237,-0.6299661,-10.203419,104
37,105,-0.097120814,-0.62996644,-10.203424,105
37,106,-0.0948036,-0.62996686,-10.20343,106
37,107,-0.093362406,-0.6299673,-10.203434,107
37,108,-0.0926399,-0.6299674,-10.203439,108
37,109,-0.09195692,-0.6299678,-10.203443,109
37,110,-0.09330646,-0.6299681,-10.2034445,110
37,111,-0.09475171,-0.6299681,-10.2034445,111
37,112,-0.096214764,-0.6299683,-10.203446,112
37,113,-0.09726814,-0.6299683,-10.203446,113
37,114,-0.09880359,-0.62996805,-10.203446,114
37,115,-0.10167841,-0.62996787,-10.203443,115
37,116,-0.10341962,-0.62996763,-10.20344,116
37,117,-0.10439503,-0.62996745,-10.20344,117
37,118,-0.10516882,-0.62996715,-10.203438,118
37,119,-0.10566431,-0.62996703,-10.203435,119
37,120,-0.105948634,-0.6299668,-10.203434,120
37,121,-0.106369436,-0.6299667,-10.203433,121
37,122,-0.10658193,-0.62996644,-10.20343,122
37,123,-0.10818025,-0.6299663,-10.203427,123
37,124,-0.10915344,-0.6299661,-10.203424,124
37,125,-0.11023063,-0.62996596,-10.203421,125
37,126,-0.11206558,-0.62996584,-10.203417,126
37,127,-0.11395877,-0.6299656,-10.203414,127
37,128,-0.115489066,-0.62996536,-10.203409,128
37,129,-0.11597286,-0.6299651,-10.203405,129
37,130,-0.11580977,-0.62996495,-10.203402,130
37,131,-0.11539926,-0.629965,-10.203401,131
37,132,-0.11381188,-0.629965,-10.203401,132
37,133,-0.1126369,-0.62996495,-10.2034,133
37,134,-0.111789286,-0.62996507,-10.203401,134
37,135,-0.108405195,-0.62996507,-10.203402,135
37,136,-0.10605816,-0.6299651,-10.203405,136
37,137,-0.10400916,-0.6299651,-10.203407,137
37,138,-0.10174074,-0.62996525,-10.203412,138
37,139,-0.10009059,-0.6299654,-10.203415,139
37,140,-0.09875886,-0.62996554,-10.203419,140
37,141,-0.097861044,-0.62996566,-10.203423,141
37,142,-0.097063266,-0.62996596,-10.203425,142
37,143,-0.096214816,-0.62996626,-10.203428,143
37,144,-0.09601779,-0.6299665,-10.203429,144
37,145,-0.09598128,-0.6299669,-10.203432,145
37,146,-0.09338204,-0.62996715,-10.203435,146
37,147,-0.09255033,-0.62996715,-10.203438,147
37,148,-0.09381295,-0.6299672,-10.203439,148
37,149,-0.09456749,-0.6299673,-10.20344,149
37,150,-0.09505188,-0.62996733,-10.20344,150
37,151,-0.098004825,-0.62996733,-10.203438,151
37,152,-0.09979255,-0.6299674,-10.203437,152
37,153,-0.10144127,-0.6299673,-10.203434,153
37,154,-0.10339402,-0.6299673,-10.20343,154
37,155,-0.104832485,-0.6299673,-10.203428,155
37,156,-0.10592329,-0.6299671,-10.203424,156
37,157,-0.106651574,-0.629967,-10.2034235,157
37,158,-0.10713569,-0.62996686,-10.20342,158
37,159,-0.10680349,-0.62996656,-10.203419,159
37,160,-0.10679307,-0.62996644,-10.203419,160
37,161,-0.1063584,-0.62996614,-10.203416,161
37,162,-0.10565874,-0.6299659,-10.203417,162
37,163,-0.1055494,-0.62996584,-10.203415,163
37,164,-0.10496417,-0.62996566,-10.203415,164
37,165,-0.10404407,-0.6299656,-10.203416,165
37,166,-0.1032233,-0.6299654,-10.203415,166
37,167,-0.10169847,-0.6299654,-10.203416,167
37,168,-0.09974334,-0.6299656,-10.20342,168
37,169,-0.098469645,-0.62996566,-10.20342,169
37,170,-0.097265884,-0.6299658,-10.203423,170
37,171,-0.096148886,-0.6299659,-10.203424,171
37,172,-0.094859,-0.62996614,-10.203427,172
37,173,-0.091527626,-0.6299664,-10.203433,173
37,174,-0.09044111,-0.62996656,-10.203435,174
37,175,-0.09296408,-0.6299667,-10.203437,175
37,176,-0.09536017,-0.62996656,-10.203435,176
37,177,-0.09708179,-0.62996656,-10.203434,177
37,178,-0.10121853,-0.6299663,-10.203432,178
37,179,-0.104183465,-0.6299661,-10.203427,179
37,180,-0.10681821,-0.62996584,-10.203424,180
37,181,-0.109271355,-0.6299654,-10.203419,181
37,182,-0.111786105,-0.6299652,-10.203415,182
37,183,-0.11314935,-0.62996507,-10.20341,183
37,184,-0.11313726,-0.62996477,-10.203406,184
37,185,-0.11263531,-0.62996465,-10.203404,185
37,186,-0.11218564,-0.62996465,-10.203401,186
37,187,-0.10960228,-0.62996465,-10.203402,187
37,188,-0.105794206,-0.62996495,-10.203404,188
37,189,-0.10298097,-0.62996536,-10.203406,189
37,190,-0.10101632,-0.6299656,-10.203409,190
37,191,-0.097788036,-0.62996614,-10.203414,191
37,192,-0.095838964,-0.62996656,-10.203419,192
37,193,-0.095789954,-0.6299668,-10.203421,193
37,194,-0.09924972,-0.6299669,-10.20342,194
37,195,-0.10181288,-0.6299669,-10.203419,195
37,196,-0.103496805,-0.62996686,-10.203417,196
37,197,-0.10470419,-0.6299668,-10.203417,197
37,198,-0.105515145,-0.6299668,-10.203416,198
37,199,-0.10583378,-0.6299665,-10.203417,199
38,0,-0.006548619,-0.10479677,-1.555698,0
38,1,-0.03772009,-0.22469188,-3.0150337,1
38,2,-0.071754865,-0.35574198,-4.7978706,2
38,3,-0.10327075,-0.4721551,-6.7080154,3
38,4,-0.13107859,-0.5527647,-8.270679,4
38,5,-0.15260442,-0.5972071,-9.279782,5
38,6,-0.16555625,-0.61750585,-9.812851,6
38,7,-0.17587927,-0.62543905,-10.046891,7
38,8,-0.18203957,-0.6282997,-10.141262,8
38,9,-0.1856154,-0.6293131,-10.177896,9
38,10,-0.19078736,-0.62968403,-10.192102,10
38,11,-0.18849802,-0.6298346,-10.198105,11
38,12,-0.18421338,-0.6299017,-10.200773,12
38,13,-0.17628568,-0.62993485,-10.202055,13
38,14,-0.17468692,-0.62995195,-10.202687,14
38,15,-0.17511068,-0.62996167,-10.203023,15
38,16,-0.17826852,-0.62996745,-10.203211,16
38,17,-0.17604351,-0.6299712,-10.203331,17
38,18,-0.17179774,-0.62997395,-10.203414,18
38,19,-0.16594128,-0.6299759,-10.203473,19
38,20,-0.16621411,-0.6299773,-10.203512,20
38,21,-0.16719335,-0.62997824,-10.203537,21
38,22,-0.16854453,-0.62997895,-10.203556,22
38,23,-0.16979194,-0.62997943,-10.203571,23
38,24,-0.17072286,-0.6299798,-10.203581,24
38,25,-0.17374223,-0.6299801,-10.203588,25
38,26,-0.17582744,-0.6299801,-10.203594,26
38,27,-0.17778055,-0.62998027,-10.203597,27
38,28,-0.18063572,-0.62998027,-10.203598,28
38,29,-0.18227749,-0.6299804,-10.203598,29
38,30,-0.18170331,-0.6299804,-10.203602,30
38,31,-0.18059033,-0.62998044,-10.203604,31
38,32,-0.17936683,-0.62998056,-10.203604,32
38,33,-0.17851545,-0.62998056,-10.203607,33
38,34,-0.17519602,-0.62998074,-10.2036085,34
38,35,-0.17189436,-0.62998086,-10.203612,35
38,36,-0.16984734,-0.629981,-10.203616,36
38,37,-0.16796869,-0.62998116,-10.203617,37
38,38,-0.16505402,-0.6299813,-10.203619,38
38,39,-0.1653306,-0.6299813,-10.203622,39
38,40,-0.1658484,-0.62998146,-10.203623,40
38,41,-0.16631086,-0.6299815,-10.203623,41
38,42,-0.17325328,-0.62998146,-10.203621,42
38,43,-0.17661297,-0.6299814,-10.203618,43
38,44,-0.17926757,-0.6299812,-10.203616,44
38,45,-0.18141206,-0.6299811,-10.203611,45
38,46,-0.18281929,-0.629981,-10.203609,46
38,47,-0.18405811,-0.6299808,-10.203608,47
38,48,-0.1838122,-0.62998074,-10.203608,48
38,49,-0.18180849,-0.62998074,-10.203608,49
38,50,-0.17854586,-0.6299807,-10.203609,50
38,51,-0.17534241,-0.6299807,-10.203613,51
38,52,-0.17270422,-0.62998086,-10.203614,52
38,53,-0.17089234,-0.629981,-10.203617,53
38,54,-0.16958664,-0.6299811,-10.203619,54
38,55,-0.16887328,-0.62998116,-10.203623,55
38,56,-0.1668694,-0.62998116,-10.203626,56
38,57,-0.16650797,-0.6299813,-10.203627,57
38,58,-0.16632971,-0.6299814,-10.203628,58
38,59,-0.1661768,-0.62998146,-10.203628,59
38,60,-0.16495545,-0.62998146,-10.203628,60
38,61,-0.16669585,-0.62998146,-10.203627,61
38,62,-0.1687244,-0.6299814,-10.203623,62
38,63,-0.1674643,-0.62998146,-10.203622,63
38,64,-0.16761261,-0.62998146,-10.203621,64
38,65,-0.17678353,-0.6299812,-10.203612,65
38,66,-0.18204263,-0.62998116,-10.203605,66
38,67,-0.18634719,-0.6299808,-10.203599,67
38,68,-0.18680313,-0.62998056,-10.203595,68
38,69,-0.1865273,-0.62998044,-10.20359,69
38,70,-0.18618838,-0.62998027,-10.20359,70
38,71,-0.18273148,-0.6299802,-10.203589,71
38,72,-0.18096036,-0.6299802,-10.20359,72
38,73,-0.17905927,-0.62998015,-10.20359,73
38,74,-0.17470166,-0.6299804,-10.20359,74
38,75,-0.17406146,-0.62998044,-10.203592,75
38,76,-0.17349905,-0.6299805,-10.203593,76
38,77,-0.1730962,-0.62998056,-10.20359,77
38,78,-0.17450579,-0.62998044,-10.20359,78
38,79,-0.17472619,-0.62998056,-10.20359,79
38,80,-0.17494988,-0.62998044,-10.20359,80
38,81,-0.17541909,-0.62998044,-10.20359,81
38,82,-0.17622583,-0.6299804,-10.203589,82
38,83,-0.18092826,-0.62998015,-10.2035885,83
38,84,-0.18269733,-0.62998,-10.203586,84
38,85,-0.18333386,-0.62997997,-10.203585,85
38,86,-0.18346646,-0.62997985,-10.203586,86
38,87,-0.18347159,-0.6299798,-10.203585,87
38,88,-0.18383498,-0.62997967,-10.203584,88
38,89,-0.18396905,-0.6299796,-10.203586,89
38,90,-0.18460546,-0.62997955,-10.203585,90
38,91,-0.18596083,-0.62997943,-10.203585,91
38,92,-0.18716861,-0.6299794,-10.203584,92
38,93,-0.18762784,-0.6299794,-10.203583,93
38,94,-0.18802732,-0.6299792,-10.203581,94
38,95,-0.18842041,-0.6299792,-10.20358,95
38,96,-0.18660632,-0.62997913,-10.203581,96
38,97,-0.1858154,-0.62997925,-10.203583,97
38,98,-0.18517199,-0.62997925,-10.203584,98
38,99,-0.18405177,-0.62997925,-10.203584,99
38,100,-0.1833195,-0.6299794,-10.203584,100
38,101,-0.18104987,-0.62997955,-10.203585,101
38,102,-0.18012048,-0.62997955,-10.203586,102
38,103,-0.1756376,-0.6299798,-10.20359,103
38,104,-0.17328729,-0.62997997,-10.203592,104
38,105,-0.17122075,-0.62998,-10.203595,105
38,106,-0.16918607,-0.6299802,-10.203597,106
38,107,-0.16818503,-0.6299804,-10.203598,107
38,108,-0.16803148,-0.6299804,-10.2036,108
38,109,-0.16678968,-0.62998044,-10.2036,109
38,110,-0.16814943,-0.62998056,-10.203603,110
38,111,-0.17054455,-0.6299806,-10.203599,111
38,112,-0.17208414,-0.6299807,-10.203598,112
38,113,-0.17305437,-0.6299807,-10.203598,113
38,114,-0.17588551,-0.6299807,-10.203593,114
38,115,-0.17838278,-0.62998056,-10.203592,115
38,116,-0.17943104,-0.6299804,-10.203589,116
38,117,-0.17995435,-0.6299804,-10.2035885,117
38,118,-0.18048516,-0.62998027,-10.2035885,118
38,119,-0.18067743,-0.6299802,-10.203589,119
38,120,-0.18069515,-0.62998015,-10.203589,120
38,121,-0.18086007,-0.62998,-10.2035885,121
38,122,-0.18098992,-0.6299801,-10.20359,122
38,123,-0.18211272,-0.62997997,-10.203589,123
38,124,-0.18310292,-0.6299799,-10.2035885,124
38,125,-0.18413286,-0.62997985,-10.203588,125
38,126,-0.18565659,-0.6299797,-10.203586,126
38,127,-0.18802783,-0.62997967,-10.203585,127
38,128,-0.18921083,-0.6299795,-10.203581,128
38,129,-0.1894048,-0.6299795,-10.20358,129
38,130,-0.18896955,-0.6299794,-10.203579,130
38,131,-0.18774147,-0.62997925,-10.203578,131
38,132,-0.18669526,-0.62997925,-10.203579,132
38,133,-0.18576318,-0.62997925,-10.203576,133
38,134,-0.1850499,-0.62997925,-10.203576,134
38,135,-0.1826181,-0.62997943,-10.203578,135
38,136,-0.18060543,-0.6299795,-10.203579,136
38,137,-0.17887919,-0.6299795,-10.203583,137
38,138,-0.17716518,-0.62997967,-10.203584,138
38,139,-0.17549033,-0.6299797,-10.203586,139
38,140,-0.17444238,-0.6299798,-10.203589,140
38,141,-0.17390195,-0.6299799,-10.20359,141
38,142,-0.17213748,-0.62997997,-10.203593,142
38,143,-0.17199442,-0.6299801,-10.203594,143
38,144,-0.17207505,-0.62998015,-10.203595,144
38,145,-0.17165156,-0.6299801,-10.203597,145
38,146,-0.17012453,-0.6299803,-10.203597,146
38,147,-0.17091896,-0.62998044,-10.203594,147
38,148,-0.17134222,-0.62998044,-10.203595,148
38,149,-0.17176622,-0.6299804,-10.203595,149
38,150,-0.17215455,-0.6299804,-10.203595,150
38,151,-0.17441009,-0.62998027,-10.203593,151
38,152,-0.17623588,-0.62998027,-10.203592,152
38,153,-0.177917,-0.62998015,-10.203589,153
38,154,-0.17969659,-0.6299801,-10.203585,154
38,155,-0.18128113,-0.62998,-10.203584,155
38,156,-0.18228135,-0.62997997,-10.203581,156
38,157,-0.182885,-0.62997985,-10.203578,157
38,158,-0.1831579,-0.6299798,-10.203575,158
38,159,-0.1839573,-0.6299798,-10.203573,159
38,160,-0.18348114,-0.6299798,-10.203571,160
38,161,-0.18284217,-0.62997967,-10.203571,161
38,162,-0.18228866,-0.6299798,-10.20357,162
38,163,-0.18178901,-0.62997955,-10.203574,163
38,164,-0.18115352,-0.62997955,-10.203575,164
38,165,-0.18026273,-0.6299796,-10.203576,165
38,166,-0.17968038,-0.6299796,-10.203579,166
38,167,-0.17804557,-0.62997967,-10.203581,167
38,168,-0.17660026,-0.6299797,-10.203583,168
38,169,-0.17567348,-0.6299798,-10.203586,169
38,170,-0.17470682,-0.6299798,-10.2035885,170
38,171,-0.17378214,-0.62998,-10.2035885,171
38,172,-0.17239283,-0.62998,-10.203589,172
38,173,-0.16911498,-0.6299802,-10.203593,173
38,174,-0.16866475,-0.62998027,-10.203595,174
38,175,-0.17114198,-0.6299802,-10.203597,175
38,176,-0.17312638,-0.6299802,-10.203595,176
38,177,-0.17456952,-0.62998015,-10.203593,177
38,178,-0.17855646,-0.62998,-10.20359,178
38,179,-0.18089806,-0.62997985,-10.20359,179
38,180,-0.18318947,-0.62997985,-10.203588,180
38,181,-0.18525411,-0.62997967,-10.203583,181
38,182,-0.1871984,-0.6299795,-10.203581,182
38,183,-0.1881001,-0.62997943,-10.203579,183
38,184,-0.18794815,-0.62997925,-10.203578,184
38,185,-0.18745774,-0.62997925,-10.203576,185
38,186,-0.18707313,-0.6299792,-10.203575,186
38,187,-0.18430702,-0.62997925,-10.203576,187
38,188,-0.18015824,-0.62997943,-10.203578,188
38,189,-0.17807545,-0.6299795,-10.203581,189
38,190,-0.17645082,-0.62997955,-10.203583,190
38,191,-0.1726645,-0.62997985,-10.203585,191
38,192,-0.17144604,-0.6299799,-10.203585,192
38,193,-0.17219083,-0.62997997,-10.203586,193
38,194,-0.1763803,-0.62997997,-10.203583,194
38,195,-0.17857659,-0.6299799,-10.203579,195
38,196,-0.18025434,-0.6299799,-10.203576,196
38,197,-0.18128797,-0.6299798,-10.203574,197
38,198,-0.18183804,-0.6299798,-10.203573,198
38,199,-0.18335424,-0.62997967,-10.203569,199
39,0,0.012645117,-0.13375656,-2.9558482,0
39,1,0.0070988676,-0.30319148,-6.0051455,1
39,2,-0.001012148,-0.4668066,-8.345444,2
39,3,-0.007021027,-0.56899655,-9.551591,3
39,4,-0.012616823,-0.6115063,-10.007452,4
39,5,-0.017414173,-0.6248814,-10.14825,5
39,6,-0.020699373,-0.62853307,-10.187559,6
39,7,-0.028603964,-0.62950647,-10.198419,7
39,8,-0.039257612,-0.6297921,-10.201674,8
39,9,-0.051147126,-0.62988997,-10.202792,9
39,10,-0.065530695,-0.62992907,-10.203233,10
39,11,-0.07467579,-0.6299476,-10.203439,11
39,12,-0.08060646,-0.6299574,-10.203546,12
39,13,-0.082839906,-0.6299631,-10.203607,13
39,14,-0.087952785,-0.6299668,-10.203644,14
39,15,-0.09432649,-0.6299689,-10.203666,15
39,16,-0.10169432,-0.6299703,-10.203682,16
39,17,-0.10454818,-0.62997144,-10.203692,17
39,18,-0.103930324,-0.62997216,-10.203699,18
39,19,-0.10105922,-0.6299729,-10.203707,19
39,20,-0.10168345,-0.62997335,-10.2037115,20
39,21,-0.10322143,-0.62997365,-10.203715,21
39,22,-0.10548445,-0.62997395,-10.20372,22
39,23,-0.10734304,-0.62997407,-10.203722,23
39,24,-0.10862919,-0.62997437,-10.203724,24
39,25,-0.11164843,-0.62997437,-10.203727,25
39,26,-0.11363636,-0.62997437,-10.203725,26
39,27,-0.11531553,-0.6299744,-10.203727,27
39,28,-0.117867194,-0.6299743,-10.203726,28
39,29,-0.11940902,-0.6299743,-10.203729,29
39,30,-0.11917836,-0.62997437,-10.203726,30
39,31,-0.11814338,-0.6299744,-10.203729,31
39,32,-0.117086574,-0.6299745,-10.20373,32
39,33,-0.116399184,-0.62997454,-10.203729,33
39,34,-0.11389605,-0.6299746,-10.203731,34
39,35,-0.11121704,-0.6299748,-10.203729,35
39,36,-0.109474406,-0.6299749,-10.20373,36
39,37,-0.10801303,-0.62997496,-10.203731,37
39,38,-0.10578543,-0.6299752,-10.203729,38
39,39,-0.10556081,-0.6299752,-10.20373,39
39,40,-0.10598301,-0.6299753,-10.20373,40
39,41,-0.10637579,-0.6299753,-10.203729,41
39,42,-0.11110401,-0.6299752,-10.203727,42
39,43,-0.11455301,-0.6299751,-10.203727,43
39,44,-0.116947964,-0.62997484,-10.203726,44
39,45,-0.11886655,-0.6299747,-10.203726,45
39,46,-0.120219655,-0.62997466,-10.203726,46
39,47,-0.12125924,-0.62997466,-10.203727,47
39,48,-0.12123722,-0.6299746,-10.203726,48
39,49,-0.11983314,-0.6299745,-10.203727,49
39,50,-0.11731396,-0.6299745,-10.203727,50
39,51,-0.11480303,-0.6299745,-10.203727,51
39,52,-0.1128634,-0.6299746,-10.203729,52
39,53,-0.11153864,-0.62997466,-10.20373,53
39,54,-0.11058787,-0.6299748,-10.20373,54
39,55,-0.109920874,-0.6299748,-10.203732,55
39,56,-0.10899247,-0.6299749,-10.203731,56
39,57,-0.108048536,-0.62997496,-10.203731,57
39,58,-0.10749374,-0.62997496,-10.20373,58
39,59,-0.10713066,-0.62997496,-10.203729,59
39,60,-0.10592984,-0.6299751,-10.203729,60
39,61,-0.106663264,-0.6299752,-10.203729,61
39,62,-0.108415,-0.6299752,-10.203727,62
39,63,-0.107848026,-0.62997514,-10.203726,63
39,64,-0.10763012,-0.6299752,-10.203724,64
39,65,-0.11350623,-0.62997496,-10.203724,65
39,66,-0.11810986,-0.6299748,-10.203721,66
39,67,-0.12233172,-0.6299746,-10.20372,67
39,68,-0.12381946,-0.6299745,-10.203721,68
39,69,-0.12397572,-0.6299742,-10.203719,69
39,70,-0.12385999,-0.629974,-10.203717,70
39,71,-0.12180566,-0.629974,-10.203719,71
39,72,-0.120100826,-0.6299742,-10.203719,72
39,73,-0.118621774,-0.62997407,-10.203717,73
39,74,-0.115687765,-0.6299742,-10.203717,74
39,75,-0.11396378,-0.6299743,-10.203719,75
39,76,-0.11343351,-0.6299744,-10.203717,76
39,77,-0.11326952,-0.62997437,-10.203716,77
39,78,-0.11356167,-0.6299745,-10.203717,78
39,79,-0.11414882,-0.62997437,-10.203716,79
39,80,-0.11453608,-0.6299744,-10.203716,80
39,81,-0.11491751,-0.6299744,-10.203717,81
39,82,-0.115824595,-0.6299743,-10.203717,82
39,83,-0.11980967,-0.6299742,-10.203717,83
39,84,-0.12197196,-0.62997407,-10.203717,84
39,85,-0.12282096,-0.62997395,-10.203716,85
39,86,-0.12323323,-0.6299738,-10.203716,86
39,87,-0.12343297,-0.6299737,-10.203717,87
39,88,-0.12393235,-0.6299736,-10.203719,88
39,89,-0.124097444,-0.6299735,-10.20372,89
39,90,-0.12532659,-0.6299735,-10.20372,90
39,91,-0.12627031,-0.6299734,-10.20372,91
39,92,-0.12673506,-0.6299734,-10.20372,92
39,93,-0.1266277,-0.6299734,-10.20372,93
39,94,-0.12661488,-0.6299733,-10.20372,94
39,95,-0.12684569,-0.6299733,-10.20372,95
39,96,-0.12586418,-0.62997353,-10.20372,96
39,97,-0.12480463,-0.6299735,-10.203721,97
39,98,-0.12407314,-0.62997353,-10.203721,98
39,99,-0.12312516,-0.6299736,-10.203721,99
39,100,-0.122388825,-0.62997365,-10.203721,100
39,101,-0.12070901,-0.6299737,-10.203721,101
39,102,-0.119608,-0.6299739,-10.203721,102
39,103,-0.11617856,-0.62997395,-10.20372,103
39,104,-0.11385301,-0.62997407,-10.203721,104
39,105,-0.11209149,-0.62997425,-10.203721,105
39,106,-0.11038672,-0.6299744,-10.203721,106
39,107,-0.10940652,-0.6299745,-10.203721,107
39,108,-0.10897452,-0.6299746,-10.20372,108
39,109,-0.10858775,-0.6299746,-10.20372,109
39,110,-0.10993485,-0.62997466,-10.203717,110
39,111,-0.1111109,-0.6299747,-10.203719,111
39,112,-0.11228402,-0.6299746,-10.203719,112
39,113,-0.11317886,-0.6299746,-10.203717,113
39,114,-0.11424266,-0.6299746,-10.203716,114
39,115,-0.116564654,-0.62997437,-10.203716,115
39,116,-0.11805037,-0.6299743,-10.203716,116
39,117,-0.11886308,-0.6299743,-10.203715,117
39,118,-0.11947981,-0.62997425,-10.203717,118
39,119,-0.119891405,-0.62997407,-10.203717,119
39,120,-0.12015689,-0.62997407,-10.203717,120
39,121,-0.12053255,-0.62997395,-10.203719,121
39,122,-0.12070391,-0.6299739,-10.203719,122
39,123,-0.12200469,-0.6299739,-10.203719,123
39,124,-0.1226715,-0.62997377,-10.203719,124
39,125,-0.12338787,-0.62997377,-10.203719,125
39,126,-0.12480201,-0.62997365,-10.20372,126
39,127,-0.12604843,-0.62997365,-10.203717,127
39,128,-0.12715545,-0.6299736,-10.203719,128
39,129,-0.12744473,-0.6299735,-10.203719,129
39,130,-0.12725952,-0.62997335,-10.20372,130
39,131,-0.12711778,-0.6299735,-10.203717,131
39,132,-0.12563361,-0.62997353,-10.203717,132
39,133,-0.12466424,-0.6299735,-10.203717,133
39,134,-0.12410286,-0.6299736,-10.203717,134
39,135,-0.121282764,-0.6299736,-10.203719,135
39,136,-0.11985862,-0.62997377,-10.203719,136
39,137,-0.118757255,-0.6299739,-10.203719,137
39,138,-0.11746689,-0.62997395,-10.203719,138
39,139,-0.11664606,-0.6299739,-10.20372,139
39,140,-0.115922585,-0.62997407,-10.20372,140
39,141,-0.11538847,-0.62997407,-10.20372,141
39,142,-0.11483031,-0.629974,-10.20372,142
39,143,-0.11403368,-0.629974,-10.20372,143
39,144,-0.113651894,-0.6299742,-10.203719,144
39,145,-0.1135152,-0.62997437,-10.203719,145
39,146,-0.111036636,-0.6299744,-10.203717,146
39,147,-0.110188,-0.62997437,-10.203719,147
39,148,-0.111414246,-0.6299745,-10.203716,148
39,149,-0.112262174,-0.62997437,-10.203719,149
39,150,-0.112752385,-0.6299744,-10.203716,150
39,151,-0.11539208,-0.6299743,-10.203715,151
39,152,-0.11692179,-0.6299742,-10.203716,152
39,153,-0.11824517,-0.6299742,-10.203714,153
39,154,-0.119932674,-0.62997407,-10.203715,154
39,155,-0.12105389,-0.629974,-10.203712,155
39,156,-0.1218941,-0.6299739,-10.203712,156
39,157,-0.122473575,-0.6299738,-10.203712,157
39,158,-0.122921124,-0.62997377,-10.203712,158
39,159,-0.122166306,-0.62997377,-10.203712,159
39,160,-0.12226336,-0.62997377,-10.203711,160
39,161,-0.12214045,-0.62997377,-10.203712,161
39,162,-0.12175957,-0.62997365,-10.203714,162
39,163,-0.12200737,-0.6299737,-10.203715,163
39,164,-0.121789545,-0.6299736,-10.203714,164
39,165,-0.1212296,-0.6299736,-10.203715,165
39,166,-0.12069015,-0.62997365,-10.203714,166
39,167,-0.11958155,-0.6299736,-10.203715,167
39,168,-0.118042804,-0.62997377,-10.203715,168
39,169,-0.11703906,-0.62997377,-10.203717,169
39,170,-0.11609713,-0.6299739,-10.203715,170
39,171,-0.1152115,-0.6299739,-10.203717,171
39,172,-0.11417308,-0.62997395,-10.203717,172
39,173,-0.11141189,-0.62997407,-10.203719,173
39,174,-0.110459365,-0.6299742,-10.203716,174
39,175,-0.1124651,-0.6299743,-10.203717,175
39,176,-0.11434709,-0.6299741,-10.203717,176
39,177,-0.11559233,-0.6299742,-10.203717,177
39,178,-0.118732706,-0.62997395,-10.203716,178
39,179,-0.12088903,-0.6299738,-10.203717,179
39,180,-0.12274568,-0.62997377,-10.203715,180
39,181,-0.12446326,-0.6299736,-10.203715,181
39,182,-0.12630402,-0.62997353,-10.203715,182
39,183,-0.1272171,-0.6299734,-10.203715,183
39,184,-0.12697172,-0.62997335,-10.203715,184
39,185,-0.12638678,-0.62997335,-10.203716,185
39,186,-0.1259363,-0.6299735,-10.203715,186
39,187,-0.12380857,-0.6299735,-10.203715,187
39,188,-0.1208806,-0.6299735,-10.203717,188
39,189,-0.11869299,-0.62997365,-10.203719,189
39,190,-0.117229,-0.62997377,-10.203716,190
39,191,-0.11485969,-0.6299738,-10.203716,191
39,192,-0.11350227,-0.629974,-10.203716,192
39,193,-0.11364195,-0.6299742,-10.203715,193
39,194,-0.11683235,-0.629974,-10.203714,194
39,195,-0.119156554,-0.62997395,-10.203714,195
39,196,-0.1206159,-0.62997395,-10.203712,196
39,197,-0.12163048,-0.6299739,-10.203712,197
39,198,-0.122346446,-0.6299738,-10.2037115,198
39,199,-0.12207475,-0.6299738,-10.203712,199
40,0,0.0001718436,-0.08756422,-2.1671748,0
40,1,-0.022121154,-0.20916528,-4.5841103,1
40,2,-0.047362242,-0.36597693,-7.0641303,2
40,3,-0.072529994,-0.5037808,-8.844811,3
40,4,-0.09545778,-0.5833074,-9.722725,4
40,5,-0.113731764,-0.6154753,-10.052615,5
40,6,-0.12456719,-0.62574786,-10.157514,6
40,7,-0.13165681,-0.6286535,-10.188133,7
40,8,-0.13546333,-0.62949264,-10.197574,8
40,9,-0.13789514,-0.6297642,-10.20083,9
40,10,-0.14293021,-0.6298658,-10.202101,10
40,11,-0.14380561,-0.62991107,-10.202704,11
40,12,-0.14336976,-0.6299341,-10.203021,12
40,13,-0.14012234,-0.6299475,-10.203213,13
40,14,-0.1413681,-0.62995553,-10.203322,14
40,15,-0.14473318,-0.62996054,-10.203391,15
40,16,-0.15030424,-0.62996364,-10.20343,16
40,17,-0.15133625,-0.6299657,-10.203462,17
40,18,-0.14937249,-0.6299676,-10.203489,18
40,19,-0.14502798,-0.62996906,-10.203515,19
40,20,-0.14489217,-0.62997025,-10.203531,20
40,21,-0.14566256,-0.62997115,-10.203543,21
40,22,-0.14732112,-0.62997174,-10.203552,22
40,23,-0.1489581,-0.6299722,-10.203557,23
40,24,-0.15028101,-0.6299725,-10.203562,24
40,25,-0.15377745,-0.6299726,-10.203563,25
40,26,-0.15649165,-0.62997276,-10.203562,26
40,27,-0.15906493,-0.6299726,-10.20356,27
40,28,-0.16264376,-0.6299725,-10.203555,28
40,29,-0.16512462,-0.6299723,-10.203548,29
40,30,-0.16556945,-0.62997216,-10.2035475,30
40,31,-0.16510418,-0.62997216,-10.203547,31
40,32,-0.1643203,-0.62997216,-10.203546,32
40,33,-0.16372992,-0.6299721,-10.203544,33
40,34,-0.16085619,-0.6299723,-10.203547,34
40,35,-0.15760785,-0.6299724,-10.203551,35
40,36,-0.15526599,-0.6299727,-10.203556,36
40,37,-0.1531334,-0.62997305,-10.20356,37
40,38,-0.1500745,-0.6299733,-10.203566,38
40,39,-0.14958136,-0.6299736,-10.203568,39
40,40,-0.14973539,-0.62997365,-10.203571,40
40,41,-0.15000951,-0.62997377,-10.203571,41
40,42,-0.15578595,-0.62997365,-10.203568,42
40,43,-0.15962575,-0.62997335,-10.203563,43
40,44,-0.16266376,-0.6299732,-10.203557,44
40,45,-0.16515926,-0.6299728,-10.203553,45
40,46,-0.16692181,-0.6299726,-10.203548,46
40,47,-0.16827452,-0.62997216,-10.203543,47
40,48,-0.16818982,-0.6299719,-10.203541,48
40,49,-0.16632104,-0.6299719,-10.203539,49
40,50,-0.16297525,-0.6299719,-10.203543,50
40,51,-0.15937929,-0.62997204,-10.2035475,51
40,52,-0.15625672,-0.62997216,-10.203552,52
40,53,-0.15391634,-0.62997246,-10.203558,53
40,54,-0.15219349,-0.62997264,-10.203563,54
40,55,-0.15103984,-0.62997293,-10.203568,55
40,56,-0.14977157,-0.62997305,-10.20357,56
40,57,-0.14919558,-0.6299733,-10.203575,57
40,58,-0.14907163,-0.6299735,-10.203578,58
40,59,-0.14917299,-0.62997365,-10.203579,59
40,60,-0.14832406,-0.6299739,-10.203581,60
40,61,-0.14982179,-0.6299739,-10.203579,61
40,62,-0.15220265,-0.6299738,-10.203578,62
40,63,-0.15187892,-0.6299739,-10.203579,63
40,64,-0.15216246,-0.6299738,-10.203576,64
40,65,-0.15992194,-0.6299736,-10.203567,65
40,66,-0.16550796,-0.6299731,-10.203557,66
40,67,-0.1704243,-0.62997246,-10.203547,67
40,68,-0.17204447,-0.6299719,-10.203538,68
40,69,-0.1724141,-0.6299715,-10.203533,69
40,70,-0.17238076,-0.62997115,-10.203527,70
40,71,-0.16973233,-0.62997085,-10.2035265,71
40,72,-0.1678042,-0.6299709,-10.2035265,72
40,73,-0.16582254,-0.6299709,-10.2035265,73
40,74,-0.16184297,-0.6299709,-10.203531,74
40,75,-0.15992048,-0.6299712,-10.203532,75
40,76,-0.15863663,-0.62997144,-10.203536,76
40,77,-0.15770225,-0.6299715,-10.203538,77
40,78,-0.1578293,-0.6299716,-10.203539,78
40,79,-0.1576117,-0.6299717,-10.203541,79
40,80,-0.15733652,-0.62997174,-10.203544,80
40,81,-0.15719819,-0.62997174,-10.203544,81
40,82,-0.1575524,-0.6299717,-10.203544,82
40,83,-0.16170254,-0.62997144,-10.203542,83
40,84,-0.16379791,-0.62997115,-10.203538,84
40,85,-0.16463806,-0.629971,-10.203536,85
40,86,-0.16489075,-0.62997085,-10.203538,86
40,87,-0.16486761,-0.6299707,-10.203536,87
40,88,-0.16515605,-0.6299706,-10.203533,88
40,89,-0.16513048,-0.62997043,-10.203533,89
40,90,-0.16631846,-0.62997025,-10.203531,90
40,91,-0.16802898,-0.62997013,-10.203528,91
40,92,-0.16950785,-0.62997,-10.203523,92
40,93,-0.17022744,-0.62996995,-10.203519,93
40,94,-0.1708002,-0.6299697,-10.203517,94
40,95,-0.17144674,-0.6299697,-10.203513,95
40,96,-0.17041656,-0.62996954,-10.203512,96
40,97,-0.16979809,-0.62996954,-10.20351,97
40,98,-0.16933562,-0.6299696,-10.20351,98
40,99,-0.1684644,-0.62996966,-10.20351,99
40,100,-0.1678655,-0.6299697,-10.20351,100
40,101,-0.16592816,-0.62996984,-10.203513,101
40,102,-0.16490191,-0.6299701,-10.203517,102
40,103,-0.160802,-0.6299703,-10.203523,103
40,104,-0.15801933,-0.6299708,-10.203527,104
40,105,-0.15557863,-0.62997115,-10.203534,105
40,106,-0.15318248,-0.6299715,-10.203541,106
40,107,-0.15168509,-0.62997186,-10.203547,107
40,108,-0.15089945,-0.6299721,-10.20355,108
40,109,-0.14991064,-0.62997234,-10.203556,109
40,110,-0.15143141,-0.6299725,-10.203557,110
40,111,-0.15339735,-0.6299726,-10.203557,111
40,112,-0.15501961,-0.6299726,-10.203556,112
40,113,-0.15617454,-0.6299725,-10.203555,113
40,114,-0.15800874,-0.62997246,-10.203551,114
40,115,-0.16039504,-0.6299723,-10.2035475,115
40,116,-0.16166972,-0.62997204,-10.203546,116
40,117,-0.16233757,-0.62997174,-10.203544,117
40,118,-0.16284962,-0.6299716,-10.203542,118
40,119,-0.16305406,-0.6299715,-10.203541,119
40,120,-0.16308254,-0.6299714,-10.203541,120
40,121,-0.16328938,-0.62997115,-10.203539,121
40,122,-0.1634123,-0.6299711,-10.203538,122
40,123,-0.16489963,-0.62997097,-10.203536,123
40,124,-0.16612184,-0.62997085,-10.203532,124
40,125,-0.16749167,-0.6299707,-10.203528,125
40,126,-0.16965012,-0.62997043,-10.203523,126
40,127,-0.17201515,-0.6299703,-10.203517,127
40,128,-0.17365599,-0.62997,-10.203512,128
40,129,-0.17426215,-0.6299697,-10.203507,129
40,130,-0.17420915,-0.62996954,-10.203504,130
40,131,-0.17395851,-0.6299693,-10.203501,131
40,132,-0.1728204,-0.6299693,-10.203503,132
40,133,-0.17186843,-0.62996924,-10.203501,133
40,134,-0.17112269,-0.62996924,-10.2035,134
40,135,-0.16786672,-0.62996954,-10.203504,135
40,136,-0.16530682,-0.6299697,-10.203509,136
40,137,-0.16290855,-0.6299699,-10.203514,137
40,138,-0.16035385,-0.62997013,-10.203519,138
40,139,-0.15825659,-0.6299703,-10.203527,139
40,140,-0.15669163,-0.6299706,-10.203533,140
40,141,-0.15564919,-0.6299709,-10.203537,141
40,142,-0.1546328,-0.629971,-10.203543,142
40,143,-0.15434754,-0.6299713,-10.203547,143
40,144,-0.15452564,-0.6299715,-10.203547,144
40,145,-0.15481842,-0.6299716,-10.20355,145
40,146,-0.1527968,-0.629972,-10.203552,146
40,147,-0.15215638,-0.6299723,-10.203552,147
40,148,-0.15252076,-0.6299722,-10.203556,148
40,149,-0.15289569,-0.62997234,-10.203556,149
40,150,-0.15322791,-0.6299723,-10.203558,150
40,151,-0.15606073,-0.6299721,-10.203556,151
40,152,-0.15839657,-0.62997204,-10.203555,152
40,153,-0.16064951,-0.62997186,-10.20355,153
40,154,-0.16318692,-0.6299717,-10.203546,154
40,155,-0.16522682,-0.62997144,-10.203539,155
40,156,-0.1666852,-0.6299712,-10.203534,156
40,157,-0.16763617,-0.6299711,-10.203529,157
40,158,-0.16822408,-0.6299709,-10.203524,158
40,159,-0.16806453,-0.6299707,-10.203522,159
40,160,-0.1674546,-0.62997055,-10.203519,160
40,161,-0.16652507,-0.62997043,-10.20352,161
40,162,-0.16541593,-0.6299703,-10.20352,162
40,163,-0.16472448,-0.6299702,-10.203522,163
40,164,-0.16383223,-0.6299702,-10.203525,164
40,165,-0.16272564,-0.6299702,-10.2035265,165
40,166,-0.16181664,-0.62997025,-10.203528,166
40,167,-0.16019528,-0.6299703,-10.203531,167
40,168,-0.15835199,-0.62997055,-10.203536,168
40,169,-0.1570183,-0.6299707,-10.203538,169
40,170,-0.1556988,-0.6299709,-10.203542,170
40,171,-0.15443978,-0.62997115,-10.203547,171
40,172,-0.15291789,-0.6299713,-10.203551,172
40,173,-0.1495139,-0.62997174,-10.203557,173
40,174,-0.1482378,-0.62997204,-10.203562,174
40,175,-0.15015951,-0.62997216,-10.203563,175
40,176,-0.15222113,-0.6299723,-10.203563,176
40,177,-0.15391183,-0.6299723,-10.203563,177
40,178,-0.15799856,-0.6299719,-10.20356,178
40,179,-0.1610258,-0.62997174,-10.203555,179
40,180,-0.16390748,-0.62997144,-10.2035475,180
40,181,-0.16657902,-0.6299712,-10.203543,181
40,182,-0.16931483,-0.6299708,-10.203536,182
40,183,-0.17104228,-0.6299705,-10.203529,183
40,184,-0.17148098,-0.6299702,-10.203524,184
40,185,-0.1713619,-0.62997,-10.203519,185
40,186,-0.17118745,-0.62996984,-10.203518,186
40,187,-0.16876534,-0.6299697,-10.203517,187
40,188,-0.16516747,-0.6299699,-10.20352,188
40,189,-0.1627562,-0.62997,-10.203523,189
40,190,-0.16093503,-0.6299704,-10.203525,190
40,191,-0.15769117,-0.6299706,-10.203531,191
40,192,-0.15615444,-0.62997097,-10.203534,192
40,193,-0.15636714,-0.6299712,-10.203537,193
40,194,-0.16017762,-0.62997127,-10.203532,194
40,195,-0.16286048,-0.62997115,-10.203529,195
40,196,-0.16485752,-0.62997115,-10.203527,196
40,197,-0.16620973,-0.6299709,-10.203523,197
40,198,-0.16706514,-0.6299707,-10.203522,198
40,199,-0.16754301,-0.6299706,-10.203518,199
41,0,0.015891219,-0.096739344,-2.2141984,0
41,1,0.015794395,-0.20155928,-4.337728,1
41,2,0.015684003,-0.31835204,-6.3573666,2
41,3,0.017033285,-0.4295944,-7.989085,3
41,4,0.020602116,-0.51700354,-9.055306,4
41,5,0.026051758,-0.57378805,-9.653692,5
41,6,0.0337664,-0.6048792,-9.95594,6
41,7,0.039692443,-0.6194378,-10.092602,7
41,8,0.042336673,-0.6256046,-10.15295,8
41,9,0.04109191,-0.6281014,-10.179483,9
41,10,0.034282237,-0.6291135,-10.191259,10
41,11,0.026189972,-0.6295419,-10.1969385,11
41,12,0.018056264,-0.62973875,-10.19978,12
41,13,0.010119727,-0.6298362,-10.201292,13
41,14,-0.00058664504,-0.62988794,-10.20211,14
41,15,-0.012966892,-0.62991667,-10.202576,15
41,16,-0.025401434,-0.6299338,-10.20285,16
41,17,-0.03405513,-0.629944,-10.20303,17
41,18,-0.039151207,-0.6299509,-10.203153,18
41,19,-0.042041898,-0.6299557,-10.203242,19
41,20,-0.046655487,-0.6299594,-10.203305,20
41,21,-0.05224285,-0.62996197,-10.203352,21
41,22,-0.056520607,-0.62996376,-10.203385,22
41,23,-0.060249466,-0.62996525,-10.203409,23
41,24,-0.0632928,-0.6299663,-10.203428,24
41,25,-0.06600085,-0.62996715,-10.203442,25
41,26,-0.06876751,-0.6299678,-10.203452,26
41,27,-0.070756584,-0.62996835,-10.203461,27
41,28,-0.072400935,-0.6299689,-10.203464,28
41,29,-0.07373459,-0.6299691,-10.203467,29
41,30,-0.073752865,-0.6299694,-10.203471,30
41,31,-0.0732998,-0.62996954,-10.203471,31
41,32,-0.07277566,-0.62996984,-10.203475,32
41,33,-0.07245536,-0.6299699,-10.203477,33
41,34,-0.07143209,-0.62997,-10.203478,34
41,35,-0.06999019,-0.6299701,-10.203483,35
41,36,-0.06924987,-0.6299702,-10.203487,36
41,37,-0.06886767,-0.62997025,-10.203491,37
41,38,-0.06807718,-0.6299703,-10.203496,38
41,39,-0.06866119,-0.6299705,-10.203501,39
41,40,-0.069707654,-0.62997055,-10.203504,40
41,41,-0.07063125,-0.6299706,-10.203505,41
41,42,-0.074715674,-0.6299708,-10.203504,42
41,43,-0.077500425,-0.6299709,-10.203503,43
41,44,-0.07915359,-0.62997085,-10.203501,44
41,45,-0.08026932,-0.6299709,-10.203498,45
41,46,-0.080846205,-0.62997085,-10.203494,46
41,47,-0.081295654,-0.6299708,-10.20349,47
41,48,-0.08109498,-0.6299707,-10.2034855,48
41,49,-0.07987413,-0.6299706,-10.203482,49
41,50,-0.07797226,-0.62997055,-10.203481,50
41,51,-0.07601984,-0.6299705,-10.203482,51
41,52,-0.07438412,-0.62997043,-10.203485,52
41,53,-0.07335069,-0.6299703,-10.2034855,53
41,54,-0.072738126,-0.6299704,-10.203489,54
41,55,-0.072629996,-0.6299703,-10.203491,55
41,56,-0.07118432,-0.6299704,-10.203495,56
41,57,-0.07125056,-0.62997025,-10.2035,57
41,58,-0.07151222,-0.6299703,-10.203504,58
41,59,-0.07170831,-0.62997025,-10.203505,59
41,60,-0.07155653,-0.6299703,-10.203507,60
41,61,-0.072645396,-0.62997043,-10.203507,61
41,62,-0.07394021,-0.62997043,-10.203508,62
41,63,-0.07379913,-0.6299704,-10.203509,63
41,64,-0.073909275,-0.6299703,-10.203509,64
41,65,-0.07878505,-0.6299704,-10.203505,65
41,66,-0.08302641,-0.6299703,-10.203498,66
41,67,-0.08531585,-0.6299704,-10.203491,67
41,68,-0.085377604,-0.6299702,-10.2034855,68
41,69,-0.08448719,-0.6299701,-10.20348,69
41,70,-0.08351582,-0.62996995,-10.203473,70
41,71,-0.08096475,-0.6299697,-10.20347,71
41,72,-0.07912332,-0.62996966,-10.203468,72
41,73,-0.07765006,-0.62996954,-10.203465,73
41,74,-0.07509591,-0.6299694,-10.203467,74
41,75,-0.07494699,-0.62996936,-10.203468,75
41,76,-0.074962094,-0.62996924,-10.203467,76
41,77,-0.074989125,-0.6299692,-10.203467,77
41,78,-0.07673571,-0.6299692,-10.203467,78
41,79,-0.07733254,-0.62996906,-10.203466,79
41,80,-0.077858746,-0.629969,-10.203465,80
41,81,-0.07867848,-0.629969,-10.203465,81
41,82,-0.07942874,-0.629969,-10.203464,82
41,83,-0.081744045,-0.62996906,-10.203461,83
41,84,-0.083560236,-0.62996894,-10.203457,84
41,85,-0.08404262,-0.6299688,-10.203452,85
41,86,-0.083824836,-0.6299687,-10.203449,86
41,87,-0.08346781,-0.6299685,-10.203446,87
41,88,-0.08303838,-0.6299684,-10.203443,88
41,89,-0.0828427,-0.6299683,-10.20344,89
41,90,-0.08123237,-0.6299683,-10.203438,90
41,91,-0.0806551,-0.62996817,-10.203435,91
41,92,-0.080548875,-0.6299681,-10.203434,92
41,93,-0.08031353,-0.629968,-10.203432,93
41,94,-0.07990443,-0.629968,-10.203429,94
41,95,-0.079452656,-0.629968,-10.203427,95
41,96,-0.077734835,-0.6299679,-10.203425,96
41,97,-0.0766131,-0.6299679,-10.203427,97
41,98,-0.07589508,-0.629968,-10.203427,98
41,99,-0.07512061,-0.6299679,-10.203428,99
41,100,-0.074568436,-0.6299681,-10.203429,100
41,101,-0.07349875,-0.62996817,-10.203433,101
41,102,-0.07297913,-0.6299682,-10.203435,102
41,103,-0.07156048,-0.62996817,-10.203439,103
41,104,-0.07044058,-0.62996835,-10.203443,104
41,105,-0.06995571,-0.6299684,-10.203448,105
41,106,-0.06963414,-0.62996846,-10.203453,106
41,107,-0.06975438,-0.6299686,-10.203458,107
41,108,-0.070570104,-0.6299686,-10.203462,108
41,109,-0.070238866,-0.62996864,-10.203467,109
41,110,-0.07083389,-0.6299689,-10.20347,110
41,111,-0.07326865,-0.6299689,-10.203471,111
41,112,-0.07478478,-0.62996894,-10.203472,112
41,113,-0.07568643,-0.629969,-10.203472,113
41,114,-0.07833841,-0.62996906,-10.20347,114
41,115,-0.08006027,-0.6299692,-10.203468,115
41,116,-0.080955885,-0.6299691,-10.203466,116
41,117,-0.08129666,-0.6299691,-10.203464,117
41,118,-0.081562206,-0.6299691,-10.203462,118
41,119,-0.081569664,-0.6299691,-10.203459,119
41,120,-0.08132351,-0.62996894,-10.203459,120
41,121,-0.08094026,-0.62996894,-10.203457,121
41,122,-0.080687255,-0.6299689,-10.203456,122
41,123,-0.08006229,-0.62996894,-10.203456,123
41,124,-0.08019561,-0.6299689,-10.203452,124
41,125,-0.080106154,-0.6299687,-10.203452,125
41,126,-0.07977796,-0.6299688,-10.203451,126
41,127,-0.080970064,-0.6299688,-10.2034445,127
41,128,-0.08130026,-0.6299687,-10.203443,128
41,129,-0.08107043,-0.6299686,-10.203437,129
41,130,-0.0803241,-0.6299685,-10.203434,130
41,131,-0.07832734,-0.6299685,-10.203433,131
41,132,-0.07785781,-0.6299685,-10.203433,132
41,133,-0.07718446,-0.6299684,-10.20343,133
41,134,-0.076634504,-0.6299684,-10.20343,134
41,135,-0.077044144,-0.6299682,-10.203429,135
41,136,-0.076075606,-0.62996817,-10.203429,136
41,137,-0.075519696,-0.62996817,-10.203432,137
41,138,-0.07534264,-0.6299681,-10.203433,138
41,139,-0.074438184,-0.6299681,-10.203435,139
41,140,-0.074070275,-0.6299681,-10.20344,140
41,141,-0.07415223,-0.62996805,-10.203442,141
41,142,-0.0725338,-0.6299681,-10.203447,142
41,143,-0.07267348,-0.6299681,-10.203451,143
41,144,-0.073043674,-0.6299682,-10.203453,144
41,145,-0.07276542,-0.62996817,-10.203459,145
41,146,-0.073598474,-0.62996817,-10.203459,146
41,147,-0.07530609,-0.6299682,-10.203461,147
41,148,-0.07545759,-0.6299683,-10.203461,148
41,149,-0.076039754,-0.6299683,-10.203462,149
41,150,-0.07661838,-0.6299683,-10.203461,150
41,151,-0.07685554,-0.6299684,-10.203463,151
41,152,-0.07814528,-0.6299684,-10.203463,152
41,153,-0.07899663,-0.6299684,-10.203459,153
41,154,-0.07951112,-0.6299684,-10.203459,154
41,155,-0.080390275,-0.6299684,-10.203457,155
41,156,-0.08082199,-0.6299684,-10.203453,156
41,157,-0.080959246,-0.6299684,-10.203449,157
41,158,-0.08080258,-0.62996835,-10.203447,158
41,159,-0.08245571,-0.6299683,-10.203443,159
41,160,-0.08220252,-0.6299682,-10.20344,160
41,161,-0.08181743,-0.62996817,-10.203437,161
41,162,-0.08181015,-0.6299681,-10.203435,162
41,163,-0.08104089,-0.6299681,-10.203434,163
41,164,-0.080507964,-0.62996805,-10.203432,164
41,165,-0.07978392,-0.629968,-10.203434,165
41,166,-0.07925532,-0.62996787,-10.203433,166
41,167,-0.07812007,-0.62996775,-10.203435,167
41,168,-0.07739061,-0.62996775,-10.203437,168
41,169,-0.076870374,-0.6299677,-10.203438,169
41,170,-0.07658183,-0.62996763,-10.20344,170
41,171,-0.07635641,-0.62996763,-10.203442,171
41,172,-0.07574351,-0.62996763,-10.2034445,172
41,173,-0.07463981,-0.6299676,-10.203448,173
41,174,-0.07450982,-0.6299676,-10.203449,174
41,175,-0.07581665,-0.62996775,-10.203452,175
41,176,-0.07752662,-0.62996775,-10.203453,176
41,177,-0.07876168,-0.6299678,-10.203453,177
41,178,-0.08055989,-0.6299678,-10.203453,178
41,179,-0.0821215,-0.6299678,-10.203451,179
41,180,-0.08306461,-0.62996787,-10.203446,180
41,181,-0.08370387,-0.62996787,-10.203444,181
41,182,-0.08376226,-0.6299678,-10.20344,182
41,183,-0.083392985,-0.6299678,-10.203434,183
41,184,-0.082633965,-0.6299677,-10.203432,184
41,185,-0.0815976,-0.6299677,-10.203428,185
41,186,-0.08065763,-0.62996763,-10.203425,186
41,187,-0.07906702,-0.62996745,-10.203424,187
41,188,-0.076005936,-0.62996745,-10.203427,188
41,189,-0.07438841,-0.6299676,-10.20343,189
41,190,-0.07349205,-0.6299676,-10.203433,190
41,191,-0.0715267,-0.62996763,-10.203437,191
41,192,-0.07095881,-0.6299677,-10.203442,192
41,193,-0.071917005,-0.62996775,-10.203444,193
41,194,-0.074245915,-0.629968,-10.203446,194
41,195,-0.076221906,-0.6299681,-10.2034445,195
41,196,-0.07764682,-0.62996805,-10.203444,196
41,197,-0.07847279,-0.62996817,-10.203443,197
41,198,-0.07881908,-0.6299681,-10.20344,198
41,199,-0.081028216,-0.62996817,-10.203437,199
42,0,0.007891131,-0.16453326,-2.8696446,0
42,1,-0.0019572678,-0.35508448,-5.8138146,1
42,2,-0.010862827,-0.5082435,-8.168676,2
42,3,-0.01591184,-0.5878022,-9.447626,3
42,4,-0.022955947,-0.6173274,-9.956731,4
42,5,-0.029108081,-0.6263609,-10.126864,5
42,6,-0.031842068,-0.6289015,-10.179349,6
42,7,-0.04659391,-0.62961984,-10.195061,7
42,8,-0.060339447,-0.6298399,-10.2001295,8
42,9,-0.07319804,-0.62991685,-10.201974,9
42,10,-0.08451891,-0.62994826,-10.202741,10
42,11,-0.09392266,-0.62996274,-10.203103,11
42,12,-0.101525635,-0.62997043,-10.203289,12
42,13,-0.10750171,-0.62997466,-10.203397,13
42,14,-0.11241533,-0.62997735,-10.203462,14
42,15,-0.11630793,-0.6299789,-10.203504,15
42,16,-0.1195354,-0.62998,-10.203532,16
42,17,-0.121322274,-0.62998074,-10.203552,17
42,18,-0.123064704,-0.6299813,-10.203565,18
42,19,-0.12619178,-0.6299817,-10.203575,19
42,20,-0.12810601,-0.6299819,-10.203583,20
42,21,-0.12876265,-0.6299821,-10.203588,21
42,22,-0.12905894,-0.62998223,-10.20359,22
42,23,-0.12934513,-0.62998235,-10.203595,23
42,24,-0.12863776,-0.6299824,-10.203598,24
42,25,-0.12965882,-0.6299825,-10.2036,25
42,26,-0.13004997,-0.6299825,-10.203603,26
42,27,-0.1307947,-0.6299826,-10.203605,27
42,28,-0.13243838,-0.62998277,-10.203607,28
42,29,-0.13286792,-0.6299827,-10.203608,29
42,30,-0.13340719,-0.6299828,-10.2036085,30
42,31,-0.13314036,-0.62998277,-10.2036085,31
42,32,-0.13241102,-0.6299828,-10.203609,32
42,33,-0.13194129,-0.6299829,-10.203611,33
42,34,-0.13126425,-0.6299828,-10.203612,34
42,35,-0.13094428,-0.6299829,-10.203614,35
42,36,-0.12700148,-0.62998277,-10.203616,36
42,37,-0.12827227,-0.6299829,-10.203618,37
42,38,-0.12804799,-0.6299828,-10.203621,38
42,39,-0.12827691,-0.6299829,-10.203623,39
42,40,-0.12996085,-0.62998295,-10.203624,40
42,41,-0.13130797,-0.629983,-10.203626,41
42,42,-0.13113694,-0.629983,-10.203624,42
42,43,-0.13068227,-0.629983,-10.203626,43
42,44,-0.13038382,-0.629983,-10.203627,44
42,45,-0.1303147,-0.6299832,-10.203627,45
42,46,-0.12701339,-0.629983,-10.203626,46
42,47,-0.126548,-0.629983,-10.203629,47
42,48,-0.12607901,-0.62998307,-10.203627,48
42,49,-0.1250524,-0.62998295,-10.203629,49
42,50,-0.12477488,-0.6299829,-10.203628,50
42,51,-0.12459935,-0.6299828,-10.203627,51
42,52,-0.12331097,-0.6299827,-10.203627,52
42,53,-0.12239971,-0.6299827,-10.203629,53
42,54,-0.123677835,-0.6299827,-10.20363,54
42,55,-0.12357593,-0.62998265,-10.203632,55
42,56,-0.12339531,-0.6299827,-10.203631,56
42,57,-0.12235728,-0.62998265,-10.203633,57
42,58,-0.121426396,-0.6299827,-10.203636,58
42,59,-0.12141141,-0.62998277,-10.203635,59
42,60,-0.12077367,-0.6299827,-10.203636,60
42,61,-0.12081528,-0.6299827,-10.203636,61
42,62,-0.12072768,-0.62998265,-10.203636,62
42,63,-0.12281767,-0.6299827,-10.203633,63
42,64,-0.1239554,-0.6299827,-10.203633,64
42,65,-0.12274708,-0.6299826,-10.20363,65
42,66,-0.12687908,-0.6299827,-10.203629,66
42,67,-0.12866926,-0.6299826,-10.203627,67
42,68,-0.12970127,-0.6299826,-10.203623,68
42,69,-0.13088956,-0.6299826,-10.203621,69
42,70,-0.13139719,-0.6299826,-10.203617,70
42,71,-0.13148978,-0.6299825,-10.203616,71
42,72,-0.13160694,-0.6299826,-10.203614,72
42,73,-0.13233371,-0.6299825,-10.203613,73
42,74,-0.13252145,-0.6299826,-10.203612,74
42,75,-0.13322735,-0.6299825,-10.2036085,75
42,76,-0.13564327,-0.62998253,-10.203608,76
42,77,-0.13598001,-0.6299826,-10.203607,77
42,78,-0.13553229,-0.6299826,-10.203605,78
42,79,-0.13421328,-0.6299825,-10.203605,79
42,80,-0.13212556,-0.6299825,-10.203604,80
42,81,-0.13070865,-0.6299825,-10.203605,81
42,82,-0.12988612,-0.6299825,-10.203604,82
42,83,-0.12614188,-0.6299823,-10.203607,83
42,84,-0.12449529,-0.6299823,-10.203609,84
42,85,-0.12315087,-0.6299823,-10.203612,85
42,86,-0.12241023,-0.62998223,-10.203614,86
42,87,-0.12093692,-0.6299823,-10.203617,87
42,88,-0.122054696,-0.6299823,-10.203621,88
42,89,-0.12287676,-0.6299824,-10.203622,89
42,90,-0.12327979,-0.6299824,-10.203623,90
42,91,-0.12588619,-0.6299825,-10.203624,91
42,92,-0.1266264,-0.6299826,-10.203623,92
42,93,-0.12766817,-0.6299826,-10.203624,93
42,94,-0.13004705,-0.6299827,-10.203626,94
42,95,-0.12902743,-0.6299827,-10.203623,95
42,96,-0.13292134,-0.6299827,-10.203621,96
42,97,-0.13445249,-0.62998265,-10.203617,97
42,98,-0.13577628,-0.6299826,-10.203614,98
42,99,-0.13768543,-0.6299826,-10.203612,99
42,100,-0.13686265,-0.62998253,-10.203608,100
42,101,-0.13608706,-0.6299824,-10.203605,101
42,102,-0.13551597,-0.6299824,-10.203604,102
42,103,-0.13055658,-0.6299822,-10.203603,103
42,104,-0.12858973,-0.6299821,-10.203604,104
42,105,-0.1268835,-0.6299821,-10.203607,105
42,106,-0.12398584,-0.6299821,-10.203608,106
42,107,-0.12608275,-0.62998205,-10.2036085,107
42,108,-0.12746781,-0.6299821,-10.203609,108
42,109,-0.12890743,-0.62998205,-10.203611,109
42,110,-0.13362578,-0.62998223,-10.203608,110
42,111,-0.13142014,-0.6299821,-10.203605,111
42,112,-0.12916656,-0.6299821,-10.203607,112
42,113,-0.12450655,-0.62998205,-10.203608,113
42,114,-0.12608626,-0.6299821,-10.203609,114
42,115,-0.12851521,-0.6299822,-10.203611,115
42,116,-0.1326857,-0.6299823,-10.203609,116
42,117,-0.13099822,-0.6299823,-10.203608,117
42,118,-0.12778716,-0.6299823,-10.2036085,118
42,119,-0.12343484,-0.6299823,-10.203611,119
42,120,-0.12457625,-0.6299823,-10.203613,120
42,121,-0.1257299,-0.6299823,-10.203616,121
42,122,-0.12674573,-0.6299824,-10.203616,122
42,123,-0.12765424,-0.6299824,-10.203614,123
42,124,-0.12823282,-0.6299825,-10.203617,124
42,125,-0.13052331,-0.6299826,-10.203614,125
42,126,-0.13182893,-0.6299827,-10.203613,126
42,127,-0.13299054,-0.6299826,-10.203611,127
42,128,-0.13500859,-0.6299827,-10.2036085,128
42,129,-0.13583872,-0.6299827,-10.203607,129
42,130,-0.13474657,-0.62998265,-10.203604,130
42,131,-0.13356657,-0.6299826,-10.203602,131
42,132,-0.13251743,-0.6299825,-10.203602,132
42,133,-0.13193654,-0.6299824,-10.203602,133
42,134,-0.12912059,-0.6299823,-10.203602,134
42,135,-0.12681626,-0.62998223,-10.203602,135
42,136,-0.12576857,-0.6299822,-10.203603,136
42,137,-0.1247449,-0.6299821,-10.203607,137
42,138,-0.122828275,-0.629982,-10.203605,138
42,139,-0.123749994,-0.629982,-10.203608,139
42,140,-0.124412924,-0.629982,-10.203608,140
42,141,-0.12484628,-0.629982,-10.203608,141
42,142,-0.13085037,-0.6299821,-10.203608,142
42,143,-0.13270292,-0.6299822,-10.203604,143
42,144,-0.13422184,-0.6299822,-10.203602,144
42,145,-0.13546215,-0.62998223,-10.2036,145
42,146,-0.13614716,-0.62998223,-10.203599,146
42,147,-0.13688679,-0.6299823,-10.203597,147
42,148,-0.13634197,-0.6299823,-10.203595,148
42,149,-0.13446704,-0.6299823,-10.203594,149
42,150,-0.13185285,-0.6299822,-10.203595,150
42,151,-0.12962699,-0.6299823,-10.2036,151
42,152,-0.12797476,-0.6299822,-10.203604,152
42,153,-0.12700376,-0.6299822,-10.203605,153
42,154,-0.12632938,-0.6299823,-10.2036085,154
42,155,-0.12610075,-0.6299822,-10.2036085,155
42,156,-0.12431682,-0.6299823,-10.203609,156
42,157,-0.12442901,-0.62998223,-10.203612,157
42,158,-0.12438678,-0.62998223,-10.203611,158
42,159,-0.124297135,-0.6299822,-10.203613,159
42,160,-0.12331193,-0.6299821,-10.203611,160
42,161,-0.12490951,-0.629982,-10.203611,161
42,162,-0.12633039,-0.629982,-10.203609,162
42,163,-0.124913044,-0.6299819,-10.203607,163
42,164,-0.12509361,-0.6299818,-10.203605,164
42,165,-0.13270468,-0.6299819,-10.203603,165
42,166,-0.1357907,-0.6299819,-10.203598,166
42,167,-0.1383593,-0.6299819,-10.203592,167
42,168,-0.13764453,-0.6299818,-10.2035885,168
42,169,-0.13685817,-0.62998176,-10.203588,169
42,170,-0.13628574,-0.62998176,-10.203584,170
42,171,-0.1329496,-0.6299817,-10.203584,171
42,172,-0.13171652,-0.62998164,-10.203581,172
42,173,-0.13028748,-0.6299816,-10.203583,173
42,174,-0.12681246,-0.62998146,-10.203584,174
42,175,-0.12710379,-0.62998146,-10.203585,175
42,176,-0.1269871,-0.62998134,-10.203586,176
42,177,-0.12693006,-0.6299813,-10.203586,177
42,178,-0.1285568,-0.62998134,-10.203586,178
42,179,-0.12870172,-0.6299813,-10.203588,179
42,180,-0.1290154,-0.6299814,-10.203589,180
42,181,-0.12957947,-0.6299814,-10.20359,181
42,182,-0.13032144,-0.62998146,-10.203589,182
42,183,-0.13431935,-0.6299816,-10.20359,183
42,184,-0.13537724,-0.6299817,-10.2035885,184
42,185,-0.13563895,-0.62998176,-10.203586,185
42,186,-0.13561969,-0.62998176,-10.2035885,186
42,187,-0.13561757,-0.62998194,-10.203586,187
42,188,-0.13592936,-0.6299819,-10.203588,188
42,189,-0.13607855,-0.6299819,-10.203586,189
42,190,-0.1362159,-0.629982,-10.203588,190
42,191,-0.13704655,-0.6299821,-10.203585,191
42,192,-0.13760416,-0.6299821,-10.203584,192
42,193,-0.13754554,-0.6299821,-10.203585,193
42,194,-0.13764659,-0.6299821,-10.203583,194
42,195,-0.1377969,-0.6299821,-10.203581,195
42,196,-0.13588361,-0.6299821,-10.20358,196
42,197,-0.13526471,-0.629982,-10.203581,197
42,198,-0.13473596,-0.62998194,-10.203581,198
42,199,-0.1338113,-0.629982,-10.203581,199
43,0,0.025139328,-0.06723811,-1.1192846,0
43,1,0.036099326,-0.124713376,-1.7694358,1
43,2,0.044872757,-0.19179085,-2.598878,2
43,3,0.051880687,-0.26942316,-3.7059853,3
43,4,0.055025686,-0.35056177,-4.9593797,4
43,5,0.053646885,-0.42731282,-6.217004,5
43,6,0.048829384,-0.49337983,-7.3642974,6
43,7,0.036966056,-0.5435724,-8.284077,7
43,8,0.019955449,-0.5782632,-8.965379,8
43,9,-0.00038439827,-0.6004446,-9.437403,9
43,10,-0.025792746,-0.61368144,-9.744379,10
43,11,-0.046838168,-0.6212244,-9.937902,11
43,12,-0.06362487,-0.6253585,-10.054843,12
43,13,-0.07411967,-0.6275567,-10.12254,13
43,14,-0.0862883,-0.62869364,-10.159638,14
43,15,-0.09909909,-0.6292746,-10.179244,15
43,16,-0.112756416,-0.62957484,-10.189546,16
43,17,-0.12029797,-0.62973356,-10.195066,17
43,18,-0.12296935,-0.6298217,-10.198155,18
43,19,-0.1222839,-0.6298733,-10.19996,19
43,20,-0.12463037,-0.62990487,-10.201044,20
43,21,-0.1278888,-0.6299251,-10.201719,21
43,22,-0.13146146,-0.6299381,-10.2021475,22
43,23,-0.1345183,-0.6299469,-10.20243,23
43,24,-0.13686888,-0.62995297,-10.202625,24
43,25,-0.140412,-0.62995726,-10.20276,25
43,26,-0.14300925,-0.6299605,-10.202854,26
43,27,-0.14506763,-0.62996274,-10.202921,27
43,28,-0.14768362,-0.62996435,-10.202971,28
43,29,-0.14927657,-0.62996566,-10.203005,29
43,30,-0.14899996,-0.62996656,-10.203029,30
43,31,-0.14786379,-0.6299673,-10.203049,31
43,32,-0.14663713,-0.62996787,-10.203065,32
43,33,-0.14576012,-0.6299683,-10.20308,33
43,34,-0.14335434,-0.62996876,-10.203092,34
43,35,-0.14078322,-0.62996894,-10.203104,35
43,36,-0.13913518,-0.62996936,-10.203115,36
43,37,-0.13786024,-0.62996954,-10.203127,37
43,38,-0.13599455,-0.6299697,-10.203137,38
43,39,-0.13597196,-0.6299701,-10.203148,39
43,40,-0.13665886,-0.6299703,-10.203157,40
43,41,-0.13737002,-0.62997055,-10.203165,41
43,42,-0.14211573,-0.6299707,-10.203172,42
43,43,-0.14585191,-0.6299709,-10.203176,43
43,44,-0.1485451,-0.6299709,-10.2031765,44
43,45,-0.15070863,-0.629971,-10.20318,45
43,46,-0.15225425,-0.6299711,-10.203181,46
43,47,-0.15344757,-0.62997115,-10.203184,47
43,48,-0.15361786,-0.62997127,-10.203188,48
43,49,-0.15249419,-0.62997127,-10.203191,49
43,50,-0.15039271,-0.62997127,-10.203196,50
43,51,-0.14829786,-0.6299713,-10.203202,51
43,52,-0.14671254,-0.6299715,-10.203211,52
43,53,-0.14570643,-0.62997156,-10.203218,53
43,54,-0.1450448,-0.6299716,-10.203223,54
43,55,-0.14465298,-0.62997174,-10.203228,55
43,56,-0.14372776,-0.6299716,-10.20323,56
43,57,-0.14282905,-0.6299716,-10.203228,57
43,58,-0.14208978,-0.62997156,-10.203226,58
43,59,-0.1413831,-0.62997156,-10.203222,59
43,60,-0.13988061,-0.62997144,-10.2032175,60
43,61,-0.14003335,-0.6299713,-10.203214,61
43,62,-0.14101745,-0.62997127,-10.203206,62
43,63,-0.13983116,-0.629971,-10.203198,63
43,64,-0.13882478,-0.6299709,-10.20319,64
43,65,-0.1437775,-0.62997085,-10.20318,65
43,66,-0.14807394,-0.62997085,-10.203172,66
43,67,-0.15190424,-0.6299707,-10.203164,67
43,68,-0.15319638,-0.6299705,-10.203155,68
43,69,-0.15317667,-0.62997013,-10.203145,69
43,70,-0.15283896,-0.6299699,-10.203137,70
43,71,-0.15058397,-0.6299696,-10.20313,71
43,72,-0.14858939,-0.6299693,-10.203123,72
43,73,-0.14673528,-0.6299692,-10.203117,73
43,74,-0.14340334,-0.6299691,-10.203113,74
43,75,-0.14152683,-0.62996906,-10.20311,75
43,76,-0.14079604,-0.6299692,-10.203109,76
43,77,-0.14052235,-0.62996906,-10.20311,77
43,78,-0.14120844,-0.62996924,-10.203114,78
43,79,-0.1421385,-0.6299694,-10.203119,79
43,80,-0.14301787,-0.62996954,-10.203128,80
43,81,-0.14399025,-0.6299696,-10.2031355,81
43,82,-0.14533025,-0.6299698,-10.203143,82
43,83,-0.14909513,-0.6299699,-10.203151,83
43,84,-0.15140708,-0.62997,-10.203153,84
43,85,-0.1524258,-0.62997013,-10.203157,85
43,86,-0.15290692,-0.6299702,-10.203159,86
43,87,-0.15310915,-0.62997025,-10.203161,87
43,88,-0.15344568,-0.6299703,-10.203164,88
43,89,-0.15348877,-0.6299703,-10.203165,89
43,90,-0.15420008,-0.6299702,-10.203157,90
43,91,-0.15486777,-0.62997013,-10.20315,91
43,92,-0.15497713,-0.6299699,-10.203138,92
43,93,-0.15439588,-0.62996984,-10.203127,93
43,94,-0.15375735,-0.6299697,-10.203115,94
43,95,-0.15328951,-0.6299696,-10.203106,95
43,96,-0.15172623,-0.62996936,-10.203094,96
43,97,-0.15021671,-0.6299691,-10.203081,97
43,98,-0.14897957,-0.629969,-10.203071,98
43,99,-0.1475936,-0.6299689,-10.203061,99
43,100,-0.14646496,-0.62996876,-10.203054,100
43,101,-0.14456919,-0.6299686,-10.203048,101
43,102,-0.14328822,-0.6299685,-10.203042,102
43,103,-0.14013964,-0.6299684,-10.203042,103
43,104,-0.1379799,-0.62996835,-10.203043,104
43,105,-0.13642918,-0.6299684,-10.203045,105
43,106,-0.13504714,-0.6299685,-10.203052,106
43,107,-0.13435587,-0.62996846,-10.203057,107
43,108,-0.13430196,-0.6299687,-10.203065,108
43,109,-0.13405463,-0.6299687,-10.20307,109
43,110,-0.13496292,-0.6299686,-10.20307,110
43,111,-0.13608488,-0.6299687,-10.203071,111
43,112,-0.1372084,-0.6299687,-10.203072,112
43,113,-0.13808583,-0.6299688,-10.203073,113
43,114,-0.13972747,-0.6299689,-10.203079,114
43,115,-0.14239538,-0.6299691,-10.203087,115
43,116,-0.14439845,-0.6299692,-10.2030945,116
43,117,-0.14577709,-0.6299693,-10.203101,117
43,118,-0.14693333,-0.6299694,-10.20311,118
43,119,-0.14781794,-0.62996954,-10.203115,119
43,120,-0.14847046,-0.6299696,-10.203123,120
43,121,-0.1490903,-0.62996966,-10.203128,121
43,122,-0.14947988,-0.6299697,-10.203132,122
43,123,-0.1505656,-0.62996966,-10.20313,123
43,124,-0.1511627,-0.6299696,-10.203127,124
43,125,-0.15159176,-0.62996954,-10.203122,125
43,126,-0.15242657,-0.6299694,-10.203114,126
43,127,-0.15324238,-0.6299693,-10.203101,127
43,128,-0.15371059,-0.6299692,-10.203092,128
43,129,-0.15345724,-0.62996906,-10.203085,129
43,130,-0.15275134,-0.6299688,-10.203074,130
43,131,-0.15189272,-0.6299685,-10.203061,131
43,132,-0.15012933,-0.6299684,-10.203052,132
43,133,-0.14868088,-0.62996817,-10.203042,133
43,134,-0.14767334,-0.6299681,-10.203035,134
43,135,-0.14518516,-0.6299682,-10.203035,135
43,136,-0.14379215,-0.6299683,-10.203042,136
43,137,-0.14298645,-0.62996846,-10.203049,137
43,138,-0.14226788,-0.6299687,-10.20306,138
43,139,-0.14192049,-0.62996876,-10.203071,139
43,140,-0.1417554,-0.6299689,-10.203076,140
43,141,-0.14173578,-0.62996894,-10.203085,141
43,142,-0.1413203,-0.6299689,-10.203087,142
43,143,-0.14071399,-0.6299687,-10.203086,143
43,144,-0.1402002,-0.62996876,-10.203084,144
43,145,-0.13951525,-0.6299685,-10.203076,145
43,146,-0.13728814,-0.62996864,-10.203076,146
43,147,-0.13685416,-0.629969,-10.203084,147
43,148,-0.13798505,-0.62996906,-10.20309,148
43,149,-0.13897738,-0.62996906,-10.203096,149
43,150,-0.13971996,-0.62996906,-10.203101,150
43,151,-0.14179783,-0.62996894,-10.203099,151
43,152,-0.14300524,-0.6299688,-10.203094,152
43,153,-0.14381684,-0.62996876,-10.203085,153
43,154,-0.14469415,-0.62996846,-10.203076,154
43,155,-0.14514953,-0.62996835,-10.203065,155
43,156,-0.14534827,-0.6299681,-10.203054,156
43,157,-0.14538555,-0.629968,-10.203045,157
43,158,-0.14535041,-0.6299678,-10.203038,158
43,159,-0.14511955,-0.6299679,-10.203038,159
43,160,-0.14543158,-0.6299681,-10.203042,160
43,161,-0.14576636,-0.62996817,-10.203049,161
43,162,-0.14605828,-0.6299684,-10.203058,162
43,163,-0.14670314,-0.6299684,-10.203067,163
43,164,-0.14702335,-0.6299686,-10.203073,164
43,165,-0.14695852,-0.6299685,-10.203081,165
43,166,-0.14683145,-0.6299687,-10.203086,166
43,167,-0.14608689,-0.6299687,-10.20309,167
43,168,-0.14499758,-0.6299688,-10.203092,168
43,169,-0.14424373,-0.6299688,-10.203098,169
43,170,-0.14355706,-0.629969,-10.203104,170
43,171,-0.1429296,-0.6299691,-10.203111,171
43,172,-0.1421462,-0.6299692,-10.203114,172
43,173,-0.1401167,-0.62996936,-10.203122,173
43,174,-0.13951446,-0.6299695,-10.203132,174
43,175,-0.14122555,-0.6299696,-10.203136,175
43,176,-0.1429656,-0.6299697,-10.203141,176
43,177,-0.14418921,-0.6299697,-10.203141,177
43,178,-0.14686069,-0.6299697,-10.20314,178
43,179,-0.14874855,-0.62996966,-10.203136,179
43,180,-0.1502768,-0.62996966,-10.20313,180
43,181,-0.15160668,-0.6299696,-10.203122,181
43,182,-0.15291439,-0.6299694,-10.203114,182
43,183,-0.1533616,-0.6299693,-10.203101,183
43,184,-0.15271671,-0.629969,-10.20309,184
43,185,-0.15167515,-0.6299688,-10.203079,185
43,186,-0.15072136,-0.6299686,-10.203068,186
43,187,-0.14836822,-0.62996846,-10.20306,187
43,188,-0.14519115,-0.62996817,-10.203052,188
43,189,-0.1427505,-0.629968,-10.203044,189
43,190,-0.14091356,-0.62996787,-10.203038,190
43,191,-0.13806586,-0.6299677,-10.2030325,191
43,192,-0.13606876,-0.62996745,-10.203025,192
43,193,-0.13553993,-0.62996745,-10.20302,193
43,194,-0.13783011,-0.6299674,-10.203013,194
43,195,-0.13955754,-0.6299674,-10.203006,195
43,196,-0.14069317,-0.6299673,-10.202997,196
43,197,-0.14151299,-0.62996715,-10.2029915,197
43,198,-0.14209856,-0.629967,-10.202987,198
43,199,-0.14268409,-0.6299673,-10.2029915,199
44,0,0.012750276,-0.074904464,-1.6389041,0
44,1,0.00894466,-0.15743704,-3.181445,1
44,2,0.0050329887,-0.26503837,-5.00598,2
44,3,0.0023973873,-0.38679993,-6.8830533,3
44,4,-0.002104082,-0.4928295,-8.3833685,4
44,5,-0.010445245,-0.5645873,-9.34323,5
44,6,-0.022747707,-0.6030941,-9.847725,6
44,7,-0.041490275,-0.61972785,-10.066073,7
44,8,-0.063161984,-0.62612104,-10.1512,8
44,9,-0.08478264,-0.62845665,-10.182788,9
44,10,-0.10627868,-0.62931305,-10.194459,10
44,11,-0.12060084,-0.62965876,-10.199195,11
44,12,-0.13014972,-0.6298087,-10.201262,12
44,13,-0.13454312,-0.6298805,-10.202257,13
44,14,-0.140566,-0.62991613,-10.202753,14
44,15,-0.14658272,-0.6299353,-10.203024,15
44,16,-0.1530861,-0.62994605,-10.203178,16
44,17,-0.15461163,-0.6299531,-10.203282,17
44,18,-0.15328982,-0.6299581,-10.203358,18
44,19,-0.15011682,-0.6299618,-10.203416,19
44,20,-0.15070361,-0.62996423,-10.203453,20
44,21,-0.15171337,-0.62996596,-10.20348,21
44,22,-0.15345025,-0.62996715,-10.203499,22
44,23,-0.15487683,-0.6299681,-10.203513,23
44,24,-0.15582582,-0.6299686,-10.203524,24
44,25,-0.15875037,-0.6299688,-10.203529,25
44,26,-0.16051738,-0.629969,-10.203533,26
44,27,-0.16204837,-0.629969,-10.203536,27
44,28,-0.16456121,-0.6299688,-10.203538,28
44,29,-0.16594996,-0.62996876,-10.203538,29
44,30,-0.1655226,-0.6299687,-10.203541,30
44,31,-0.16443343,-0.62996876,-10.203544,31
44,32,-0.16332285,-0.6299688,-10.2035475,32
44,33,-0.1625677,-0.6299689,-10.20355,33
44,34,-0.15985994,-0.6299693,-10.203555,34
44,35,-0.15714128,-0.62996954,-10.203562,35
44,36,-0.1553316,-0.62996984,-10.203568,36
44,37,-0.15368585,-0.62997013,-10.203571,37
44,38,-0.15122466,-0.6299706,-10.203578,38
44,39,-0.15088429,-0.6299709,-10.203583,39
44,40,-0.15095839,-0.629971,-10.203584,40
44,41,-0.15101829,-0.62997127,-10.203585,41
44,42,-0.15573984,-0.6299709,-10.20358,42
44,43,-0.15849914,-0.62997067,-10.203576,43
44,44,-0.16053787,-0.62997043,-10.203573,44
44,45,-0.16221875,-0.6299701,-10.203568,45
44,46,-0.16340634,-0.62996984,-10.203566,46
44,47,-0.16439815,-0.62996954,-10.203561,47
44,48,-0.1642967,-0.6299693,-10.203558,48
44,49,-0.1629073,-0.6299693,-10.20356,49
44,50,-0.1605728,-0.6299695,-10.203561,50
44,51,-0.1583771,-0.6299697,-10.203565,51
44,52,-0.15678328,-0.6299699,-10.203567,52
44,53,-0.15582748,-0.62997025,-10.203569,53
44,54,-0.15524884,-0.6299705,-10.203571,54
44,55,-0.15494251,-0.62997067,-10.203573,55
44,56,-0.15439944,-0.6299707,-10.203573,56
44,57,-0.1540499,-0.62997085,-10.203576,57
44,58,-0.1538074,-0.629971,-10.203579,58
44,59,-0.15354356,-0.6299711,-10.20358,59
44,60,-0.15224947,-0.62997115,-10.203581,60
44,61,-0.15292034,-0.62997115,-10.203584,61
44,62,-0.15427414,-0.629971,-10.203583,62
44,63,-0.15303805,-0.6299711,-10.203583,63
44,64,-0.15237005,-0.629971,-10.203585,64
44,65,-0.15819877,-0.62997055,-10.203579,65
44,66,-0.16182822,-0.62997,-10.203574,66
44,67,-0.16537097,-0.6299694,-10.203567,67
44,68,-0.16617987,-0.62996894,-10.203563,68
44,69,-0.16616118,-0.6299685,-10.203558,69
44,70,-0.16607438,-0.6299682,-10.203555,70
44,71,-0.1639844,-0.6299681,-10.203557,71
44,72,-0.16262543,-0.62996805,-10.203558,72
44,73,-0.16132015,-0.62996817,-10.203557,73
44,74,-0.15837166,-0.6299684,-10.203562,74
44,75,-0.15691563,-0.6299686,-10.203566,75
44,76,-0.15623938,-0.6299688,-10.203568,76
44,77,-0.15587164,-0.6299689,-10.203569,77
44,78,-0.15612882,-0.6299692,-10.203569,78
44,79,-0.15647411,-0.6299693,-10.20357,79
44,80,-0.1567722,-0.62996924,-10.203569,80
44,81,-0.1571622,-0.6299694,-10.203569,81
44,82,-0.1580993,-0.6299693,-10.203567,82
44,83,-0.16230679,-0.629969,-10.203561,83
44,84,-0.16430712,-0.6299687,-10.203557,84
44,85,-0.16514118,-0.62996846,-10.203552,85
44,86,-0.16563302,-0.62996817,-10.2035475,86
44,87,-0.16599137,-0.62996805,-10.203544,87
44,88,-0.1667466,-0.62996787,-10.203541,88
44,89,-0.1671248,-0.6299677,-10.203538,89
44,90,-0.1689669,-0.62996733,-10.203534,90
44,91,-0.170697,-0.62996703,-10.203531,91
44,92,-0.17183463,-0.6299666,-10.203527,92
44,93,-0.17214377,-0.62996644,-10.203525,93
44,94,-0.17241195,-0.62996626,-10.203523,94
44,95,-0.17283173,-0.62996596,-10.203523,95
44,96,-0.17198446,-0.6299659,-10.203523,96
44,97,-0.17123431,-0.629966,-10.203525,97
44,98,-0.17067958,-0.6299661,-10.2035265,98
44,99,-0.16978686,-0.62996614,-10.203528,99
44,100,-0.16908404,-0.62996626,-10.203531,100
44,101,-0.1673184,-0.6299665,-10.203533,101
44,102,-0.16621624,-0.62996674,-10.203538,102
44,103,-0.1625892,-0.6299672,-10.203546,103
44,104,-0.16028687,-0.6299676,-10.20355,104
44,105,-0.1583431,-0.6299681,-10.203557,105
44,106,-0.15639493,-0.6299685,-10.203561,106
44,107,-0.1551506,-0.6299689,-10.203566,107
44,108,-0.15437952,-0.6299693,-10.203569,108
44,109,-0.15356208,-0.6299695,-10.203571,109
44,110,-0.15461758,-0.62996954,-10.203573,110
44,111,-0.1554068,-0.6299696,-10.203573,111
44,112,-0.15598522,-0.62996954,-10.203571,112
44,113,-0.1562995,-0.6299696,-10.203571,113
44,114,-0.15712331,-0.62996954,-10.20357,114
44,115,-0.15900527,-0.62996936,-10.203567,115
44,116,-0.16013132,-0.6299692,-10.203565,116
44,117,-0.16083293,-0.6299691,-10.203562,117
44,118,-0.16149002,-0.62996894,-10.20356,118
44,119,-0.16199009,-0.62996876,-10.203556,119
44,120,-0.16242242,-0.6299686,-10.203555,120
44,121,-0.1630605,-0.62996846,-10.203552,121
44,122,-0.16353486,-0.6299683,-10.203548,122
44,123,-0.16529457,-0.6299681,-10.203547,123
44,124,-0.16636388,-0.62996775,-10.203544,124
44,125,-0.1674489,-0.62996745,-10.203541,125
44,126,-0.16921651,-0.62996715,-10.203537,126
44,127,-0.17070639,-0.6299668,-10.203534,127
44,128,-0.17179511,-0.6299664,-10.203531,128
44,129,-0.17203495,-0.62996614,-10.203527,129
44,130,-0.17186444,-0.62996596,-10.2035265,130
44,131,-0.17184731,-0.62996584,-10.203527,131
44,132,-0.1705573,-0.6299658,-10.203529,132
44,133,-0.16966772,-0.62996584,-10.203531,133
44,134,-0.16910286,-0.629966,-10.203532,134
44,135,-0.16610233,-0.6299664,-10.203537,135
44,136,-0.16450103,-0.6299667,-10.203542,136
44,137,-0.16321866,-0.62996703,-10.203544,137
44,138,-0.16178116,-0.6299675,-10.2035475,138
44,139,-0.16097952,-0.6299678,-10.20355,139
44,140,-0.16042097,-0.6299681,-10.203552,140
44,141,-0.16009997,-0.6299683,-10.203553,141
44,142,-0.15994586,-0.6299683,-10.203555,142
44,143,-0.15961015,-0.62996846,-10.203556,143
44,144,-0.15942696,-0.6299686,-10.203558,144
44,145,-0.15921687,-0.6299686,-10.20356,145
44,146,-0.15643606,-0.6299689,-10.203563,146
44,147,-0.1552143,-0.62996924,-10.203565,147
44,148,-0.1559013,-0.6299693,-10.203566,148
44,149,-0.15639941,-0.6299695,-10.203566,149
44,150,-0.15671372,-0.6299695,-10.203567,150
44,151,-0.15935455,-0.6299692,-10.203563,151
44,152,-0.1607049,-0.6299689,-10.203561,152
44,153,-0.16175538,-0.6299687,-10.203558,153
44,154,-0.1630115,-0.62996835,-10.203556,154
44,155,-0.16364439,-0.6299681,-10.203552,155
44,156,-0.16395031,-0.62996775,-10.20355,156
44,157,-0.16404806,-0.6299675,-10.20355,157
44,158,-0.16408607,-0.62996733,-10.2035475,158
44,159,-0.16329135,-0.62996745,-10.2035475,159
44,160,-0.1631444,-0.6299674,-10.2035475,160
44,161,-0.16295761,-0.6299674,-10.2035475,161
44,162,-0.16266128,-0.6299675,-10.203546,162
44,163,-0.16308013,-0.62996745,-10.203547,163
44,164,-0.16314518,-0.62996745,-10.203546,164
44,165,-0.16296487,-0.6299675,-10.203544,165
44,166,-0.16285366,-0.6299676,-10.203544,166
44,167,-0.16214852,-0.62996775,-10.203546,167
44,168,-0.16104934,-0.62996787,-10.203547,168
44,169,-0.16042925,-0.629968,-10.2035475,169
44,170,-0.15975209,-0.6299683,-10.203548,170
44,171,-0.1590785,-0.6299685,-10.203551,171
44,172,-0.15822652,-0.62996876,-10.203551,172
44,173,-0.15557563,-0.6299692,-10.203556,173
44,174,-0.15486924,-0.6299695,-10.203557,174
44,175,-0.15706526,-0.6299695,-10.203558,175
44,176,-0.15892337,-0.6299694,-10.203556,176
44,177,-0.16013634,-0.62996924,-10.203555,177
44,178,-0.16342822,-0.6299689,-10.20355,178
44,179,-0.1653971,-0.6299685,-10.203547,179
44,180,-0.16714719,-0.6299681,-10.203542,180
44,181,-0.16874024,-0.6299677,-10.203537,181
44,182,-0.17053697,-0.62996715,-10.203532,182
44,183,-0.17141074,-0.6299668,-10.203528,183
44,184,-0.17116855,-0.62996644,-10.2035265,184
44,185,-0.17065647,-0.62996626,-10.203525,185
44,186,-0.17030773,-0.6299661,-10.203525,186
44,187,-0.16817613,-0.62996614,-10.203527,187
44,188,-0.16544186,-0.62996644,-10.203532,188
44,189,-0.16354911,-0.62996674,-10.203536,189
44,190,-0.1621464,-0.629967,-10.203542,190
44,191,-0.1595749,-0.6299673,-10.2035475,191
44,192,-0.15800554,-0.62996763,-10.203551,192
44,193,-0.15766805,-0.62996787,-10.203556,193
44,194,-0.1603029,-0.62996775,-10.203553,194
44,195,-0.16175127,-0.62996763,-10.203553,195
44,196,-0.16252473,-0.6299676,-10.203552,196
44,197,-0.16293883,-0.62996745,-10.203551,197
44,198,-0.1631575,-0.6299673,-10.203552,198
44,199,-0.16285418,-0.6299673,-10.20355,199
45,0,-0.0014888949,-0.093169585,-1.5535972,0
45,1,-0.030050373,-0.18790706,-2.818466,1
45,2,-0.06193288,-0.2893811,-4.2230606,2
45,3,-0.09301441,-0.38667536,-5.7091956,3
45,4,-0.11876618,-0.46928763,-7.067158,4
45,5,-0.13876311,-0.5319175,-8.172964,5
45,6,-0.15307723,-0.57472664,-8.990375,6
45,7,-0.16365625,-0.6009347,-9.524994,7
45,8,-0.17090814,-0.6155199,-9.846204,8
45,9,-0.17491238,-0.62302846,-10.024159,9
45,10,-0.17743295,-0.62665486,-10.11536,10
45,11,-0.17392015,-0.6283596,-10.160692,11
45,12,-0.16633488,-0.62915546,-10.182345,12
45,13,-0.15365005,-0.62953526,-10.192658,13
45,14,-0.14445692,-0.6297217,-10.197527,14
45,15,-0.13723415,-0.62981766,-10.199934,15
45,16,-0.13346496,-0.62986976,-10.201184,16
45,17,-0.12499052,-0.6299003,-10.2019005,17
45,18,-0.114832245,-0.62991935,-10.202338,18
45,19,-0.10349056,-0.6299319,-10.2026205,19
45,20,-0.09966687,-0.62994057,-10.202804,20
45,21,-0.097686104,-0.6299469,-10.20293,21
45,22,-0.097135685,-0.6299511,-10.20302,22
45,23,-0.09661384,-0.6299544,-10.203082,23
45,24,-0.09595527,-0.62995684,-10.203132,24
45,25,-0.09813099,-0.62995857,-10.203159,25
45,26,-0.098736465,-0.62995994,-10.203181,26
45,27,-0.09936557,-0.629961,-10.203195,27
45,28,-0.10122533,-0.6299618,-10.203204,28
45,29,-0.10141885,-0.6299624,-10.203208,29
45,30,-0.0991509,-0.62996304,-10.203213,30
45,31,-0.096434556,-0.62996364,-10.203218,31
45,32,-0.09391906,-0.6299641,-10.203225,32
45,33,-0.09207769,-0.62996453,-10.20323,33
45,34,-0.08747153,-0.629965,-10.203238,34
45,35,-0.08319289,-0.62996554,-10.203247,35
45,36,-0.08052518,-0.62996596,-10.203259,36
45,37,-0.07814333,-0.6299664,-10.203268,37
45,38,-0.07462258,-0.62996686,-10.2032795,38
45,39,-0.07481568,-0.62996715,-10.203288,39
45,40,-0.07535103,-0.62996745,-10.203294,40
45,41,-0.07576994,-0.6299678,-10.203302,41
45,42,-0.08370752,-0.62996787,-10.203302,42
45,43,-0.087506734,-0.62996787,-10.203302,43
45,44,-0.09035659,-0.6299678,-10.203302,44
45,45,-0.09267407,-0.62996775,-10.203301,45
45,46,-0.09418372,-0.62996763,-10.2033,46
45,47,-0.09556782,-0.62996745,-10.203299,47
45,48,-0.09537289,-0.62996733,-10.203297,48
45,49,-0.093335316,-0.62996715,-10.203301,49
45,50,-0.09003208,-0.6299671,-10.203305,50
45,51,-0.08705604,-0.6299671,-10.203312,51
45,52,-0.0848916,-0.6299671,-10.203318,52
45,53,-0.083618,-0.62996715,-10.203322,53
45,54,-0.0827825,-0.62996715,-10.203326,54
45,55,-0.08240131,-0.6299673,-10.203331,55
45,56,-0.08064497,-0.6299673,-10.203331,56
45,57,-0.079696074,-0.62996733,-10.20333,57
45,58,-0.07901791,-0.6299675,-10.203327,58
45,59,-0.078293204,-0.62996775,-10.203326,59
45,60,-0.07619822,-0.62996787,-10.203326,60
45,61,-0.07751582,-0.6299681,-10.203321,61
45,62,-0.07937868,-0.6299681,-10.20332,62
45,63,-0.077262945,-0.6299683,-10.203317,63
45,64,-0.07662837,-0.6299684,-10.203315,64
45,65,-0.08611781,-0.6299684,-10.203303,65
45,66,-0.09140089,-0.6299684,-10.2033,66
45,67,-0.096204616,-0.6299682,-10.203296,67
45,68,-0.09648924,-0.62996787,-10.203292,68
45,69,-0.09591304,-0.6299676,-10.203286,69
45,70,-0.09537634,-0.6299674,-10.203281,70
45,71,-0.091411136,-0.6299672,-10.203278,71
45,72,-0.089199625,-0.629967,-10.203274,72
45,73,-0.08699849,-0.62996703,-10.203271,73
45,74,-0.08213087,-0.629967,-10.20327,74
45,75,-0.08085765,-0.6299672,-10.20327,75
45,76,-0.08036779,-0.6299673,-10.203273,76
45,77,-0.080129735,-0.6299673,-10.203277,77
45,78,-0.08163766,-0.6299674,-10.203282,78
45,79,-0.082629636,-0.6299674,-10.203288,79
45,80,-0.08353294,-0.6299673,-10.203294,80
45,81,-0.08480056,-0.6299672,-10.203299,81
45,82,-0.08674513,-0.6299671,-10.203303,82
45,83,-0.093505554,-0.6299667,-10.203302,83
45,84,-0.09640486,-0.6299665,-10.203301,84
45,85,-0.09790621,-0.62996614,-10.2033,85
45,86,-0.09885788,-0.62996584,-10.203299,86
45,87,-0.09960426,-0.62996554,-10.203297,87
45,88,-0.10076242,-0.62996525,-10.203294,88
45,89,-0.1014987,-0.6299649,-10.203291,89
45,90,-0.10287679,-0.62996453,-10.203284,90
45,91,-0.10407301,-0.62996435,-10.203274,91
45,92,-0.10482612,-0.62996423,-10.203261,92
45,93,-0.104758285,-0.6299641,-10.203254,93
45,94,-0.10480546,-0.629964,-10.203245,94
45,95,-0.10502004,-0.629964,-10.203238,95
45,96,-0.102721706,-0.62996393,-10.203235,96
45,97,-0.10125938,-0.629964,-10.203228,97
45,98,-0.10014311,-0.629964,-10.203223,98
45,99,-0.09850676,-0.6299641,-10.203218,99
45,100,-0.09733141,-0.62996435,-10.203218,100
45,101,-0.094369665,-0.6299643,-10.2032175,101
45,102,-0.09288663,-0.62996453,-10.2032175,102
45,103,-0.08737798,-0.62996477,-10.203223,103
45,104,-0.084394515,-0.62996507,-10.203228,104
45,105,-0.08182976,-0.62996525,-10.203236,105
45,106,-0.07931724,-0.6299656,-10.20324,106
45,107,-0.07802246,-0.6299658,-10.203247,107
45,108,-0.077616364,-0.62996614,-10.203254,108
45,109,-0.07643245,-0.62996614,-10.203261,109
45,110,-0.07798232,-0.6299664,-10.20326,110
45,111,-0.07972372,-0.6299667,-10.20326,111
45,112,-0.080986805,-0.6299667,-10.203264,112
45,113,-0.08165506,-0.6299668,-10.203265,113
45,114,-0.08405057,-0.629967,-10.203271,114
45,115,-0.08738519,-0.629967,-10.203277,115
45,116,-0.089071445,-0.629967,-10.203281,116
45,117,-0.09016719,-0.6299668,-10.203286,117
45,118,-0.091304526,-0.6299667,-10.203287,118
45,119,-0.09213018,-0.62996644,-10.203289,119
45,120,-0.092758015,-0.62996626,-10.203291,120
45,121,-0.093511455,-0.6299661,-10.203291,121
45,122,-0.09403012,-0.62996584,-10.203287,122
45,123,-0.09577082,-0.6299656,-10.203283,123
45,124,-0.09667721,-0.6299655,-10.203275,124
45,125,-0.097651616,-0.62996525,-10.203269,125
45,126,-0.099201135,-0.6299651,-10.2032585,126
45,127,-0.10130554,-0.62996507,-10.203247,127
45,128,-0.102559716,-0.62996495,-10.203238,128
45,129,-0.102664806,-0.6299649,-10.203232,129
45,130,-0.10217723,-0.62996477,-10.203227,130
45,131,-0.10099272,-0.62996465,-10.203218,131
45,132,-0.09923462,-0.62996465,-10.203216,132
45,133,-0.098119244,-0.6299646,-10.203212,133
45,134,-0.097347856,-0.6299647,-10.203209,134
45,135,-0.09421566,-0.6299648,-10.203216,135
45,136,-0.09268768,-0.62996477,-10.203222,136
45,137,-0.09142569,-0.62996495,-10.203233,137
45,138,-0.09017995,-0.6299649,-10.203242,138
45,139,-0.089229845,-0.6299648,-10.20325,139
45,140,-0.08857093,-0.62996495,-10.203257,140
45,141,-0.0883071,-0.62996495,-10.203261,141
45,142,-0.08674041,-0.6299649,-10.203263,142
45,143,-0.085796416,-0.629965,-10.20326,143
45,144,-0.085236154,-0.6299651,-10.2032585,144
45,145,-0.08424353,-0.62996525,-10.203254,145
45,146,-0.08090478,-0.62996566,-10.203255,146
45,147,-0.08102772,-0.62996596,-10.203265,147
45,148,-0.0822751,-0.6299661,-10.203273,148
45,149,-0.08294399,-0.62996614,-10.203278,149
45,150,-0.08344109,-0.62996614,-10.203282,150
45,151,-0.08643269,-0.629966,-10.2032795,151
45,152,-0.08780674,-0.62996614,-10.203275,152
45,153,-0.089054845,-0.6299661,-10.203268,153
45,154,-0.090507045,-0.62996596,-10.203259,154
45,155,-0.09144019,-0.62996614,-10.203254,155
45,156,-0.091955364,-0.6299661,-10.203247,156
45,157,-0.09216043,-0.6299661,-10.203244,157
45,158,-0.09218073,-0.6299661,-10.203241,158
45,159,-0.09238105,-0.62996614,-10.203244,159
45,160,-0.09258094,-0.629966,-10.20325,160
45,161,-0.09258371,-0.62996584,-10.203256,161
45,162,-0.09279707,-0.6299657,-10.203261,162
45,163,-0.09343872,-0.6299654,-10.203265,163
45,164,-0.09352839,-0.62996525,-10.203268,164
45,165,-0.0932003,-0.6299651,-10.20327,165
45,166,-0.09306415,-0.629965,-10.20327,166
45,167,-0.09162155,-0.6299649,-10.203273,167
45,168,-0.09003612,-0.62996495,-10.203273,168
45,169,-0.08918865,-0.6299648,-10.203275,169
45,170,-0.088251255,-0.62996495,-10.203277,170
45,171,-0.08737473,-0.629965,-10.2032795,171
45,172,-0.08597465,-0.62996507,-10.203283,172
45,173,-0.08214489,-0.6299652,-10.203292,173
45,174,-0.08178547,-0.6299654,-10.203298,174
45,175,-0.085183665,-0.62996536,-10.203299,175
45,176,-0.08768718,-0.6299654,-10.2033,176
45,177,-0.08935175,-0.62996554,-10.203299,177
45,178,-0.094045594,-0.62996536,-10.203296,178
45,179,-0.09655176,-0.62996525,-10.203291,179
45,180,-0.098952346,-0.62996525,-10.203284,180
45,181,-0.10111118,-0.629965,-10.203278,181
45,182,-0.10319163,-0.62996477,-10.203269,182
45,183,-0.103840016,-0.62996453,-10.203259,183
45,184,-0.10316767,-0.62996453,-10.203252,184
45,185,-0.10223673,-0.6299644,-10.203245,185
45,186,-0.10155976,-0.6299643,-10.203239,186
45,187,-0.09813835,-0.62996423,-10.203236,187
45,188,-0.09326012,-0.62996435,-10.203236,188
45,189,-0.09030529,-0.62996453,-10.203233,189
45,190,-0.08804851,-0.6299647,-10.203231,190
45,191,-0.08351768,-0.6299649,-10.20323,191
45,192,-0.08144129,-0.62996507,-10.203228,192
45,193,-0.081588835,-0.62996536,-10.203228,193
45,194,-0.08603754,-0.62996554,-10.203223,194
45,195,-0.088158675,-0.62996566,-10.203221,195
45,196,-0.08955543,-0.6299657,-10.203218,196
45,197,-0.090374224,-0.6299658,-10.203218,197
45,198,-0.09077283,-0.6299658,-10.20322,198
45,199,-0.09178207,-0.6299659,-10.203225,199
46,0,0.008077671,-0.09836117,-2.2239888,0
46,1,-0.0014823527,-0.22985934,-4.5393615,1
46,2,-0.011270126,-0.3860732,-6.8587728,2
46,3,-0.020425625,-0.51419693,-8.599733,3
46,4,-0.03442478,-0.58559763,-9.552789,4
46,5,-0.050646506,-0.61515737,-9.969897,5
46,6,-0.06342259,-0.625226,-10.124767,6
46,7,-0.08178354,-0.6283566,-10.175499,7
46,8,-0.09918626,-0.62934434,-10.192478,8
46,9,-0.11407023,-0.62968767,-10.198545,9
46,10,-0.12632997,-0.6298235,-10.200963,10
46,11,-0.13589433,-0.6298848,-10.20205,11
46,12,-0.14294927,-0.6299159,-10.202597,12
46,13,-0.14809158,-0.62993324,-10.202899,13
46,14,-0.15170789,-0.6299436,-10.203077,14
46,15,-0.15434808,-0.6299502,-10.203194,15
46,16,-0.15632614,-0.62995476,-10.203269,16
46,17,-0.15712938,-0.62995785,-10.203321,17
46,18,-0.15766072,-0.62995994,-10.203359,18
46,19,-0.15930933,-0.62996155,-10.203386,19
46,20,-0.1607026,-0.6299626,-10.203405,20
46,21,-0.16107254,-0.6299634,-10.203421,21
46,22,-0.16096334,-0.629964,-10.203433,22
46,23,-0.16086121,-0.6299644,-10.203443,23
46,24,-0.1597387,-0.6299648,-10.203451,24
46,25,-0.16008168,-0.6299651,-10.203457,25
46,26,-0.160511,-0.6299654,-10.203462,26
46,27,-0.16118939,-0.6299656,-10.203466,27
46,28,-0.16278197,-0.6299658,-10.20347,28
46,29,-0.16366877,-0.62996596,-10.20347,29
46,30,-0.16433463,-0.6299661,-10.203473,30
46,31,-0.16422091,-0.6299662,-10.203476,31
46,32,-0.16341014,-0.62996626,-10.203477,32
46,33,-0.16262022,-0.62996626,-10.20348,33
46,34,-0.16164885,-0.62996644,-10.203481,34
46,35,-0.1609236,-0.6299665,-10.203483,35
46,36,-0.15689424,-0.62996656,-10.2034855,36
46,37,-0.15616888,-0.6299666,-10.203487,37
46,38,-0.1560634,-0.6299667,-10.20349,38
46,39,-0.1562968,-0.6299668,-10.203493,39
46,40,-0.1578947,-0.6299667,-10.203493,40
46,41,-0.1602422,-0.6299667,-10.203491,41
46,42,-0.16115575,-0.6299668,-10.203491,42
46,43,-0.1610243,-0.6299668,-10.203491,43
46,44,-0.16059887,-0.6299669,-10.20349,44
46,45,-0.16025464,-0.629967,-10.203493,45
46,46,-0.15733774,-0.6299671,-10.203495,46
46,47,-0.15511766,-0.62996715,-10.203496,47
46,48,-0.1534886,-0.6299674,-10.203499,48
46,49,-0.15158777,-0.62996745,-10.203501,49
46,50,-0.1500569,-0.6299677,-10.203505,50
46,51,-0.14885223,-0.62996775,-10.203505,51
46,52,-0.14641818,-0.62996775,-10.203507,52
46,53,-0.14488722,-0.6299677,-10.203509,53
46,54,-0.14584011,-0.6299676,-10.20351,54
46,55,-0.14680493,-0.62996745,-10.203512,55
46,56,-0.14754976,-0.62996745,-10.203513,56
46,57,-0.14746861,-0.62996745,-10.203513,57
46,58,-0.14675342,-0.62996763,-10.203514,58
46,59,-0.14618793,-0.6299678,-10.203515,59
46,60,-0.14528465,-0.62996787,-10.203518,60
46,61,-0.14461495,-0.6299681,-10.203518,61
46,62,-0.14394028,-0.62996817,-10.203519,62
46,63,-0.14540984,-0.6299683,-10.20352,63
46,64,-0.14659761,-0.6299684,-10.20352,64
46,65,-0.1456579,-0.62996846,-10.203519,65
46,66,-0.14911778,-0.62996846,-10.20352,66
46,67,-0.15214345,-0.6299686,-10.203515,67
46,68,-0.15418936,-0.62996846,-10.203514,68
46,69,-0.15606272,-0.62996835,-10.203509,69
46,70,-0.15748908,-0.62996817,-10.203507,70
46,71,-0.15841545,-0.6299681,-10.2035055,71
46,72,-0.15912941,-0.6299678,-10.203503,72
46,73,-0.1603153,-0.62996775,-10.2035,73
46,74,-0.1611814,-0.6299676,-10.203496,74
46,75,-0.16229953,-0.62996745,-10.203494,75
46,76,-0.16499627,-0.62996733,-10.20349,76
46,77,-0.16643682,-0.6299672,-10.20349,77
46,78,-0.16682829,-0.62996715,-10.203486,78
46,79,-0.165843,-0.62996715,-10.203486,79
46,80,-0.16326031,-0.62996703,-10.2034855,80
46,81,-0.16101825,-0.62996703,-10.2034855,81
46,82,-0.15951337,-0.629967,-10.203486,82
46,83,-0.155238,-0.62996686,-10.203487,83
46,84,-0.15230657,-0.62996674,-10.20349,84
46,85,-0.15015034,-0.62996686,-10.203494,85
46,86,-0.14873348,-0.62996674,-10.203496,86
46,87,-0.14684227,-0.62996674,-10.2035,87
46,88,-0.14702213,-0.6299668,-10.203503,88
46,89,-0.1479785,-0.6299669,-10.203504,89
46,90,-0.14883697,-0.629967,-10.203505,90
46,91,-0.15147766,-0.629967,-10.203504,91
46,92,-0.15351121,-0.62996703,-10.203504,92
46,93,-0.15538016,-0.629967,-10.203503,93
46,94,-0.15835913,-0.62996703,-10.203501,94
46,95,-0.1617944,-0.629967,-10.203498,95
46,96,-0.16591966,-0.62996674,-10.203491,96
46,97,-0.16897923,-0.62996656,-10.203486,97
46,98,-0.17132999,-0.6299664,-10.20348,98
46,99,-0.17399107,-0.6299661,-10.203476,99
46,100,-0.17444044,-0.6299658,-10.20347,100
46,101,-0.17404456,-0.6299656,-10.203467,101
46,102,-0.17363496,-0.62996536,-10.203466,102
46,103,-0.1693623,-0.6299651,-10.203464,103
46,104,-0.1661908,-0.6299649,-10.203465,104
46,105,-0.16390064,-0.62996477,-10.203465,105
46,106,-0.16076879,-0.62996465,-10.203468,106
46,107,-0.1612878,-0.62996453,-10.203468,107
46,108,-0.16302548,-0.6299645,-10.203467,108
46,109,-0.16501863,-0.62996453,-10.203467,109
46,110,-0.16976717,-0.62996453,-10.203464,110
46,111,-0.16993651,-0.62996435,-10.203463,111
46,112,-0.1678896,-0.6299644,-10.203463,112
46,113,-0.16328189,-0.6299643,-10.203465,113
46,114,-0.16266382,-0.62996435,-10.203467,114
46,115,-0.1647195,-0.62996435,-10.203467,115
46,116,-0.16901617,-0.6299644,-10.203466,116
46,117,-0.16918944,-0.62996453,-10.203466,117
46,118,-0.16619204,-0.62996453,-10.203465,118
46,119,-0.16125943,-0.62996453,-10.203471,119
46,120,-0.16015469,-0.62996453,-10.203473,120
46,121,-0.1606433,-0.62996465,-10.203475,121
46,122,-0.16198191,-0.62996477,-10.203476,122
46,123,-0.16325419,-0.6299648,-10.203476,123
46,124,-0.16411509,-0.62996495,-10.203476,124
46,125,-0.16669556,-0.6299651,-10.203475,125
46,126,-0.1684949,-0.6299652,-10.203473,126
46,127,-0.169901,-0.62996536,-10.203471,127
46,128,-0.17219606,-0.6299654,-10.203468,128
46,129,-0.17343299,-0.6299654,-10.203467,129
46,130,-0.17253067,-0.6299654,-10.203465,130
46,131,-0.17083792,-0.6299653,-10.203464,131
46,132,-0.16915277,-0.62996536,-10.203464,132
46,133,-0.16794972,-0.62996525,-10.203464,133
46,134,-0.1649199,-0.62996525,-10.203465,134
46,135,-0.16169621,-0.62996507,-10.203467,135
46,136,-0.15960126,-0.629965,-10.20347,136
46,137,-0.1579083,-0.62996507,-10.20347,137
46,138,-0.15549198,-0.62996507,-10.203473,138
46,139,-0.1552501,-0.629965,-10.203476,139
46,140,-0.15577495,-0.629965,-10.203476,140
46,141,-0.15632254,-0.629965,-10.203478,141
46,142,-0.16180238,-0.629965,-10.203473,142
46,143,-0.1658768,-0.629965,-10.203472,143
46,144,-0.1688153,-0.62996495,-10.203471,144
46,145,-0.17118628,-0.6299649,-10.203466,145
46,146,-0.17284602,-0.6299648,-10.203465,146
46,147,-0.17415427,-0.62996477,-10.203462,147
46,148,-0.17418079,-0.62996465,-10.203458,148
46,149,-0.172567,-0.62996453,-10.203461,149
46,150,-0.16974516,-0.6299644,-10.203459,150
46,151,-0.16695346,-0.62996435,-10.203463,151
46,152,-0.16481385,-0.6299643,-10.203463,152
46,153,-0.1634409,-0.62996435,-10.203465,153
46,154,-0.16255452,-0.6299644,-10.203467,154
46,155,-0.1620384,-0.62996453,-10.20347,155
46,156,-0.1610838,-0.62996465,-10.20347,156
46,157,-0.16028976,-0.62996477,-10.203471,157
46,158,-0.15974271,-0.6299648,-10.203472,158
46,159,-0.1592679,-0.62996495,-10.203473,159
46,160,-0.15799618,-0.62996495,-10.203475,160
46,161,-0.15875714,-0.6299649,-10.203475,161
46,162,-0.16044039,-0.62996495,-10.203475,162
46,163,-0.15967737,-0.62996477,-10.203472,163
46,164,-0.1592205,-0.62996477,-10.203471,164
46,165,-0.16589682,-0.62996465,-10.203468,165
46,166,-0.17151958,-0.62996435,-10.203463,166
46,167,-0.17641327,-0.629964,-10.203454,167
46,168,-0.17814042,-0.62996376,-10.203451,168
46,169,-0.17838813,-0.6299635,-10.203446,169
46,170,-0.17827916,-0.62996334,-10.203442,170
46,171,-0.17574553,-0.62996316,-10.20344,171
46,172,-0.1737474,-0.629963,-10.203439,172
46,173,-0.17190853,-0.6299628,-10.203438,173
46,174,-0.16832042,-0.6299628,-10.203439,174
46,175,-0.16659309,-0.62996274,-10.203439,175
46,176,-0.16592282,-0.6299626,-10.203439,176
46,177,-0.16568935,-0.6299624,-10.203439,177
46,178,-0.16653408,-0.6299622,-10.20344,178
46,179,-0.16741633,-0.6299621,-10.20344,179
46,180,-0.16824743,-0.62996197,-10.20344,180
46,181,-0.16920686,-0.6299618,-10.20344,181
46,182,-0.17062916,-0.6299618,-10.20344,182
46,183,-0.17530897,-0.6299618,-10.203437,183
46,184,-0.17813577,-0.6299618,-10.203434,184
46,185,-0.17940941,-0.6299618,-10.203432,185
46,186,-0.18007304,-0.6299618,-10.203432,186
46,187,-0.18044855,-0.6299618,-10.203429,187
46,188,-0.18105592,-0.6299618,-10.203428,188
46,189,-0.18133408,-0.6299618,-10.203427,189
46,190,-0.18249843,-0.629962,-10.203425,190
46,191,-0.18368216,-0.62996215,-10.203424,191
46,192,-0.18427755,-0.62996227,-10.203423,192
46,193,-0.18404225,-0.6299623,-10.20342,193
46,194,-0.18373543,-0.62996227,-10.20342,194
46,195,-0.18367004,-0.6299622,-10.203417,195
46,196,-0.18199064,-0.62996227,-10.203419,196
46,197,-0.1805613,-0.6299623,-10.203417,197
46,198,-0.17946498,-0.62996227,-10.203419,198
46,199,-0.17807607,-0.62996227,-10.203419,199
47,0,0.023634465,-0.061245598,-1.3515745,0
47,1,0.0330658,-0.11628919,-2.2839394,1
47,2,0.041159786,-0.18728235,-3.3166373,2
47,3,0.046539944,-0.27275282,-4.4868073,3
47,4,0.04676563,-0.36201337,-5.691294,4
47,5,0.04180583,-0.4441386,-6.8325067,5
47,6,0.032541476,-0.5114586,-7.8413877,6
47,7,0.017926572,-0.5594349,-8.641943,7
47,8,0.00012605963,-0.5904314,-9.226131,8
47,9,-0.019037237,-0.60882705,-9.623061,9
47,10,-0.040055823,-0.6189401,-9.872852,10
47,11,-0.056785394,-0.6243456,-10.0237255,11
47,12,-0.06966864,-0.62712234,-10.109714,12
47,13,-0.07736662,-0.62852186,-10.156058,13
47,14,-0.08602123,-0.629206,-10.179447,14
47,15,-0.09578068,-0.62954396,-10.19092,15
47,16,-0.10772926,-0.6297157,-10.196563,16
47,17,-0.11559782,-0.62980896,-10.199462,17
47,18,-0.11937595,-0.62986284,-10.201021,18
47,19,-0.119796,-0.6298957,-10.201903,19
47,20,-0.12374654,-0.629916,-10.202413,20
47,21,-0.12866625,-0.629929,-10.2027235,21
47,22,-0.13423702,-0.6299376,-10.202921,22
47,23,-0.1391973,-0.62994355,-10.20305,23
47,24,-0.1432138,-0.6299477,-10.203137,24
47,25,-0.14904791,-0.6299507,-10.2031975,25
47,26,-0.1536197,-0.6299528,-10.203239,26
47,27,-0.1575273,-0.6299543,-10.203268,27
47,28,-0.16210875,-0.6299555,-10.203289,28
47,29,-0.16544056,-0.6299563,-10.203302,29
47,30,-0.16648313,-0.6299569,-10.203315,30
47,31,-0.16623038,-0.6299575,-10.203321,31
47,32,-0.16552918,-0.6299579,-10.203331,32
47,33,-0.16495085,-0.62995833,-10.203337,33
47,34,-0.16207314,-0.62995875,-10.203344,34
47,35,-0.1585299,-0.62995917,-10.20335,35
47,36,-0.15580069,-0.62995964,-10.203358,36
47,37,-0.1533171,-0.62996006,-10.203362,37
47,38,-0.14982331,-0.62996054,-10.203369,38
47,39,-0.14868942,-0.6299609,-10.203374,39
47,40,-0.14847,-0.6299612,-10.203378,40
47,41,-0.14838338,-0.6299615,-10.203379,41
47,42,-0.15391694,-0.6299613,-10.203382,42
47,43,-0.15824912,-0.62996113,-10.203379,43
47,44,-0.16155644,-0.62996095,-10.203377,44
47,45,-0.16437519,-0.62996066,-10.203373,45
47,46,-0.16654433,-0.6299604,-10.203371,46
47,47,-0.16833873,-0.6299602,-10.203368,47
47,48,-0.16880389,-0.6299598,-10.203366,48
47,49,-0.1674778,-0.6299597,-10.203366,49
47,50,-0.16458851,-0.6299596,-10.203368,50
47,51,-0.16140138,-0.62995964,-10.203372,51
47,52,-0.15873696,-0.62995976,-10.203377,52
47,53,-0.15683807,-0.6299598,-10.203381,53
47,54,-0.15549111,-0.62996,-10.203385,54
47,55,-0.1545585,-0.62996024,-10.203386,55
47,56,-0.153437,-0.6299604,-10.203388,56
47,57,-0.15240438,-0.62996066,-10.20339,57
47,58,-0.15170385,-0.62996083,-10.203391,58
47,59,-0.15105145,-0.6299612,-10.20339,59
47,60,-0.14926189,-0.6299614,-10.20339,60
47,61,-0.14961633,-0.6299616,-10.203387,61
47,62,-0.15117022,-0.62996167,-10.203385,62
47,63,-0.15000874,-0.6299618,-10.2033825,63
47,64,-0.14914915,-0.6299619,-10.203379,64
47,65,-0.15599927,-0.62996167,-10.203374,65
47,66,-0.16175437,-0.6299613,-10.203366,66
47,67,-0.16688132,-0.62996066,-10.203358,67
47,68,-0.16887337,-0.6299603,-10.203352,68
47,69,-0.16941582,-0.6299599,-10.203343,69
47,70,-0.16961068,-0.6299595,-10.203339,70
47,71,-0.16733365,-0.6299593,-10.203335,71
47,72,-0.16536945,-0.62995917,-10.203332,72
47,73,-0.16346282,-0.62995917,-10.203331,73
47,74,-0.15948837,-0.62995934,-10.20333,74
47,75,-0.15707383,-0.62995946,-10.203332,75
47,76,-0.15570977,-0.6299595,-10.203334,76
47,77,-0.15473053,-0.62995964,-10.203334,77
47,78,-0.15472932,-0.6299596,-10.203336,78
47,79,-0.1548572,-0.6299596,-10.203339,79
47,80,-0.15491673,-0.6299595,-10.20334,80
47,81,-0.15517099,-0.6299594,-10.203343,81
47,82,-0.15612635,-0.6299593,-10.203345,82
47,83,-0.16103034,-0.62995905,-10.203345,83
47,84,-0.16418861,-0.6299588,-10.203344,84
47,85,-0.1658431,-0.62995857,-10.2033415,85
47,86,-0.16689704,-0.6299583,-10.2033415,86
47,87,-0.16767925,-0.62995815,-10.20334,87
47,88,-0.16881558,-0.6299579,-10.20334,88
47,89,-0.1695865,-0.62995774,-10.203341,89
47,90,-0.17173402,-0.6299576,-10.203336,90
47,91,-0.17396641,-0.62995744,-10.203332,91
47,92,-0.17570774,-0.6299573,-10.203327,92
47,93,-0.17653547,-0.62995726,-10.203322,93
47,94,-0.17712142,-0.6299572,-10.203321,94
47,95,-0.1777752,-0.629957,-10.203317,95
47,96,-0.17704786,-0.629957,-10.203315,96
47,97,-0.17622313,-0.629957,-10.203313,97
47,98,-0.17559275,-0.629957,-10.203312,98
47,99,-0.17459433,-0.62995714,-10.203311,99
47,100,-0.17371483,-0.6299572,-10.203311,100
47,101,-0.1717006,-0.6299573,-10.203313,101
47,102,-0.17020935,-0.6299575,-10.203315,102
47,103,-0.16592295,-0.6299578,-10.203318,103
47,104,-0.16241726,-0.6299582,-10.203322,104
47,105,-0.15942246,-0.62995857,-10.203326,105
47,106,-0.1564343,-0.6299589,-10.203332,106
47,107,-0.15424554,-0.6299592,-10.203336,107
47,108,-0.15280841,-0.6299595,-10.203339,108
47,109,-0.1513032,-0.6299598,-10.203344,109
47,110,-0.15193172,-0.62996006,-10.203345,110
47,111,-0.15311036,-0.6299603,-10.203344,111
47,112,-0.15417166,-0.6299605,-10.203344,112
47,113,-0.15480939,-0.62996036,-10.203343,113
47,114,-0.15621011,-0.62996036,-10.203343,114
47,115,-0.15873967,-0.62996006,-10.2033415,115
47,116,-0.16038403,-0.6299598,-10.2033415,116
47,117,-0.16144766,-0.62995964,-10.2033415,117
47,118,-0.16241074,-0.62995946,-10.203343,118
47,119,-0.1631784,-0.6299592,-10.203343,119
47,120,-0.16381179,-0.62995905,-10.203343,120
47,121,-0.16463284,-0.6299589,-10.203343,121
47,122,-0.16531304,-0.62995875,-10.203343,122
47,123,-0.16730025,-0.62995857,-10.2033415,123
47,124,-0.16884923,-0.62995857,-10.20334,124
47,125,-0.17038104,-0.6299584,-10.203336,125
47,126,-0.17252514,-0.6299583,-10.203332,126
47,127,-0.17472357,-0.6299581,-10.203327,127
47,128,-0.17645858,-0.629958,-10.203321,128
47,129,-0.17716837,-0.62995774,-10.203317,129
47,130,-0.17722203,-0.62995756,-10.203313,130
47,131,-0.17706339,-0.62995744,-10.20331,131
47,132,-0.17584927,-0.6299573,-10.203306,132
47,133,-0.17479853,-0.62995726,-10.203305,133
47,134,-0.17398234,-0.6299572,-10.203302,134
47,135,-0.17076224,-0.62995726,-10.203302,135
47,136,-0.16827258,-0.6299573,-10.203308,136
47,137,-0.16615333,-0.6299573,-10.203313,137
47,138,-0.16395137,-0.62995756,-10.203317,138
47,139,-0.16237588,-0.6299576,-10.203322,139
47,140,-0.16120733,-0.62995774,-10.203326,140
47,141,-0.16044304,-0.6299579,-10.203332,141
47,142,-0.15975545,-0.6299581,-10.203334,142
47,143,-0.15904112,-0.6299584,-10.203335,143
47,144,-0.15866178,-0.6299586,-10.203336,144
47,145,-0.15819326,-0.62995905,-10.203336,145
47,146,-0.15524745,-0.62995934,-10.203337,146
47,147,-0.1535984,-0.6299596,-10.20334,147
47,148,-0.1538293,-0.6299596,-10.203343,148
47,149,-0.15408924,-0.62995964,-10.203345,149
47,150,-0.15430675,-0.6299596,-10.203346,150
47,151,-0.15705912,-0.62995964,-10.203345,151
47,152,-0.15909982,-0.62995964,-10.2033415,152
47,153,-0.16089952,-0.62995964,-10.203339,153
47,154,-0.16287586,-0.62995964,-10.203332,154
47,155,-0.16438921,-0.6299595,-10.203327,155
47,156,-0.16544348,-0.62995946,-10.203322,156
47,157,-0.1660806,-0.6299593,-10.2033205,157
47,158,-0.16645242,-0.6299593,-10.203316,158
47,159,-0.16614383,-0.62995905,-10.203313,159
47,160,-0.16590606,-0.62995875,-10.203315,160
47,161,-0.16542983,-0.62995857,-10.203316,161
47,162,-0.1648505,-0.6299583,-10.203318,162
47,163,-0.16496167,-0.62995815,-10.2033205,163
47,164,-0.16483307,-0.62995803,-10.203322,164
47,165,-0.16443823,-0.629958,-10.203324,165
47,166,-0.16409995,-0.629958,-10.203326,166
47,167,-0.16305867,-0.6299579,-10.203326,167
47,168,-0.1614782,-0.62995803,-10.20333,168
47,169,-0.16033767,-0.62995815,-10.203331,169
47,170,-0.15917918,-0.62995833,-10.203336,170
47,171,-0.15801132,-0.62995845,-10.203339,171
47,172,-0.15660597,-0.62995857,-10.203343,172
47,173,-0.1530805,-0.62995887,-10.203348,173
47,174,-0.15142404,-0.62995917,-10.203353,174
47,175,-0.15343383,-0.62995917,-10.203357,175
47,176,-0.15576097,-0.6299592,-10.203357,176
47,177,-0.15755148,-0.6299592,-10.203357,177
47,178,-0.16167712,-0.62995917,-10.203354,178
47,179,-0.16489992,-0.6299589,-10.203352,179
47,180,-0.16777812,-0.62995875,-10.203346,180
47,181,-0.1704489,-0.62995857,-10.203341,181
47,182,-0.1731981,-0.62995845,-10.203335,182
47,183,-0.17495622,-0.62995815,-10.203329,183
47,184,-0.17537212,-0.62995803,-10.203325,184
47,185,-0.17516914,-0.6299578,-10.2033205,185
47,186,-0.17491284,-0.62995774,-10.203316,186
47,187,-0.17264758,-0.6299577,-10.203315,187
47,188,-0.16905029,-0.62995785,-10.203316,188
47,189,-0.1661954,-0.6299579,-10.203317,189
47,190,-0.16400214,-0.62995815,-10.203318,190
47,191,-0.16038701,-0.62995845,-10.2033205,191
47,192,-0.15785578,-0.62995887,-10.203321,192
47,193,-0.15713793,-0.6299592,-10.203322,193
47,194,-0.1600416,-0.6299593,-10.203321,194
47,195,-0.16227762,-0.6299593,-10.203318,195
47,196,-0.16375077,-0.62995934,-10.203315,196
47,197,-0.16469812,-0.62995917,-10.203311,197
47,198,-0.1652572,-0.62995917,-10.203307,198
47,199,-0.16553852,-0.62995887,-10.203307,199
48,0,-0.0040977304,-0.11907503,-1.806189,0
48,1,-0.03060602,-0.25268966,-3.43494,1
48,2,-0.05501046,-0.38435516,-5.212715,2
48,3,-0.074589975,-0.4876837,-6.8925676,3
48,4,-0.09203896,-0.5548295,-8.195265,4
48,5,-0.106761016,-0.59300816,-9.079426,5
48,6,-0.118269034,-0.6128557,-9.628812,6
48,7,-0.13482946,-0.62233746,-9.918423,7
48,8,-0.14916301,-0.62658536,-10.0648775,8
48,9,-0.16146854,-0.6284446,-10.135873,9
48,10,-0.17126495,-0.62925726,-10.16964,10
48,11,-0.17815575,-0.6296203,-10.185768,11
48,12,-0.1822605,-0.62978935,-10.193683,12
48,13,-0.18434109,-0.6298724,-10.197721,13
48,14,-0.18519561,-0.62991595,-10.199896,14
48,15,-0.18532914,-0.6299401,-10.201123,15
48,16,-0.18525048,-0.62995416,-10.201856,16
48,17,-0.18445896,-0.62996304,-10.202313,17
48,18,-0.18389553,-0.6299687,-10.20261,18
48,19,-0.18479817,-0.62997246,-10.202805,19
48,20,-0.18517055,-0.6299752,-10.20294,20
48,21,-0.18453456,-0.629977,-10.203038,21
48,22,-0.1835711,-0.6299783,-10.203111,22
48,23,-0.18276349,-0.6299794,-10.203167,23
48,24,-0.18104813,-0.6299801,-10.203213,24
48,25,-0.18090579,-0.62998074,-10.203245,25
48,26,-0.18076646,-0.6299811,-10.203271,26
48,27,-0.18100943,-0.62998146,-10.203293,27
48,28,-0.18230055,-0.62998176,-10.203305,28
48,29,-0.18278463,-0.629982,-10.203317,29
48,30,-0.18319668,-0.6299822,-10.203326,30
48,31,-0.18286052,-0.62998223,-10.203334,31
48,32,-0.18193531,-0.62998235,-10.203341,32
48,33,-0.18120712,-0.6299825,-10.203349,33
48,34,-0.18030526,-0.62998253,-10.203357,34
48,35,-0.17969522,-0.62998265,-10.203362,35
48,36,-0.17555013,-0.62998265,-10.203373,36
48,37,-0.17540738,-0.6299828,-10.203382,37
48,38,-0.17477511,-0.6299828,-10.203388,38
48,39,-0.17447828,-0.62998295,-10.203395,39
48,40,-0.17564104,-0.62998307,-10.203397,40
48,41,-0.17705722,-0.6299831,-10.203398,41
48,42,-0.1771688,-0.629983,-10.203401,42
48,43,-0.17674915,-0.62998307,-10.203401,43
48,44,-0.17643744,-0.62998307,-10.203401,44
48,45,-0.17636529,-0.6299831,-10.203402,45
48,46,-0.17350493,-0.62998295,-10.203407,46
48,47,-0.17272389,-0.629983,-10.20341,47
48,48,-0.17234592,-0.62998307,-10.203412,48
48,49,-0.1715285,-0.62998307,-10.203416,49
48,50,-0.17124853,-0.62998307,-10.203419,50
48,51,-0.17107421,-0.6299831,-10.203421,51
48,52,-0.16881864,-0.6299833,-10.203427,52
48,53,-0.16636023,-0.62998325,-10.203434,53
48,54,-0.16632834,-0.6299835,-10.203439,54
48,55,-0.16569139,-0.6299834,-10.203444,55
48,56,-0.16504969,-0.6299836,-10.203447,56
48,57,-0.16389894,-0.62998354,-10.203452,57
48,58,-0.1629656,-0.62998354,-10.203453,58
48,59,-0.16289322,-0.62998354,-10.203457,59
48,60,-0.1624201,-0.62998354,-10.203459,60
48,61,-0.16247737,-0.62998354,-10.203459,61
48,62,-0.16249256,-0.6299836,-10.203462,62
48,63,-0.1651022,-0.62998366,-10.203458,63
48,64,-0.16718367,-0.6299836,-10.203458,64
48,65,-0.1666037,-0.62998354,-10.203458,65
48,66,-0.17102654,-0.6299836,-10.203451,66
48,67,-0.17417558,-0.6299836,-10.2034445,67
48,68,-0.17618695,-0.6299836,-10.203439,68
48,69,-0.17796627,-0.62998354,-10.203432,69
48,70,-0.17894113,-0.62998354,-10.203425,70
48,71,-0.1793437,-0.6299835,-10.203421,71
48,72,-0.17961472,-0.62998337,-10.203416,72
48,73,-0.18044274,-0.62998337,-10.20341,73
48,74,-0.1809177,-0.6299833,-10.203405,74
48,75,-0.18178698,-0.6299833,-10.2034,75
48,76,-0.18439117,-0.62998325,-10.203391,76
48,77,-0.18543719,-0.6299832,-10.203386,77
48,78,-0.18550798,-0.629983,-10.203381,78
48,79,-0.18464385,-0.629983,-10.203376,79
48,80,-0.18257436,-0.6299829,-10.203377,80
48,81,-0.18067987,-0.6299828,-10.203377,81
48,82,-0.1793942,-0.6299828,-10.203379,82
48,83,-0.17487305,-0.6299829,-10.203388,83
48,84,-0.17156497,-0.629983,-10.203396,84
48,85,-0.16894327,-0.62998295,-10.203405,85
48,86,-0.16708536,-0.62998307,-10.203412,86
48,87,-0.16458035,-0.629983,-10.203421,87
48,88,-0.16465011,-0.62998325,-10.203427,88
48,89,-0.1651724,-0.6299833,-10.203432,89
48,90,-0.16544794,-0.6299833,-10.203434,90
48,91,-0.16798139,-0.6299833,-10.203434,91
48,92,-0.16923879,-0.62998337,-10.203435,92
48,93,-0.17052697,-0.6299835,-10.203434,93
48,94,-0.17322157,-0.6299835,-10.20343,94
48,95,-0.17415258,-0.62998337,-10.203424,95
48,96,-0.17769237,-0.6299833,-10.203415,96
48,97,-0.17984116,-0.6299831,-10.203405,97
48,98,-0.18157172,-0.62998307,-10.203395,98
48,99,-0.18390562,-0.6299829,-10.2033825,99
48,100,-0.18357621,-0.6299828,-10.203373,100
48,101,-0.18270123,-0.6299827,-10.203367,101
48,102,-0.18199569,-0.62998253,-10.2033615,102
48,103,-0.17656401,-0.6299825,-10.203364,103
48,104,-0.17309588,-0.6299824,-10.203367,104
48,105,-0.1704038,-0.6299824,-10.203372,105
48,106,-0.1663301,-0.6299824,-10.203381,106
48,107,-0.16739611,-0.6299824,-10.2033825,107
48,108,-0.16890132,-0.6299826,-10.203383,108
48,109,-0.17058362,-0.62998253,-10.2033825,109
48,110,-0.1759967,-0.6299826,-10.203376,110
48,111,-0.1747197,-0.6299825,-10.203374,111
48,112,-0.17198409,-0.6299824,-10.203377,112
48,113,-0.1663521,-0.6299823,-10.203385,113
48,114,-0.1670149,-0.62998253,-10.203386,114
48,115,-0.1700099,-0.6299825,-10.203386,115
48,116,-0.17524262,-0.6299826,-10.203378,116
48,117,-0.17458488,-0.62998253,-10.203378,117
48,118,-0.17100884,-0.6299825,-10.2033825,118
48,119,-0.1655779,-0.6299825,-10.203391,119
48,120,-0.1657942,-0.62998253,-10.203395,120
48,121,-0.16689508,-0.6299827,-10.203397,121
48,122,-0.16829596,-0.6299827,-10.2034,122
48,123,-0.1697133,-0.6299827,-10.203398,123
48,124,-0.17074575,-0.6299827,-10.203398,124
48,125,-0.1740639,-0.6299828,-10.203393,125
48,126,-0.17668296,-0.6299827,-10.203386,126
48,127,-0.17889751,-0.6299827,-10.203382,127
48,128,-0.18211679,-0.62998265,-10.203372,128
48,129,-0.18428245,-0.6299826,-10.203363,129
48,130,-0.18417458,-0.6299825,-10.203359,130
48,131,-0.18337443,-0.6299824,-10.203354,131
48,132,-0.18242423,-0.62998235,-10.203353,132
48,133,-0.18180531,-0.6299823,-10.203352,133
48,134,-0.17881806,-0.6299823,-10.203355,134
48,135,-0.17555754,-0.6299823,-10.203362,135
48,136,-0.17353693,-0.6299824,-10.203367,136
48,137,-0.17175409,-0.6299824,-10.203373,137
48,138,-0.16896464,-0.6299824,-10.2033825,138
48,139,-0.16895188,-0.62998253,-10.203388,139
48,140,-0.16936009,-0.6299826,-10.203391,140
48,141,-0.16964138,-0.62998265,-10.203395,141
48,142,-0.1758787,-0.62998277,-10.203388,142
48,143,-0.17911422,-0.6299827,-10.203383,143
48,144,-0.1813269,-0.6299827,-10.203378,144
48,145,-0.18312815,-0.62998265,-10.203371,145
48,146,-0.18428704,-0.62998265,-10.203362,146
48,147,-0.18525358,-0.62998253,-10.203355,147
48,148,-0.184763,-0.6299825,-10.203352,148
48,149,-0.18247084,-0.6299825,-10.203352,149
48,150,-0.17888409,-0.6299824,-10.203353,150
48,151,-0.17532855,-0.6299824,-10.20336,151
48,152,-0.17247444,-0.62998235,-10.203367,152
48,153,-0.17058837,-0.6299825,-10.203373,153
48,154,-0.16933675,-0.6299825,-10.203378,154
48,155,-0.16868427,-0.62998253,-10.2033825,155
48,156,-0.16735497,-0.6299825,-10.203387,156
48,157,-0.16749106,-0.6299825,-10.203391,157
48,158,-0.16781569,-0.6299825,-10.203393,158
48,159,-0.1681818,-0.6299825,-10.203395,159
48,160,-0.16746116,-0.6299824,-10.203398,160
48,161,-0.16923095,-0.6299825,-10.203397,161
48,162,-0.17157105,-0.6299825,-10.203395,162
48,163,-0.17091128,-0.6299823,-10.203395,163
48,164,-0.17116252,-0.62998235,-10.203393,164
48,165,-0.1794236,-0.6299824,-10.203381,165
48,166,-0.18415636,-0.62998253,-10.203369,166
48,167,-0.18757084,-0.6299825,-10.203355,167
48,168,-0.18763886,-0.6299823,-10.203346,168
48,169,-0.1869959,-0.6299822,-10.203337,169
48,170,-0.18646918,-0.6299821,-10.20333,170
48,171,-0.18334259,-0.62998194,-10.203327,171
48,172,-0.18165949,-0.62998194,-10.203326,172
48,173,-0.18008679,-0.6299818,-10.203327,173
48,174,-0.17648819,-0.6299817,-10.203331,174
48,175,-0.175531,-0.6299818,-10.203335,175
48,176,-0.17467795,-0.6299818,-10.203341,176
48,177,-0.17397101,-0.6299819,-10.203344,177
48,178,-0.17440768,-0.6299821,-10.203345,178
48,179,-0.17381717,-0.6299821,-10.203348,179
48,180,-0.17328763,-0.6299821,-10.20335,180
48,181,-0.17297019,-0.6299821,-10.203354,181
48,182,-0.1731047,-0.6299822,-10.203353,182
48,183,-0.17744647,-0.6299823,-10.203349,183
48,184,-0.17916448,-0.6299822,-10.2033415,184
48,185,-0.17944908,-0.6299822,-10.203339,185
48,186,-0.17933689,-0.6299821,-10.203335,186
48,187,-0.179205,-0.6299821,-10.203332,187
48,188,-0.17955388,-0.629982,-10.203327,188
48,189,-0.17972408,-0.62998194,-10.203325,189
48,190,-0.18080866,-0.6299818,-10.2033205,190
48,191,-0.18297714,-0.62998176,-10.203312,191
48,192,-0.18486342,-0.6299816,-10.203305,192
48,193,-0.1857874,-0.6299816,-10.203297,193
48,194,-0.18648118,-0.62998146,-10.203292,194
48,195,-0.18718828,-0.6299815,-10.203287,195
48,196,-0.18596153,-0.6299814,-10.203284,196
48,197,-0.18559402,-0.6299814,-10.203282,197
48,198,-0.18538141,-0.62998134,-10.203281,198
48,199,-0.18466568,-0.62998134,-10.203283,199
49,0,-0.0017206625,-0.12736431,-2.2969072,0
49,1,-0.025994385,-0.28215668,-4.626261,1
49,2,-0.050866056,-0.4342666,-6.8387694,2
49,3,-0.06997668,-0.54097015,-8.501881,3
49,4,-0.084423974,-0.5954552,-9.444003,4
49,5,-0.095247045,-0.6177812,-9.8906,5
49,6,-0.1035623,-0.62579536,-10.080412,6
49,7,-0.114904076,-0.6284883,-10.153859,7
49,8,-0.12561317,-0.6294017,-10.182243,8
49,9,-0.13439727,-0.62973,-10.193564,9
49,10,-0.14225583,-0.62985903,-10.198294,10
49,11,-0.14405383,-0.6299154,-10.200548,11
49,12,-0.14397237,-0.6299427,-10.201708,12
49,13,-0.14195193,-0.62995714,-10.20237,13
49,14,-0.14261581,-0.6299656,-10.202748,14
49,15,-0.1438505,-0.6299708,-10.202974,15
49,16,-0.14580944,-0.62997407,-10.2031145,16
49,17,-0.14478685,-0.6299763,-10.203212,17
49,18,-0.14271227,-0.6299777,-10.203282,18
49,19,-0.14011006,-0.62997884,-10.2033415,19
49,20,-0.14022377,-0.6299796,-10.203385,20
49,21,-0.1403626,-0.62998027,-10.203419,21
49,22,-0.14095913,-0.6299808,-10.203442,22
49,23,-0.14151931,-0.62998116,-10.203459,23
49,24,-0.14180692,-0.62998146,-10.20347,24
49,25,-0.14350975,-0.6299815,-10.203476,25
49,26,-0.14453565,-0.62998164,-10.203481,26
49,27,-0.14534318,-0.6299818,-10.203481,27
49,28,-0.14683558,-0.6299817,-10.203477,28
49,29,-0.14761673,-0.6299817,-10.203471,29
49,30,-0.14722304,-0.62998176,-10.203467,30
49,31,-0.14650637,-0.6299817,-10.203467,31
49,32,-0.14578874,-0.6299817,-10.203467,32
49,33,-0.14533816,-0.6299815,-10.20347,33
49,34,-0.14373727,-0.6299817,-10.203475,34
49,35,-0.142305,-0.6299817,-10.203481,35
49,36,-0.14160272,-0.62998164,-10.203489,36
49,37,-0.14105813,-0.6299818,-10.203495,37
49,38,-0.14010745,-0.62998176,-10.203505,38
49,39,-0.14042242,-0.6299817,-10.20351,39
49,40,-0.14082019,-0.6299819,-10.203519,40
49,41,-0.14112312,-0.6299818,-10.203524,41
49,42,-0.14392649,-0.62998194,-10.203524,42
49,43,-0.14511475,-0.6299821,-10.203522,43
49,44,-0.14585309,-0.62998205,-10.203518,44
49,45,-0.14632648,-0.629982,-10.203512,45
49,46,-0.1464754,-0.6299821,-10.2035055,46
49,47,-0.14647913,-0.6299821,-10.203501,47
49,48,-0.1457167,-0.62998205,-10.203496,48
49,49,-0.14417009,-0.62998205,-10.203495,49
49,50,-0.14217785,-0.6299822,-10.203494,50
49,51,-0.14046994,-0.6299822,-10.203496,51
49,52,-0.13935205,-0.6299822,-10.2035,52
49,53,-0.13882507,-0.62998205,-10.203505,53
49,54,-0.13866061,-0.6299821,-10.203508,54
49,55,-0.1387126,-0.6299821,-10.203512,55
49,56,-0.13908452,-0.6299821,-10.203514,56
49,57,-0.13978468,-0.6299821,-10.203519,57
49,58,-0.14041774,-0.629982,-10.203522,58
49,59,-0.14109527,-0.629982,-10.203523,59
49,60,-0.14119041,-0.62998194,-10.2035265,60
49,61,-0.14236484,-0.6299818,-10.203528,61
49,62,-0.1438698,-0.6299819,-10.203529,62
49,63,-0.14391272,-0.6299818,-10.203529,63
49,64,-0.14428405,-0.6299818,-10.203532,64
49,65,-0.147991,-0.62998194,-10.203528,65
49,66,-0.14952047,-0.62998194,-10.203524,66
49,67,-0.1507607,-0.62998205,-10.203515,67
49,68,-0.15039425,-0.629982,-10.203509,68
49,69,-0.14977951,-0.6299819,-10.203503,69
49,70,-0.14926225,-0.6299819,-10.203495,70
49,71,-0.1477242,-0.62998176,-10.203493,71
49,72,-0.14703536,-0.62998164,-10.203489,72
49,73,-0.1464461,-0.6299816,-10.203489,73
49,74,-0.1451775,-0.6299815,-10.203491,74
49,75,-0.1447547,-0.6299815,-10.203495,75
49,76,-0.14442463,-0.6299816,-10.203501,76
49,77,-0.14430201,-0.6299816,-10.203504,77
49,78,-0.144188,-0.6299817,-10.203508,78
49,79,-0.14384063,-0.6299818,-10.203512,79
49,80,-0.1435778,-0.6299819,-10.203513,80
49,81,-0.14330488,-0.62998205,-10.203518,81
49,82,-0.14334196,-0.62998205,-10.203518,82
49,83,-0.14552867,-0.6299822,-10.203514,83
49,84,-0.14613046,-0.6299821,-10.20351,84
49,85,-0.1460356,-0.62998235,-10.203505,85
49,86,-0.14580412,-0.6299823,-10.2035,86
49,87,-0.14557599,-0.6299823,-10.203494,87
49,88,-0.14564903,-0.62998235,-10.203489,88
49,89,-0.1455342,-0.62998235,-10.203482,89
49,90,-0.14643143,-0.6299822,-10.203472,90
49,91,-0.14771548,-0.62998205,-10.203465,91
49,92,-0.14857128,-0.629982,-10.203456,92
49,93,-0.14874816,-0.6299819,-10.203447,93
49,94,-0.14875935,-0.6299817,-10.203439,94
49,95,-0.14883956,-0.6299818,-10.203432,95
49,96,-0.14815125,-0.6299816,-10.203428,96
49,97,-0.14790586,-0.62998146,-10.203423,97
49,98,-0.14773774,-0.62998146,-10.203423,98
49,99,-0.14737119,-0.6299814,-10.203421,99
49,100,-0.14721175,-0.6299813,-10.203423,100
49,101,-0.14637215,-0.6299812,-10.203423,101
49,102,-0.14613731,-0.62998116,-10.203427,102
49,103,-0.14438298,-0.62998116,-10.203437,103
49,104,-0.14368509,-0.6299812,-10.203446,104
49,105,-0.1432312,-0.6299812,-10.203457,105
49,106,-0.14280842,-0.6299813,-10.203467,106
49,107,-0.14278609,-0.6299813,-10.203478,107
49,108,-0.14283188,-0.6299814,-10.203486,108
49,109,-0.14302321,-0.6299814,-10.203495,109
49,110,-0.14474793,-0.6299814,-10.2035,110
49,111,-0.14578839,-0.6299816,-10.203505,111
49,112,-0.14624035,-0.6299814,-10.2035055,112
49,113,-0.14645238,-0.62998146,-10.203509,113
49,114,-0.14633109,-0.6299817,-10.203514,114
49,115,-0.14652601,-0.6299818,-10.203514,115
49,116,-0.1463452,-0.6299819,-10.203514,116
49,117,-0.14603692,-0.629982,-10.203512,117
49,118,-0.14579402,-0.62998194,-10.20351,118
49,119,-0.14551304,-0.629982,-10.203508,119
49,120,-0.14529839,-0.6299821,-10.2035055,120
49,121,-0.14534788,-0.62998205,-10.203504,121
49,122,-0.14538784,-0.6299821,-10.203499,122
49,123,-0.14643654,-0.62998205,-10.203491,123
49,124,-0.14720033,-0.629982,-10.2034855,124
49,125,-0.14791168,-0.6299819,-10.20348,125
49,126,-0.14919622,-0.62998176,-10.20347,126
49,127,-0.15022926,-0.62998176,-10.203464,127
49,128,-0.1505854,-0.6299817,-10.203453,128
49,129,-0.15039556,-0.6299816,-10.203448,129
49,130,-0.14996603,-0.6299816,-10.20344,130
49,131,-0.14998522,-0.6299814,-10.203434,131
49,132,-0.1494098,-0.6299813,-10.203433,132
49,133,-0.14883365,-0.6299813,-10.20343,133
49,134,-0.14850742,-0.6299813,-10.20343,134
49,135,-0.14635974,-0.6299814,-10.203437,135
49,136,-0.14494078,-0.62998146,-10.203443,136
49,137,-0.14398615,-0.62998146,-10.203449,137
49,138,-0.14300789,-0.6299816,-10.203457,138
49,139,-0.1425646,-0.6299817,-10.203462,139
49,140,-0.14252834,-0.62998164,-10.203467,140
49,141,-0.14265877,-0.6299817,-10.203473,141
49,142,-0.14329766,-0.6299816,-10.203477,142
49,143,-0.1441868,-0.62998164,-10.203478,143
49,144,-0.1449653,-0.62998146,-10.203482,144
49,145,-0.14594044,-0.62998134,-10.203486,145
49,146,-0.14486879,-0.62998146,-10.203493,146
49,147,-0.14380309,-0.62998164,-10.203503,147
49,148,-0.1438393,-0.6299817,-10.2035055,148
49,149,-0.14406285,-0.6299818,-10.20351,149
49,150,-0.14418587,-0.62998176,-10.203514,150
49,151,-0.1462116,-0.62998176,-10.203513,151
49,152,-0.14759524,-0.6299818,-10.203509,152
49,153,-0.14865275,-0.6299817,-10.2035055,153
49,154,-0.1499025,-0.6299815,-10.203501,154
49,155,-0.15058951,-0.6299816,-10.203498,155
49,156,-0.15079881,-0.6299816,-10.203494,156
49,157,-0.1507408,-0.62998146,-10.203489,157
49,158,-0.15058395,-0.62998146,-10.203487,158
49,159,-0.14935823,-0.6299816,-10.203489,159
49,160,-0.14812061,-0.6299817,-10.203489,160
49,161,-0.14716819,-0.6299818,-10.203489,161
49,162,-0.14622292,-0.6299818,-10.20349,162
49,163,-0.1458714,-0.6299818,-10.203487,163
49,164,-0.14558461,-0.6299819,-10.203489,164
49,165,-0.1452697,-0.6299819,-10.203487,165
49,166,-0.1451193,-0.6299819,-10.2034855,166
49,167,-0.14471497,-0.629982,-10.203486,167
49,168,-0.14420445,-0.6299819,-10.203487,168
49,169,-0.14395706,-0.6299819,-10.203489,169
49,170,-0.1436653,-0.6299819,-10.203494,170
49,171,-0.14335756,-0.629982,-10.203496,171
49,172,-0.14297684,-0.6299819,-10.203499,172
49,173,-0.14158557,-0.62998194,-10.203505,173
49,174,-0.14134625,-0.629982,-10.20351,174
49,175,-0.14278765,-0.62998194,-10.203517,175
49,176,-0.14394139,-0.62998205,-10.203514,176
49,177,-0.14464101,-0.6299821,-10.203515,177
49,178,-0.14662392,-0.62998205,-10.203509,178
49,179,-0.14766836,-0.6299821,-10.203505,179
49,180,-0.14855805,-0.6299821,-10.203498,180
49,181,-0.14931217,-0.6299821,-10.203489,181
49,182,-0.15024137,-0.629982,-10.203478,182
49,183,-0.15068127,-0.6299819,-10.203468,183
49,184,-0.15042399,-0.6299818,-10.203462,184
49,185,-0.149979,-0.62998164,-10.203454,185
49,186,-0.14964874,-0.62998164,-10.203448,186
49,187,-0.14817896,-0.6299816,-10.203446,187
49,188,-0.14675063,-0.62998146,-10.203448,188
49,189,-0.14629911,-0.6299814,-10.203452,189
49,190,-0.14614159,-0.6299813,-10.203456,190
49,191,-0.14560997,-0.6299812,-10.203461,191
49,192,-0.1459784,-0.6299812,-10.203468,192
49,193,-0.14672577,-0.6299811,-10.203475,193
49,194,-0.14895128,-0.62998116,-10.203477,194
49,195,-0.15009983,-0.6299812,-10.203478,195
49,196,-0.15059584,-0.62998116,-10.203478,196
49,197,-0.15067586,-0.6299813,-10.20348,197
49,198,-0.15058978,-0.6299813,-10.203478,198
49,199,-0.14962511,-0.6299814,-10.203481,199
50,0,-0.0004996068,-0.10861673,-2.4616497,0
50,1,-0.020169927,-0.23596364,-4.92934,1
50,2,-0.037618242,-0.37622306,-7.18721,2
50,3,-0.047132008,-0.4956264,-8.75878,3
50,4,-0.053689048,-0.57127285,-9.608747,4
50,5,-0.060210582,-0.60809773,-9.983782,5
50,6,-0.06828783,-0.62264454,-10.126848,6
50,7,-0.08570453,-0.6275611,-10.176449,7
50,8,-0.10522049,-0.62912714,-10.193198,8
50,9,-0.12181467,-0.62963927,-10.1991,9
50,10,-0.13640766,-0.62982136,-10.201364,10
50,11,-0.13940139,-0.6298949,-10.202342,11
50,12,-0.13737911,-0.62992924,-10.202819,12
50,13,-0.13079394,-0.6299469,-10.203076,13
50,14,-0.13000776,-0.629957,-10.203225,14
50,15,-0.13184372,-0.62996286,-10.203316,15
50,16,-0.13626182,-0.62996644,-10.203374,16
50,17,-0.13538405,-0.6299687,-10.203415,17
50,18,-0.13164333,-0.62997043,-10.203442,18
50,19,-0.12597986,-0.6299719,-10.203465,19
50,20,-0.12586115,-0.62997305,-10.203482,20
50,21,-0.12682186,-0.6299738,-10.203496,21
50,22,-0.12800072,-0.6299744,-10.203507,22
50,23,-0.1293614,-0.6299748,-10.203513,23
50,24,-0.13043952,-0.6299749,-10.203518,24
50,25,-0.1336117,-0.6299751,-10.203523,25
50,26,-0.13631019,-0.6299752,-10.203524,26
50,27,-0.13855723,-0.6299752,-10.2035265,27
50,28,-0.14160688,-0.6299752,-10.203525,28
50,29,-0.1436547,-0.6299751,-10.2035265,29
50,30,-0.14343077,-0.62997514,-10.203527,30
50,31,-0.14246593,-0.6299751,-10.203531,31
50,32,-0.14128625,-0.6299752,-10.203533,32
50,33,-0.14037539,-0.6299753,-10.203536,33
50,34,-0.13714103,-0.62997544,-10.203541,34
50,35,-0.13365647,-0.6299757,-10.203546,35
50,36,-0.13139169,-0.6299759,-10.20355,36
50,37,-0.12938541,-0.6299761,-10.203553,37
50,38,-0.12644015,-0.62997633,-10.203556,38
50,39,-0.12632808,-0.6299766,-10.20356,39
50,40,-0.12664704,-0.6299767,-10.203561,40
50,41,-0.12689741,-0.6299768,-10.203562,41
50,42,-0.13306658,-0.6299768,-10.203563,42
50,43,-0.13624968,-0.6299768,-10.203563,43
50,44,-0.13850637,-0.6299766,-10.203563,44
50,45,-0.14035484,-0.62997645,-10.203563,45
50,46,-0.14152694,-0.62997633,-10.203563,46
50,47,-0.14248246,-0.6299762,-10.203563,47
50,48,-0.14197037,-0.6299761,-10.203565,48
50,49,-0.13966553,-0.629976,-10.203565,49
50,50,-0.13605025,-0.629976,-10.203566,50
50,51,-0.13238545,-0.62997615,-10.203567,51
50,52,-0.1293192,-0.6299763,-10.203567,52
50,53,-0.12720275,-0.6299762,-10.203568,53
50,54,-0.12576605,-0.6299764,-10.203566,54
50,55,-0.12505089,-0.6299764,-10.203567,55
50,56,-0.12343776,-0.62997633,-10.203565,56
50,57,-0.12377153,-0.6299764,-10.203563,57
50,58,-0.12432721,-0.6299764,-10.203562,58
50,59,-0.12491658,-0.62997645,-10.203562,59
50,60,-0.12447566,-0.6299765,-10.203561,60
50,61,-0.12648949,-0.62997663,-10.203561,61
50,62,-0.12890945,-0.6299765,-10.203561,62
50,63,-0.12842137,-0.62997663,-10.203563,63
50,64,-0.12892814,-0.62997663,-10.203562,64
50,65,-0.13734311,-0.6299767,-10.203563,65
50,66,-0.1422165,-0.6299765,-10.203566,66
50,67,-0.14564204,-0.6299764,-10.203566,67
50,68,-0.14584123,-0.6299762,-10.203567,68
50,69,-0.14533646,-0.6299759,-10.203567,69
50,70,-0.14488791,-0.6299759,-10.203568,70
50,71,-0.14171402,-0.6299757,-10.203568,71
50,72,-0.13999484,-0.62997574,-10.203569,72
50,73,-0.13830577,-0.62997574,-10.20357,73
50,74,-0.13444966,-0.62997574,-10.203571,74
50,75,-0.13371682,-0.62997586,-10.203574,75
50,76,-0.1328751,-0.6299761,-10.203575,76
50,77,-0.13210599,-0.62997615,-10.203576,77
50,78,-0.13278815,-0.62997633,-10.203581,78
50,79,-0.13213834,-0.6299764,-10.203581,79
50,80,-0.13160455,-0.62997645,-10.203584,80
50,81,-0.13134323,-0.62997645,-10.203584,81
50,82,-0.13148072,-0.62997645,-10.203585,82
50,83,-0.13564804,-0.6299764,-10.203584,83
50,84,-0.13760845,-0.6299763,-10.203583,84
50,85,-0.13820462,-0.62997603,-10.203583,85
50,86,-0.13837244,-0.6299759,-10.20358,86
50,87,-0.13849151,-0.62997574,-10.203578,87
50,88,-0.13900705,-0.6299757,-10.203576,88
50,89,-0.13936935,-0.62997556,-10.203574,89
50,90,-0.14029677,-0.6299753,-10.20357,90
50,91,-0.14234334,-0.6299751,-10.203566,91
50,92,-0.14418872,-0.62997496,-10.203561,92
50,93,-0.14514974,-0.6299747,-10.203558,93
50,94,-0.14586659,-0.62997466,-10.203558,94
50,95,-0.14647792,-0.6299746,-10.203557,95
50,96,-0.14513747,-0.6299745,-10.203555,96
50,97,-0.14457971,-0.62997454,-10.203553,97
50,98,-0.14415064,-0.62997454,-10.203552,98
50,99,-0.14324918,-0.62997454,-10.203553,99
50,100,-0.14260153,-0.62997466,-10.203556,100
50,101,-0.1406296,-0.6299748,-10.203555,101
50,102,-0.13969065,-0.6299749,-10.203556,102
50,103,-0.13553123,-0.62997496,-10.203561,103
50,104,-0.13293085,-0.62997526,-10.203561,104
50,105,-0.1308268,-0.62997544,-10.203563,105
50,106,-0.12872244,-0.6299757,-10.203566,106
50,107,-0.12753986,-0.6299758,-10.203568,107
50,108,-0.12716267,-0.62997603,-10.203569,108
50,109,-0.12589896,-0.6299761,-10.203569,109
50,110,-0.12737213,-0.6299763,-10.203569,110
50,111,-0.13012168,-0.62997633,-10.20357,111
50,112,-0.13164666,-0.6299763,-10.20357,112
50,113,-0.1325383,-0.62997633,-10.203571,113
50,114,-0.13484143,-0.6299764,-10.203574,114
50,115,-0.13643527,-0.6299765,-10.203575,115
50,116,-0.13692215,-0.6299765,-10.203576,116
50,117,-0.13700339,-0.62997633,-10.203576,117
50,118,-0.13721128,-0.6299763,-10.203576,118
50,119,-0.13719514,-0.6299762,-10.203579,119
50,120,-0.13708845,-0.6299762,-10.203578,120
50,121,-0.1372323,-0.62997603,-10.203576,121
50,122,-0.1374692,-0.629976,-10.203575,122
50,123,-0.13872024,-0.6299758,-10.203573,123
50,124,-0.14019953,-0.6299757,-10.203571,124
50,125,-0.14155445,-0.62997556,-10.203569,125
50,126,-0.14339213,-0.6299754,-10.203567,126
50,127,-0.14606068,-0.62997526,-10.203565,127
50,128,-0.14736956,-0.6299751,-10.203563,128
50,129,-0.14765333,-0.629975,-10.203563,129
50,130,-0.14723766,-0.6299749,-10.203563,130
50,131,-0.14617337,-0.62997484,-10.203561,131
50,132,-0.14543726,-0.6299748,-10.203562,132
50,133,-0.144489,-0.6299748,-10.203563,133
50,134,-0.14371647,-0.6299748,-10.203565,134
50,135,-0.14113766,-0.62997496,-10.203568,135
50,136,-0.13827817,-0.6299752,-10.20357,136
50,137,-0.13591304,-0.6299753,-10.203573,137
50,138,-0.1335408,-0.62997544,-10.203574,138
50,139,-0.13130091,-0.6299756,-10.203574,139
50,140,-0.1300349,-0.6299756,-10.203575,140
50,141,-0.12943843,-0.62997574,-10.203574,141
50,142,-0.12811396,-0.6299757,-10.203571,142
50,143,-0.12875369,-0.62997574,-10.20357,143
50,144,-0.12957273,-0.62997574,-10.203569,144
50,145,-0.12997401,-0.6299758,-10.203568,145
50,146,-0.12926312,-0.6299758,-10.203567,146
50,147,-0.12938684,-0.6299761,-10.203573,147
50,148,-0.12899482,-0.6299762,-10.203573,148
50,149,-0.1291281,-0.6299762,-10.203574,149
50,150,-0.12933311,-0.62997633,-10.203573,150
50,151,-0.13158841,-0.6299762,-10.203573,151
50,152,-0.13416135,-0.6299761,-10.203571,152
50,153,-0.13632196,-0.62997603,-10.20357,153
50,154,-0.13852607,-0.62997603,-10.203568,154
50,155,-0.14056772,-0.62997586,-10.203569,155
50,156,-0.14179276,-0.6299758,-10.203568,156
50,157,-0.14247485,-0.6299757,-10.203569,157
50,158,-0.14272127,-0.6299757,-10.20357,158
50,159,-0.14318264,-0.6299757,-10.203575,159
50,160,-0.14184582,-0.62997574,-10.203578,160
50,161,-0.14049079,-0.62997574,-10.203578,161
50,162,-0.13922894,-0.62997586,-10.203579,162
50,163,-0.13809426,-0.6299758,-10.203583,163
50,164,-0.13719822,-0.62997574,-10.20358,164
50,165,-0.13616374,-0.6299758,-10.203583,165
50,166,-0.13551846,-0.6299758,-10.203581,166
50,167,-0.13401115,-0.6299757,-10.203578,167
50,168,-0.1326823,-0.6299757,-10.203579,168
50,169,-0.13177137,-0.62997574,-10.203578,169
50,170,-0.13086392,-0.62997574,-10.203578,170
50,171,-0.12993059,-0.6299758,-10.203578,171
50,172,-0.1286059,-0.62997586,-10.203578,172
50,173,-0.12542492,-0.62997603,-10.203576,173
50,174,-0.12454849,-0.6299762,-10.203575,174
50,175,-0.12687965,-0.6299761,-10.203575,175
50,176,-0.12922055,-0.6299761,-10.203573,176
50,177,-0.13097782,-0.62997615,-10.203573,177
50,178,-0.13519177,-0.62997603,-10.203571,178
50,179,-0.13819341,-0.62997574,-10.203569,179
50,180,-0.14084972,-0.6299756,-10.203567,180
50,181,-0.1432673,-0.62997544,-10.203566,181
50,182,-0.14549704,-0.6299753,-10.203563,182
50,183,-0.14680529,-0.629975,-10.203561,183
50,184,-0.14700162,-0.6299749,-10.20356,184
50,185,-0.1466908,-0.62997484,-10.20356,185
50,186,-0.14638324,-0.62997484,-10.20356,186
50,187,-0.14388971,-0.6299748,-10.203561,187
50,188,-0.1399431,-0.6299748,-10.20356,188
50,189,-0.13796128,-0.62997496,-10.203562,189
50,190,-0.13650851,-0.629975,-10.203562,190
50,191,-0.13324194,-0.62997514,-10.203563,191
50,192,-0.1322826,-0.6299754,-10.203565,192
50,193,-0.13313231,-0.6299756,-10.203566,193
50,194,-0.13689078,-0.6299757,-10.203567,194
50,195,-0.13911314,-0.6299757,-10.203568,195
50,196,-0.14057678,-0.6299757,-10.203569,196
50,197,-0.1413342,-0.6299757,-10.203569,197
50,198,-0.141608,-0.6299757,-10.203571,198
50,199,-0.14252733,-0.62997574,-10.203575,199
51,0,0.0069922917,-0.11376259,-2.4508905,0
51,1,-0.0032556937,-0.25791,-5.0262904,1
51,2,-0.011565077,-0.41446,-7.425559,2
51,3,-0.015557038,-0.5327077,-9.029833,3
51,4,-0.018781409,-0.59401566,-9.794605,4
51,5,-0.019188963,-0.61831594,-10.07883,5
51,6,-0.014559237,-0.6264097,-10.168085,6
51,7,-0.017125534,-0.6288246,-10.192737,7
51,8,-0.023087269,-0.62955725,-10.19978,8
51,9,-0.032143526,-0.6297983,-10.202036,9
51,10,-0.042844523,-0.6298885,-10.202875,10
51,11,-0.05353776,-0.6299272,-10.203238,11
51,12,-0.0631819,-0.62994605,-10.203416,12
51,13,-0.07144632,-0.62995625,-10.203514,13
51,14,-0.07832491,-0.62996227,-10.203571,14
51,15,-0.08399132,-0.6299661,-10.203609,15
51,16,-0.08866426,-0.6299685,-10.203635,16
51,17,-0.09184203,-0.62997025,-10.203651,17
51,18,-0.09442137,-0.6299715,-10.203665,18
51,19,-0.09772877,-0.6299724,-10.203675,19
51,20,-0.100441895,-0.62997305,-10.203683,20
51,21,-0.10193726,-0.6299736,-10.203688,21
51,22,-0.10270452,-0.6299739,-10.203692,22
51,23,-0.10320391,-0.6299742,-10.203696,23
51,24,-0.10262963,-0.62997437,-10.203699,24
51,25,-0.103215694,-0.6299746,-10.203703,25
51,26,-0.10370584,-0.62997466,-10.203704,26
51,27,-0.10444753,-0.62997484,-10.203707,27
51,28,-0.10605514,-0.62997484,-10.203708,28
51,29,-0.10702719,-0.6299749,-10.203708,29
51,30,-0.10788057,-0.62997496,-10.203708,30
51,31,-0.108000554,-0.62997496,-10.203707,31
51,32,-0.10743657,-0.62997496,-10.20371,32
51,33,-0.10684055,-0.62997496,-10.203708,33
51,34,-0.106026314,-0.629975,-10.20371,34
51,35,-0.10540752,-0.629975,-10.20371,35
51,36,-0.101656884,-0.6299751,-10.203711,36
51,37,-0.10107327,-0.6299752,-10.203712,37
51,38,-0.10068079,-0.62997526,-10.203714,38
51,39,-0.10060699,-0.62997526,-10.203715,39
51,40,-0.101937115,-0.6299753,-10.203715,40
51,41,-0.10382458,-0.62997526,-10.203715,41
51,42,-0.10442056,-0.6299753,-10.203716,42
51,43,-0.10420049,-0.62997526,-10.203715,43
51,44,-0.103812665,-0.6299752,-10.203716,44
51,45,-0.10358072,-0.62997526,-10.203714,45
51,46,-0.10071924,-0.62997514,-10.203714,46
51,47,-0.09894019,-0.62997526,-10.203716,47
51,48,-0.09775895,-0.62997526,-10.203719,48
51,49,-0.096420914,-0.6299754,-10.203719,49
51,50,-0.09550598,-0.62997544,-10.20372,50
51,51,-0.09485209,-0.6299756,-10.203721,51
51,52,-0.09288625,-0.6299758,-10.203725,52
51,53,-0.09123699,-0.6299759,-10.203727,53
51,54,-0.09136595,-0.6299759,-10.20373,54
51,55,-0.09124167,-0.629976,-10.203731,55
51,56,-0.09098303,-0.629976,-10.203731,56
51,57,-0.09008197,-0.6299759,-10.203733,57
51,58,-0.08897739,-0.62997586,-10.203732,58
51,59,-0.0883839,-0.6299759,-10.203734,59
51,60,-0.0876527,-0.6299759,-10.203734,60
51,61,-0.08732564,-0.629976,-10.203735,61
51,62,-0.087044716,-0.62997603,-10.203736,62
51,63,-0.08873117,-0.62997603,-10.203736,63
51,64,-0.09020237,-0.62997615,-10.203736,64
51,65,-0.08989183,-0.6299762,-10.203735,65
51,66,-0.093253784,-0.6299762,-10.203736,66
51,67,-0.09612005,-0.62997633,-10.203735,67
51,68,-0.09825841,-0.6299763,-10.203736,68
51,69,-0.100170426,-0.6299763,-10.203734,69
51,70,-0.10159937,-0.6299762,-10.203733,70
51,71,-0.10251002,-0.62997633,-10.203732,71
51,72,-0.103174716,-0.6299762,-10.203732,72
51,73,-0.104239345,-0.6299761,-10.20373,73
51,74,-0.105005555,-0.6299761,-10.203729,74
51,75,-0.106056154,-0.629976,-10.203729,75
51,76,-0.108586766,-0.6299759,-10.203727,76
51,77,-0.11003429,-0.6299758,-10.203724,77
51,78,-0.1105852,-0.62997574,-10.203724,78
51,79,-0.10992109,-0.6299757,-10.203721,79
51,80,-0.10792538,-0.6299756,-10.20372,80
51,81,-0.10612028,-0.6299756,-10.20372,81
51,82,-0.104782924,-0.6299756,-10.20372,82
51,83,-0.10086916,-0.6299757,-10.20372,83
51,84,-0.097923115,-0.6299757,-10.203722,84
51,85,-0.09538636,-0.6299756,-10.203725,85
51,86,-0.09347321,-0.6299758,-10.203726,86
51,87,-0.09111624,-0.62997574,-10.203729,87
51,88,-0.09070579,-0.6299758,-10.20373,88
51,89,-0.090943806,-0.6299758,-10.203732,89
51,90,-0.0911852,-0.6299759,-10.203733,90
51,91,-0.09324946,-0.6299759,-10.203734,91
51,92,-0.09472162,-0.6299759,-10.203733,92
51,93,-0.096259885,-0.6299759,-10.203732,93
51,94,-0.099028066,-0.6299759,-10.203733,94
51,95,-0.101238415,-0.6299758,-10.203732,95
51,96,-0.1053589,-0.6299757,-10.203731,96
51,97,-0.10840079,-0.6299757,-10.203729,97
51,98,-0.1110657,-0.6299756,-10.203726,98
51,99,-0.11420118,-0.6299755,-10.203724,99
51,100,-0.115145765,-0.6299754,-10.203722,100
51,101,-0.11525467,-0.6299753,-10.203721,101
51,102,-0.11519441,-0.6299752,-10.203716,102
51,103,-0.11092963,-0.6299751,-10.203717,103
51,104,-0.10754818,-0.6299751,-10.203719,104
51,105,-0.104636766,-0.629975,-10.203717,105
51,106,-0.10062044,-0.6299752,-10.203721,106
51,107,-0.10060829,-0.6299752,-10.203722,107
51,108,-0.101747304,-0.6299752,-10.203725,108
51,109,-0.103423975,-0.6299752,-10.203725,109
51,110,-0.108487226,-0.6299751,-10.203724,110
51,111,-0.10863667,-0.6299752,-10.203724,111
51,112,-0.10667111,-0.6299751,-10.203722,112
51,113,-0.10152122,-0.6299752,-10.203724,113
51,114,-0.10077737,-0.6299751,-10.203725,114
51,115,-0.10275848,-0.6299752,-10.203726,115
51,116,-0.10749631,-0.62997514,-10.203724,116
51,117,-0.10792349,-0.6299752,-10.203722,117
51,118,-0.105083995,-0.6299752,-10.203721,118
51,119,-0.099812195,-0.6299752,-10.203722,119
51,120,-0.09856193,-0.6299752,-10.203725,120
51,121,-0.098909795,-0.62997526,-10.203725,121
51,122,-0.10006044,-0.62997526,-10.203726,122
51,123,-0.10124974,-0.62997526,-10.203726,123
51,124,-0.102182165,-0.6299752,-10.203726,124
51,125,-0.104849875,-0.6299752,-10.203725,125
51,126,-0.10701078,-0.6299752,-10.203722,126
51,127,-0.109017655,-0.6299752,-10.203721,127
51,128,-0.11183023,-0.6299751,-10.203719,128
51,129,-0.1137186,-0.629975,-10.203716,129
51,130,-0.113611154,-0.629975,-10.203714,130
51,131,-0.11266632,-0.62997496,-10.203714,131
51,132,-0.11150404,-0.629975,-10.203712,132
51,133,-0.11058989,-0.629975,-10.2037115,133
51,134,-0.10777647,-0.629975,-10.203712,134
51,135,-0.104561046,-0.629975,-10.203715,135
51,136,-0.1021548,-0.6299751,-10.203715,136
51,137,-0.100015774,-0.6299752,-10.203719,137
51,138,-0.097158894,-0.62997526,-10.20372,138
51,139,-0.09638856,-0.6299753,-10.203722,139
51,140,-0.09630015,-0.6299754,-10.203725,140
51,141,-0.09634478,-0.6299754,-10.203726,141
51,142,-0.101282805,-0.6299754,-10.203727,142
51,143,-0.104921415,-0.62997544,-10.203726,143
51,144,-0.10786783,-0.6299754,-10.203725,144
51,145,-0.110390775,-0.6299754,-10.203724,145
51,146,-0.11235101,-0.62997526,-10.203721,146
51,147,-0.11413054,-0.6299753,-10.203719,147
51,148,-0.11473938,-0.6299751,-10.203717,148
51,149,-0.113678105,-0.6299751,-10.203715,149
51,150,-0.11118406,-0.629975,-10.203715,150
51,151,-0.108363196,-0.629975,-10.203714,151
51,152,-0.10583423,-0.62997496,-10.203716,152
51,153,-0.103899,-0.62997496,-10.203716,153
51,154,-0.10239236,-0.629975,-10.203719,154
51,155,-0.10135366,-0.62997496,-10.20372,155
51,156,-0.099558085,-0.629975,-10.20372,156
51,157,-0.09845362,-0.6299751,-10.203721,157
51,158,-0.09774631,-0.6299752,-10.203724,158
51,159,-0.09723431,-0.62997526,-10.203725,159
51,160,-0.095986806,-0.6299753,-10.203725,160
51,161,-0.09671767,-0.6299754,-10.203727,161
51,162,-0.09823787,-0.6299754,-10.203727,162
51,163,-0.097529896,-0.6299755,-10.203727,163
51,164,-0.09721412,-0.6299756,-10.203727,164
51,165,-0.103496924,-0.6299755,-10.203727,165
51,166,-0.108935244,-0.6299756,-10.203729,166
51,167,-0.11395606,-0.6299754,-10.203726,167
51,168,-0.11585969,-0.6299754,-10.203722,168
51,169,-0.11640938,-0.6299753,-10.20372,169
51,170,-0.1165755,-0.6299751,-10.203717,170
51,171,-0.11418901,-0.629975,-10.203715,171
51,172,-0.112291135,-0.629975,-10.203715,172
51,173,-0.11039185,-0.62997496,-10.203716,173
51,174,-0.10667383,-0.6299751,-10.203715,174
51,175,-0.10488644,-0.62997496,-10.203717,175
51,176,-0.103897415,-0.62997514,-10.203719,176
51,177,-0.10321865,-0.62997514,-10.203719,177
51,178,-0.10380909,-0.6299751,-10.203722,178
51,179,-0.10420656,-0.6299752,-10.203724,179
51,180,-0.10455477,-0.62997514,-10.203724,180
51,181,-0.105148144,-0.6299752,-10.203725,181
51,182,-0.10627158,-0.6299752,-10.203725,182
51,183,-0.11100201,-0.6299751,-10.203722,183
51,184,-0.11428124,-0.629975,-10.203721,184
51,185,-0.11638779,-0.62997496,-10.203719,185
51,186,-0.11787838,-0.6299749,-10.203715,186
51,187,-0.1191062,-0.6299747,-10.203715,187
51,188,-0.120520204,-0.6299748,-10.203712,188
51,189,-0.1217366,-0.62997466,-10.20371,189
51,190,-0.12309687,-0.62997454,-10.203707,190
51,191,-0.124556854,-0.6299745,-10.203702,191
51,192,-0.12578171,-0.62997437,-10.203701,192
51,193,-0.12640643,-0.62997437,-10.203699,193
51,194,-0.12689845,-0.62997437,-10.203696,194
51,195,-0.12744804,-0.6299743,-10.203696,195
51,196,-0.126047,-0.62997437,-10.203692,196
51,197,-0.124787204,-0.62997425,-10.2036915,197
51,198,-0.12373612,-0.6299743,-10.2036915,198
51,199,-0.12230007,-0.62997437,-10.203692,199
52,0,0.015532656,-0.10883172,-2.145915,0
52,1,0.017209882,-0.23860604,-4.3627143,1
52,2,0.019280417,-0.37912777,-6.5808935,2
52,3,0.021697674,-0.496005,-8.322104,3
52,4,0.019474305,-0.5686709,-9.361386,4
52,5,0.0122032445,-0.6049681,-9.866727,5
52,6,0.0013024027,-0.62048876,-10.079091,6
52,7,-0.0182078,-0.62641126,-10.158012,7
52,8,-0.038939923,-0.6285928,-10.186208,8
52,9,-0.057553913,-0.62939936,-10.196387,9
52,10,-0.075486906,-0.6297095,-10.200234,10
52,11,-0.082319476,-0.6298405,-10.201867,11
52,12,-0.086088486,-0.6299005,-10.202629,12
52,13,-0.08584921,-0.62993073,-10.203023,13
52,14,-0.09219568,-0.62994677,-10.203233,14
52,15,-0.09962774,-0.62995595,-10.203357,15
52,16,-0.108798996,-0.6299615,-10.203428,16
52,17,-0.110794224,-0.62996525,-10.203477,17
52,18,-0.1102463,-0.62996787,-10.203514,18
52,19,-0.10773513,-0.62996984,-10.203543,19
52,20,-0.11134474,-0.62997115,-10.203563,20
52,21,-0.11480132,-0.62997216,-10.203579,21
52,22,-0.11788614,-0.62997276,-10.203588,22
52,23,-0.12041517,-0.6299733,-10.203597,23
52,24,-0.12232106,-0.62997365,-10.203602,24
52,25,-0.12611187,-0.6299738,-10.203604,25
52,26,-0.1285224,-0.62997395,-10.203607,26
52,27,-0.13068898,-0.62997395,-10.203607,27
52,28,-0.13362272,-0.6299738,-10.203605,28
52,29,-0.13511199,-0.62997377,-10.203605,29
52,30,-0.13443755,-0.6299739,-10.203603,30
52,31,-0.13362636,-0.62997377,-10.203603,31
52,32,-0.1329085,-0.6299738,-10.203604,32
52,33,-0.13260688,-0.62997395,-10.203604,33
52,34,-0.12981924,-0.62997407,-10.203608,34
52,35,-0.12732892,-0.6299741,-10.203608,35
52,36,-0.12614925,-0.62997425,-10.203611,36
52,37,-0.124958515,-0.6299743,-10.203613,37
52,38,-0.122664936,-0.6299745,-10.203614,38
52,39,-0.12358323,-0.62997454,-10.203617,39
52,40,-0.12436155,-0.6299746,-10.203618,40
52,41,-0.12488298,-0.62997466,-10.203619,41
52,42,-0.13187568,-0.62997454,-10.203618,42
52,43,-0.1344067,-0.6299744,-10.203617,43
52,44,-0.13636781,-0.62997437,-10.203614,44
52,45,-0.13799237,-0.6299743,-10.203613,45
52,46,-0.13894746,-0.6299742,-10.203613,46
52,47,-0.13992086,-0.6299742,-10.203611,47
52,48,-0.13946171,-0.6299742,-10.203609,48
52,49,-0.13739055,-0.62997407,-10.203609,49
52,50,-0.13428882,-0.6299744,-10.203611,50
52,51,-0.13143216,-0.6299745,-10.203613,51
52,52,-0.1291209,-0.6299745,-10.203614,52
52,53,-0.12755162,-0.6299746,-10.203617,53
52,54,-0.12636831,-0.62997466,-10.203618,54
52,55,-0.12576775,-0.6299747,-10.203621,55
52,56,-0.123565406,-0.6299748,-10.203622,56
52,57,-0.12337592,-0.62997484,-10.203622,57
52,58,-0.12339534,-0.6299747,-10.203622,58
52,59,-0.12346937,-0.6299747,-10.203622,59
52,60,-0.1225474,-0.6299747,-10.203623,60
52,61,-0.12464629,-0.62997466,-10.203622,61
52,62,-0.12669043,-0.6299745,-10.203622,62
52,63,-0.12544577,-0.6299744,-10.203621,63
52,64,-0.12586097,-0.62997437,-10.203619,64
52,65,-0.13488215,-0.62997407,-10.203614,65
52,66,-0.13930143,-0.62997395,-10.203612,66
52,67,-0.14275707,-0.6299737,-10.203609,67
52,68,-0.14237508,-0.6299735,-10.203607,68
52,69,-0.1416794,-0.6299735,-10.203603,69
52,70,-0.14117026,-0.6299732,-10.203602,70
52,71,-0.13752411,-0.6299731,-10.203602,71
52,72,-0.13599539,-0.6299731,-10.2036,72
52,73,-0.13434665,-0.62997305,-10.203599,73
52,74,-0.13036026,-0.6299731,-10.203602,74
52,75,-0.130416,-0.62997335,-10.203604,75
52,76,-0.13026981,-0.6299733,-10.203603,76
52,77,-0.13009797,-0.62997335,-10.203605,77
52,78,-0.13179167,-0.6299736,-10.203607,78
52,79,-0.13194968,-0.62997365,-10.203608,79
52,80,-0.13212839,-0.6299736,-10.2036085,80
52,81,-0.13259074,-0.6299737,-10.203609,81
52,82,-0.13334611,-0.62997365,-10.203611,82
52,83,-0.13815056,-0.6299736,-10.203609,83
52,84,-0.13952741,-0.6299735,-10.203608,84
52,85,-0.13991374,-0.6299735,-10.203607,85
52,86,-0.13995753,-0.6299734,-10.203607,86
52,87,-0.13995713,-0.6299734,-10.203605,87
52,88,-0.140294,-0.62997335,-10.203603,88
52,89,-0.14042364,-0.62997335,-10.203602,89
52,90,-0.1404245,-0.62997323,-10.2036,90
52,91,-0.1410692,-0.62997305,-10.203597,91
52,92,-0.14166777,-0.62997293,-10.203593,92
52,93,-0.14179496,-0.6299729,-10.20359,93
52,94,-0.14211725,-0.6299728,-10.203589,94
52,95,-0.14246167,-0.62997276,-10.2035885,95
52,96,-0.14031759,-0.62997276,-10.203588,96
52,97,-0.13953806,-0.6299727,-10.203588,97
52,98,-0.1389687,-0.62997276,-10.203586,98
52,99,-0.13794902,-0.6299728,-10.203586,99
52,100,-0.13740857,-0.6299728,-10.203586,100
52,101,-0.13532472,-0.62997276,-10.2035885,101
52,102,-0.13478784,-0.62997293,-10.203589,102
52,103,-0.13072382,-0.6299732,-10.203592,103
52,104,-0.12910472,-0.6299733,-10.203594,104
52,105,-0.12769015,-0.62997335,-10.203598,105
52,106,-0.12620832,-0.6299735,-10.2036,106
52,107,-0.12568744,-0.62997365,-10.203605,107
52,108,-0.12589327,-0.62997365,-10.203608,108
52,109,-0.12475648,-0.62997377,-10.2036085,109
52,110,-0.1260853,-0.62997365,-10.2036085,110
52,111,-0.12837109,-0.62997365,-10.2036085,111
52,112,-0.12964366,-0.6299737,-10.203609,112
52,113,-0.13039799,-0.62997365,-10.2036085,113
52,114,-0.13329056,-0.6299737,-10.2036085,114
52,115,-0.1355602,-0.62997365,-10.2036085,115
52,116,-0.13627335,-0.6299736,-10.203609,116
52,117,-0.1365142,-0.6299736,-10.2036085,117
52,118,-0.13688657,-0.6299736,-10.2036085,118
52,119,-0.13692935,-0.62997353,-10.2036085,119
52,120,-0.1368017,-0.6299736,-10.2036085,120
52,121,-0.13678782,-0.62997353,-10.203607,121
52,122,-0.13676049,-0.6299735,-10.203607,122
52,123,-0.13745238,-0.62997335,-10.203605,123
52,124,-0.13805209,-0.6299733,-10.203603,124
52,125,-0.13870232,-0.6299732,-10.203599,125
52,126,-0.13971023,-0.629973,-10.203597,126
52,127,-0.14195058,-0.62997293,-10.203594,127
52,128,-0.14291838,-0.62997276,-10.203592,128
52,129,-0.14303103,-0.62997276,-10.203589,129
52,130,-0.1425794,-0.62997264,-10.203588,130
52,131,-0.14097817,-0.6299726,-10.203585,131
52,132,-0.1400955,-0.6299726,-10.203584,132
52,133,-0.13946848,-0.6299725,-10.203585,133
52,134,-0.13907051,-0.6299725,-10.203584,134
52,135,-0.13749266,-0.62997276,-10.203588,135
52,136,-0.13625288,-0.6299729,-10.2035885,136
52,137,-0.13512501,-0.629973,-10.20359,137
52,138,-0.13385901,-0.6299733,-10.203594,138
52,139,-0.13228226,-0.6299733,-10.203597,139
52,140,-0.13126089,-0.6299735,-10.2036,140
52,141,-0.13070384,-0.6299735,-10.203602,141
52,142,-0.12842964,-0.6299734,-10.203603,142
52,143,-0.12817006,-0.6299735,-10.203603,143
52,144,-0.12818617,-0.6299734,-10.203605,144
52,145,-0.12768367,-0.62997335,-10.203604,145
52,146,-0.12664297,-0.6299736,-10.203605,146
52,147,-0.1281293,-0.6299737,-10.203609,147
52,148,-0.12870069,-0.6299737,-10.203612,148
52,149,-0.12907435,-0.6299737,-10.203613,149
52,150,-0.12927994,-0.62997365,-10.203612,150
52,151,-0.13098837,-0.6299735,-10.203611,151
52,152,-0.13229759,-0.62997335,-10.2036085,152
52,153,-0.13348734,-0.6299732,-10.203607,153
52,154,-0.13481012,-0.629973,-10.203605,154
52,155,-0.13613002,-0.62997293,-10.203603,155
52,156,-0.13695425,-0.6299727,-10.203599,156
52,157,-0.13749391,-0.62997264,-10.203598,157
52,158,-0.13773014,-0.6299726,-10.203597,158
52,159,-0.13912119,-0.62997276,-10.203597,159
52,160,-0.13892935,-0.6299728,-10.203597,160
52,161,-0.1385725,-0.62997276,-10.203598,161
52,162,-0.13834092,-0.6299729,-10.203598,162
52,163,-0.13781688,-0.6299729,-10.203599,163
52,164,-0.13710079,-0.62997293,-10.203599,164
52,165,-0.13606508,-0.62997293,-10.2036,165
52,166,-0.13543077,-0.62997293,-10.203599,166
52,167,-0.13359655,-0.62997305,-10.2036,167
52,168,-0.13220929,-0.6299732,-10.203603,168
52,169,-0.13141657,-0.62997323,-10.203603,169
52,170,-0.13059106,-0.6299733,-10.203605,170
52,171,-0.12981118,-0.62997335,-10.203608,171
52,172,-0.12848377,-0.6299734,-10.203609,172
52,173,-0.1253202,-0.62997365,-10.203612,173
52,174,-0.12526524,-0.62997377,-10.203614,174
52,175,-0.12798308,-0.6299737,-10.203616,175
52,176,-0.12982838,-0.6299737,-10.203614,176
52,177,-0.13104491,-0.62997365,-10.203617,177
52,178,-0.13492212,-0.6299735,-10.203614,178
52,179,-0.13688934,-0.62997335,-10.203609,179
52,180,-0.13884267,-0.6299732,-10.203608,180
52,181,-0.14060491,-0.6299732,-10.203604,181
52,182,-0.14204481,-0.62997293,-10.2036,182
52,183,-0.14235245,-0.62997264,-10.203597,183
52,184,-0.1418073,-0.6299726,-10.203594,184
52,185,-0.14115983,-0.6299725,-10.203592,185
52,186,-0.14075583,-0.62997246,-10.20359,186
52,187,-0.13804482,-0.62997246,-10.20359,187
52,188,-0.13397856,-0.62997246,-10.203592,188
52,189,-0.13230859,-0.6299725,-10.203593,189
52,190,-0.13105926,-0.6299726,-10.203594,190
52,191,-0.12766376,-0.62997264,-10.203594,191
52,192,-0.12706058,-0.62997276,-10.203597,192
52,193,-0.12827976,-0.62997276,-10.203597,193
52,194,-0.13241935,-0.62997264,-10.203597,194
52,195,-0.13428448,-0.62997264,-10.203594,195
52,196,-0.13569626,-0.6299726,-10.203593,196
52,197,-0.13654967,-0.6299726,-10.203592,197
52,198,-0.13696098,-0.6299725,-10.203593,198
52,199,-0.13892311,-0.62997264,-10.203592,199
53,0,0.020750234,-0.12766884,-2.876974,0
53,1,0.026222434,-0.29656535,-5.9669476,1
53,2,0.027419427,-0.46626592,-8.42379,2
53,3,0.020813353,-0.5719506,-9.6446,3
53,4,-0.002225695,-0.6137793,-10.057122,4
53,5,-0.03294696,-0.62592137,-10.167503,5
53,6,-0.05841749,-0.6289238,-10.194098,6
53,7,-0.0866333,-0.6296483,-10.200628,7
53,8,-0.10389037,-0.6298513,-10.202503,8
53,9,-0.114169,-0.62991923,-10.203153,9
53,10,-0.120693155,-0.6299466,-10.203419,10
53,11,-0.12532572,-0.6299594,-10.203547,11
53,12,-0.12888324,-0.6299662,-10.203614,12
53,13,-0.13188256,-0.6299701,-10.203655,13
53,14,-0.13441902,-0.6299725,-10.20368,14
53,15,-0.13662362,-0.62997407,-10.203698,15
53,16,-0.13856809,-0.6299752,-10.203708,16
53,17,-0.13953057,-0.62997603,-10.203716,17
53,18,-0.1406699,-0.62997645,-10.203722,18
53,19,-0.14306551,-0.6299768,-10.203727,19
53,20,-0.14448635,-0.6299771,-10.203732,20
53,21,-0.14471944,-0.6299774,-10.203733,21
53,22,-0.14458144,-0.6299776,-10.203736,22
53,23,-0.1444593,-0.6299777,-10.203736,23
53,24,-0.14332524,-0.62997794,-10.203739,24
53,25,-0.14388558,-0.62997806,-10.20374,25
53,26,-0.14395437,-0.62997806,-10.203743,26
53,27,-0.14440045,-0.6299781,-10.203743,27
53,28,-0.14569917,-0.6299782,-10.203744,28
53,29,-0.14593929,-0.6299781,-10.203744,29
53,30,-0.14625444,-0.62997824,-10.203745,30
53,31,-0.14581394,-0.62997836,-10.203744,31
53,32,-0.14491786,-0.62997836,-10.203745,32
53,33,-0.1442363,-0.6299784,-10.203746,33
53,34,-0.14339148,-0.62997836,-10.203745,34
53,35,-0.14289851,-0.6299785,-10.203748,35
53,36,-0.13890699,-0.62997854,-10.203748,36
53,37,-0.1396065,-0.6299786,-10.203746,37
53,38,-0.1393273,-0.62997866,-10.203749,38
53,39,-0.13940398,-0.62997866,-10.203749,39
53,40,-0.14083156,-0.6299787,-10.203749,40
53,41,-0.14226738,-0.62997854,-10.20375,41
53,42,-0.14211625,-0.6299786,-10.203749,42
53,43,-0.14165162,-0.6299786,-10.203749,43
53,44,-0.14130974,-0.62997866,-10.203749,44
53,45,-0.1412068,-0.62997854,-10.20375,45
53,46,-0.13826403,-0.6299786,-10.203751,46
53,47,-0.13763921,-0.62997854,-10.203751,47
53,48,-0.13732249,-0.62997854,-10.203749,48
53,49,-0.13656722,-0.62997854,-10.203749,49
53,50,-0.13646363,-0.6299784,-10.20375,50
53,51,-0.13650814,-0.6299784,-10.20375,51
53,52,-0.13481522,-0.62997866,-10.20375,52
53,53,-0.13373424,-0.6299788,-10.203749,53
53,54,-0.13488375,-0.6299788,-10.20375,54
53,55,-0.13494314,-0.62997884,-10.20375,55
53,56,-0.1349119,-0.62997884,-10.20375,56
53,57,-0.13411693,-0.6299788,-10.203751,57
53,58,-0.13331282,-0.6299788,-10.203751,58
53,59,-0.13328873,-0.6299788,-10.2037525,59
53,60,-0.13282616,-0.6299788,-10.203751,60
53,61,-0.13297817,-0.62997866,-10.20375,61
53,62,-0.13302171,-0.6299787,-10.2037525,62
53,63,-0.13563778,-0.62997854,-10.20375,63
53,64,-0.13712841,-0.62997854,-10.20375,64
53,65,-0.13620643,-0.6299784,-10.203749,65
53,66,-0.14088765,-0.62997836,-10.203748,66
53,67,-0.14331093,-0.62997836,-10.203748,67
53,68,-0.14487441,-0.6299783,-10.203746,68
53,69,-0.14635448,-0.62997824,-10.203746,69
53,70,-0.14712824,-0.62997824,-10.203745,70
53,71,-0.14738931,-0.62997824,-10.203745,71
53,72,-0.1475588,-0.62997824,-10.203744,72
53,73,-0.14828286,-0.6299781,-10.203745,73
53,74,-0.14848146,-0.6299781,-10.203745,74
53,75,-0.14911613,-0.6299782,-10.203745,75
53,76,-0.15126407,-0.6299781,-10.203744,76
53,77,-0.15152414,-0.6299782,-10.203744,77
53,78,-0.15115294,-0.62997806,-10.203744,78
53,79,-0.14993249,-0.629978,-10.203744,79
53,80,-0.14778155,-0.6299782,-10.203744,80
53,81,-0.14621465,-0.6299781,-10.203745,81
53,82,-0.14519615,-0.6299781,-10.203745,82
53,83,-0.14104295,-0.6299783,-10.203745,83
53,84,-0.13894618,-0.6299784,-10.203746,84
53,85,-0.13714479,-0.6299785,-10.203748,85
53,86,-0.13610607,-0.6299784,-10.203746,86
53,87,-0.13430138,-0.62997854,-10.203749,87
53,88,-0.13526875,-0.6299784,-10.203748,88
53,89,-0.13616794,-0.6299784,-10.203749,89
53,90,-0.1366913,-0.62997854,-10.203748,90
53,91,-0.13938446,-0.62997854,-10.203748,91
53,92,-0.14032161,-0.62997854,-10.203748,92
53,93,-0.14139715,-0.62997854,-10.203749,93
53,94,-0.14365289,-0.62997854,-10.203746,94
53,95,-0.14431375,-0.62997824,-10.203748,95
53,96,-0.1487021,-0.6299781,-10.203746,96
53,97,-0.1509762,-0.62997794,-10.203746,97
53,98,-0.15282477,-0.6299778,-10.203744,98
53,99,-0.15497352,-0.62997764,-10.203743,99
53,100,-0.15449959,-0.6299776,-10.203741,100
53,101,-0.15388718,-0.6299775,-10.203741,101
53,102,-0.15337533,-0.6299774,-10.203741,102
53,103,-0.1485968,-0.6299776,-10.203741,103
53,104,-0.14644842,-0.6299775,-10.203741,104
53,105,-0.14462289,-0.6299775,-10.203741,105
53,106,-0.14156033,-0.6299775,-10.203743,106
53,107,-0.14358212,-0.62997746,-10.203741,107
53,108,-0.14523582,-0.6299774,-10.203741,108
53,109,-0.14689325,-0.62997735,-10.203739,109
53,110,-0.15157126,-0.6299773,-10.203741,110
53,111,-0.14957453,-0.62997735,-10.203739,111
53,112,-0.14722359,-0.6299774,-10.20374,112
53,113,-0.14227615,-0.6299775,-10.203743,113
53,114,-0.1435343,-0.62997746,-10.203741,114
53,115,-0.14595635,-0.62997746,-10.203741,115
53,116,-0.15001668,-0.62997735,-10.20374,116
53,117,-0.14842649,-0.6299774,-10.203739,117
53,118,-0.14509103,-0.6299775,-10.203741,118
53,119,-0.14033532,-0.6299777,-10.203741,119
53,120,-0.14111586,-0.6299777,-10.203743,120
53,121,-0.14195807,-0.6299778,-10.203741,121
53,122,-0.14318751,-0.62997764,-10.203741,122
53,123,-0.14411257,-0.62997764,-10.203743,123
53,124,-0.14468908,-0.6299777,-10.203743,124
53,125,-0.14732632,-0.62997764,-10.203743,125
53,126,-0.14868616,-0.62997764,-10.203741,126
53,127,-0.15003324,-0.6299776,-10.203741,127
53,128,-0.1522643,-0.62997746,-10.203741,128
53,129,-0.15327533,-0.6299774,-10.20374,129
53,130,-0.15254343,-0.6299775,-10.20374,130
53,131,-0.15156499,-0.62997746,-10.20374,131
53,132,-0.15062523,-0.6299775,-10.20374,132
53,133,-0.15008125,-0.6299775,-10.203741,133
53,134,-0.14736515,-0.6299775,-10.20374,134
53,135,-0.14495312,-0.62997764,-10.203741,135
53,136,-0.14372408,-0.62997764,-10.203741,136
53,137,-0.14259878,-0.62997764,-10.203743,137
53,138,-0.1405344,-0.6299777,-10.203741,138
53,139,-0.1413992,-0.6299777,-10.203741,139
53,140,-0.14222702,-0.6299777,-10.203741,140
53,141,-0.1428719,-0.6299777,-10.203741,141
53,142,-0.14912777,-0.6299775,-10.203741,142
53,143,-0.15141536,-0.6299775,-10.20374,143
53,144,-0.15310201,-0.6299776,-10.20374,144
53,145,-0.15432373,-0.6299776,-10.20374,145
53,146,-0.15490764,-0.6299775,-10.203739,146
53,147,-0.15536797,-0.62997746,-10.203738,147
53,148,-0.15455812,-0.6299775,-10.203738,148
53,149,-0.1524164,-0.6299775,-10.203739,149
53,150,-0.14941454,-0.62997764,-10.20374,150
53,151,-0.14670727,-0.6299777,-10.20374,151
53,152,-0.14465874,-0.6299778,-10.20374,152
53,153,-0.14340217,-0.6299777,-10.203743,153
53,154,-0.14261247,-0.6299777,-10.203743,154
53,155,-0.14231569,-0.62997776,-10.203743,155
53,156,-0.14119565,-0.62997764,-10.203744,156
53,157,-0.14144507,-0.6299777,-10.203744,157
53,158,-0.14185935,-0.62997764,-10.203744,158
53,159,-0.14228882,-0.6299776,-10.203744,159
53,160,-0.14169684,-0.6299775,-10.203743,160
53,161,-0.14381997,-0.6299775,-10.203741,161
53,162,-0.14606746,-0.6299774,-10.20374,162
53,163,-0.14523022,-0.62997735,-10.203741,163
53,164,-0.14575902,-0.6299772,-10.203739,164
53,165,-0.15399507,-0.62997717,-10.203736,165
53,166,-0.15781653,-0.62997705,-10.203735,166
53,167,-0.16088833,-0.6299769,-10.203735,167
53,168,-0.16059348,-0.6299769,-10.203735,168
53,169,-0.15994672,-0.6299769,-10.203734,169
53,170,-0.15937279,-0.6299769,-10.203734,170
53,171,-0.15635955,-0.62997687,-10.203735,171
53,172,-0.15503378,-0.6299768,-10.203735,172
53,173,-0.1536462,-0.6299768,-10.203735,173
53,174,-0.15032093,-0.6299768,-10.203735,174
53,175,-0.15012173,-0.6299769,-10.203734,175
53,176,-0.14994971,-0.6299769,-10.203735,176
53,177,-0.14986968,-0.6299768,-10.203736,177
53,178,-0.15100873,-0.6299769,-10.203734,178
53,179,-0.15112764,-0.6299769,-10.203734,179
53,180,-0.1511774,-0.6299769,-10.203734,180
53,181,-0.15133154,-0.62997687,-10.203735,181
53,182,-0.15179403,-0.6299769,-10.203734,182
53,183,-0.15563792,-0.6299768,-10.203735,183
53,184,-0.15635315,-0.62997675,-10.203734,184
53,185,-0.1562175,-0.6299768,-10.203734,185
53,186,-0.1557865,-0.6299768,-10.203734,186
53,187,-0.15530483,-0.62997675,-10.203733,187
53,188,-0.1552294,-0.6299767,-10.203734,188
53,189,-0.1548774,-0.6299767,-10.203733,189
53,190,-0.15544598,-0.6299767,-10.203734,190
53,191,-0.15647183,-0.6299765,-10.203734,191
53,192,-0.15734062,-0.6299766,-10.203732,192
53,193,-0.15759872,-0.6299766,-10.203733,193
53,194,-0.15784922,-0.6299765,-10.203732,194
53,195,-0.1580903,-0.6299766,-10.203732,195
53,196,-0.15662909,-0.6299766,-10.203733,196
53,197,-0.15609226,-0.6299765,-10.203732,197
53,198,-0.15571462,-0.6299766,-10.203733,198
53,199,-0.15496933,-0.62997663,-10.203734,199
54,0,0.0135100605,-0.101018265,-2.301662,0
54,1,0.004350155,-0.21875453,-4.6518536,1
54,2,-0.010155871,-0.35532966,-6.9288793,2
54,3,-0.026824253,-0.479919,-8.60931,3
54,4,-0.041933432,-0.56337833,-9.532408,4
54,5,-0.054095954,-0.605439,-9.951352,5
54,6,-0.060622502,-0.6220699,-10.116527,6
54,7,-0.06526155,-0.62752295,-10.172783,7
54,8,-0.06929088,-0.62917,-10.191844,8
54,9,-0.073746555,-0.6296766,-10.198562,9
54,10,-0.079584144,-0.6298474,-10.201141,10
54,11,-0.08681479,-0.6299132,-10.202253,11
54,12,-0.09457616,-0.6299421,-10.2027855,12
54,13,-0.10265846,-0.6299564,-10.20307,13
54,14,-0.10980865,-0.62996435,-10.203233,14
54,15,-0.11628116,-0.62996894,-10.203335,15
54,16,-0.12181865,-0.62997186,-10.203401,16
54,17,-0.1259168,-0.62997377,-10.203447,17
54,18,-0.12926622,-0.6299751,-10.20348,18
54,19,-0.13278754,-0.62997603,-10.203503,19
54,20,-0.13590208,-0.6299767,-10.203518,20
54,21,-0.13779286,-0.62997717,-10.203531,21
54,22,-0.13891728,-0.6299775,-10.203541,22
54,23,-0.13976687,-0.6299779,-10.2035475,23
54,24,-0.13940582,-0.6299781,-10.203553,24
54,25,-0.1401919,-0.62997824,-10.203558,25
54,26,-0.14097,-0.62997836,-10.203562,26
54,27,-0.14186577,-0.6299784,-10.203563,27
54,28,-0.14349672,-0.62997854,-10.203566,28
54,29,-0.14459296,-0.62997866,-10.203567,29
54,30,-0.14543542,-0.62997866,-10.203567,30
54,31,-0.14558677,-0.62997866,-10.203567,31
54,32,-0.14510491,-0.6299788,-10.203568,32
54,33,-0.14455189,-0.6299788,-10.203568,33
54,34,-0.1438095,-0.62997884,-10.20357,34
54,35,-0.14322197,-0.62997884,-10.20357,35
54,36,-0.13976008,-0.629979,-10.203573,36
54,37,-0.1385984,-0.6299791,-10.203576,37
54,38,-0.13838485,-0.62997913,-10.203579,38
54,39,-0.13829036,-0.62997913,-10.203578,39
54,40,-0.13921906,-0.62997925,-10.203579,40
54,41,-0.14125998,-0.62997913,-10.203578,41
54,42,-0.14199542,-0.62997913,-10.203578,42
54,43,-0.14180864,-0.62997913,-10.203576,43
54,44,-0.14137419,-0.62997913,-10.203578,44
54,45,-0.1410528,-0.62997913,-10.203575,45
54,46,-0.13906497,-0.62997925,-10.20358,46
54,47,-0.1371236,-0.6299794,-10.203583,47
54,48,-0.13601391,-0.6299794,-10.203586,48
54,49,-0.13489829,-0.62997955,-10.2035885,49
54,50,-0.13396135,-0.62997967,-10.203592,50
54,51,-0.13330804,-0.62997985,-10.203595,51
54,52,-0.13049261,-0.6299799,-10.203599,52
54,53,-0.12861197,-0.62997997,-10.203602,53
54,54,-0.12859526,-0.62997997,-10.203605,54
54,55,-0.12870693,-0.6299801,-10.203608,55
54,56,-0.12863782,-0.62998015,-10.2036085,56
54,57,-0.12821311,-0.62998015,-10.203612,57
54,58,-0.1275078,-0.62998015,-10.203613,58
54,59,-0.12695304,-0.62998027,-10.203616,59
54,60,-0.12645398,-0.6299803,-10.203617,60
54,61,-0.12619086,-0.62998044,-10.203619,61
54,62,-0.1259793,-0.6299805,-10.203619,62
54,63,-0.12819408,-0.6299805,-10.203622,63
54,64,-0.12984844,-0.62998056,-10.203621,64
54,65,-0.12950337,-0.62998056,-10.203622,65
54,66,-0.13297041,-0.6299805,-10.203622,66
54,67,-0.13603427,-0.62998044,-10.203619,67
54,68,-0.13808878,-0.62998044,-10.203618,68
54,69,-0.13968016,-0.6299804,-10.203614,69
54,70,-0.14091413,-0.62998027,-10.203613,70
54,71,-0.14167143,-0.6299801,-10.203611,71
54,72,-0.14217035,-0.62998015,-10.203609,72
54,73,-0.14312388,-0.62997997,-10.203608,73
54,74,-0.14385779,-0.62997985,-10.203604,74
54,75,-0.14481841,-0.6299797,-10.203602,75
54,76,-0.14714904,-0.62997967,-10.203598,76
54,77,-0.1486002,-0.6299795,-10.203594,77
54,78,-0.14923632,-0.62997943,-10.203592,78
54,79,-0.1486331,-0.6299794,-10.20359,79
54,80,-0.14648551,-0.62997925,-10.2035885,80
54,81,-0.14464054,-0.6299793,-10.2035885,81
54,82,-0.14333786,-0.62997925,-10.203589,82
54,83,-0.13922882,-0.6299794,-10.20359,83
54,84,-0.13625017,-0.62997943,-10.203594,84
54,85,-0.13373989,-0.6299795,-10.203598,85
54,86,-0.13190286,-0.6299796,-10.2036,86
54,87,-0.1295094,-0.6299797,-10.203604,87
54,88,-0.12912232,-0.6299798,-10.203607,88
54,89,-0.12961282,-0.62997985,-10.203608,89
54,90,-0.13005568,-0.6299799,-10.203609,90
54,91,-0.1321329,-0.62997997,-10.203609,91
54,92,-0.13382243,-0.62997997,-10.203609,92
54,93,-0.13530542,-0.6299799,-10.203608,93
54,94,-0.13781817,-0.62997985,-10.203605,94
54,95,-0.14127317,-0.62997967,-10.203604,95
54,96,-0.1441543,-0.6299794,-10.203597,96
54,97,-0.14648727,-0.6299791,-10.20359,97
54,98,-0.14832328,-0.62997866,-10.203585,98
54,99,-0.15054204,-0.6299784,-10.203579,99
54,100,-0.15090236,-0.629978,-10.203571,100
54,101,-0.15042984,-0.6299777,-10.203567,101
54,102,-0.14991179,-0.6299775,-10.203562,102
54,103,-0.14557269,-0.62997746,-10.203562,103
54,104,-0.142013,-0.6299772,-10.203563,104
54,105,-0.1391819,-0.62997735,-10.203566,105
54,106,-0.1353084,-0.6299774,-10.20357,106
54,107,-0.13522609,-0.6299775,-10.203573,107
54,108,-0.13659081,-0.6299775,-10.203574,108
54,109,-0.13829494,-0.6299775,-10.203574,109
54,110,-0.14294134,-0.6299774,-10.203569,110
54,111,-0.14318971,-0.6299774,-10.203568,111
54,112,-0.14107262,-0.6299774,-10.203568,112
54,113,-0.13609554,-0.6299775,-10.203571,113
54,114,-0.13536936,-0.6299775,-10.203575,114
54,115,-0.13756977,-0.62997764,-10.203575,115
54,116,-0.14213629,-0.6299776,-10.203571,116
54,117,-0.14271718,-0.6299776,-10.20357,117
54,118,-0.1399223,-0.62997764,-10.203573,118
54,119,-0.13485721,-0.6299779,-10.203576,119
54,120,-0.13373697,-0.62997794,-10.203579,120
54,121,-0.13407756,-0.62997806,-10.203581,121
54,122,-0.13568884,-0.6299781,-10.203583,122
54,123,-0.13708174,-0.62997806,-10.203583,123
54,124,-0.13806403,-0.6299781,-10.20358,124
54,125,-0.14114767,-0.62997806,-10.203579,125
54,126,-0.14326279,-0.6299782,-10.203579,126
54,127,-0.14516002,-0.629978,-10.203576,127
54,128,-0.1479361,-0.62997794,-10.203573,128
54,129,-0.1496733,-0.62997794,-10.203569,129
54,130,-0.14957184,-0.62997776,-10.203567,130
54,131,-0.14858049,-0.62997776,-10.203566,131
54,132,-0.1474595,-0.6299778,-10.203566,132
54,133,-0.1466339,-0.6299777,-10.203566,133
54,134,-0.1440296,-0.6299777,-10.203568,134
54,135,-0.14101069,-0.62997776,-10.203571,135
54,136,-0.13884576,-0.62997806,-10.203575,136
54,137,-0.13700892,-0.6299781,-10.203579,137
54,138,-0.13441221,-0.6299783,-10.203584,138
54,139,-0.13386676,-0.6299784,-10.203586,139
54,140,-0.13414341,-0.62997854,-10.203589,140
54,141,-0.13446811,-0.62997866,-10.20359,141
54,142,-0.13939019,-0.6299786,-10.203589,142
54,143,-0.14324206,-0.62997854,-10.2035885,143
54,144,-0.14597024,-0.6299784,-10.203584,144
54,145,-0.1481936,-0.6299784,-10.203581,145
54,146,-0.14984004,-0.62997824,-10.203576,146
54,147,-0.15117633,-0.629978,-10.203573,147
54,148,-0.15141037,-0.62997776,-10.203568,148
54,149,-0.15006094,-0.6299777,-10.203566,149
54,150,-0.14731862,-0.62997764,-10.203565,150
54,151,-0.14430866,-0.6299776,-10.203565,151
54,152,-0.1417478,-0.62997764,-10.203567,152
54,153,-0.13985232,-0.62997764,-10.203569,153
54,154,-0.1384767,-0.6299777,-10.20357,154
54,155,-0.13750313,-0.6299778,-10.203574,155
54,156,-0.13664195,-0.62997794,-10.203578,156
54,157,-0.13560805,-0.62997806,-10.20358,157
54,158,-0.13518086,-0.62997806,-10.203584,158
54,159,-0.13497242,-0.62997824,-10.203588,159
54,160,-0.13387954,-0.62997836,-10.2035885,160
54,161,-0.13469107,-0.62997836,-10.203592,161
54,162,-0.13655056,-0.6299784,-10.203592,162
54,163,-0.1359874,-0.62997854,-10.203592,163
54,164,-0.13559362,-0.62997854,-10.203594,164
54,165,-0.14152266,-0.62997836,-10.203592,165
54,166,-0.14664282,-0.62997824,-10.203585,166
54,167,-0.15107071,-0.62997794,-10.20358,167
54,168,-0.15259409,-0.6299777,-10.203575,168
54,169,-0.15270954,-0.6299774,-10.20357,169
54,170,-0.15255105,-0.6299773,-10.203566,170
54,171,-0.15031242,-0.6299771,-10.203563,171
54,172,-0.14831597,-0.62997705,-10.203562,172
54,173,-0.14656545,-0.629977,-10.203563,173
54,174,-0.14321673,-0.6299771,-10.203566,174
54,175,-0.14120552,-0.62997705,-10.203568,175
54,176,-0.14048256,-0.6299771,-10.203569,176
54,177,-0.14003743,-0.62997717,-10.20357,177
54,178,-0.14032237,-0.6299771,-10.203571,178
54,179,-0.14084187,-0.6299772,-10.203573,179
54,180,-0.141031,-0.6299771,-10.203571,180
54,181,-0.14126466,-0.6299771,-10.203571,181
54,182,-0.1420521,-0.62997705,-10.20357,182
54,183,-0.14629255,-0.6299769,-10.203566,183
54,184,-0.1488197,-0.6299767,-10.20356,184
54,185,-0.14995812,-0.62997645,-10.203556,185
54,186,-0.15054461,-0.6299762,-10.203551,186
54,187,-0.15086183,-0.62997603,-10.203547,187
54,188,-0.15149796,-0.6299758,-10.203541,188
54,189,-0.15182133,-0.6299756,-10.203537,189
54,190,-0.1533039,-0.62997544,-10.203533,190
54,191,-0.15460315,-0.6299753,-10.203528,191
54,192,-0.15551639,-0.6299751,-10.203525,192
54,193,-0.15579295,-0.62997496,-10.203522,193
54,194,-0.15600902,-0.62997484,-10.203519,194
54,195,-0.15641804,-0.6299746,-10.203517,195
54,196,-0.15536438,-0.62997466,-10.203517,196
54,197,-0.1542564,-0.62997466,-10.203517,197
54,198,-0.15349211,-0.62997466,-10.203518,198
54,199,-0.1524584,-0.6299748,-10.203519,199
55,0,0.012775025,-0.12258609,-2.0919354,0
55,1,0.005313542,-0.26617724,-4.2304673,1
55,2,-0.007692102,-0.41217467,-6.463833,2
55,3,-0.02387417,-0.5231277,-8.262212,3
55,4,-0.046382327,-0.58641356,-9.357299,4
55,5,-0.06938038,-0.61455053,-9.884821,5
55,6,-0.08468573,-0.6249122,-10.095299,6
55,7,-0.1031086,-0.62831694,-10.166923,7
55,8,-0.11416738,-0.62938887,-10.190376,8
55,9,-0.11829459,-0.62974083,-10.198202,9
55,10,-0.11873314,-0.6298682,-10.201043,10
55,11,-0.11845002,-0.6299205,-10.202206,11
55,12,-0.118868254,-0.62994474,-10.202743,12
55,13,-0.12041713,-0.6299573,-10.20302,13
55,14,-0.12264182,-0.6299644,-10.2031765,14
55,15,-0.12528129,-0.6299687,-10.20327,15
55,16,-0.128013,-0.62997144,-10.203331,16
55,17,-0.12987882,-0.6299733,-10.203371,17
55,18,-0.13177368,-0.62997466,-10.2034,18
55,19,-0.13490628,-0.6299756,-10.203419,19
55,20,-0.13736555,-0.6299763,-10.203434,20
55,21,-0.13841534,-0.6299767,-10.2034445,21
55,22,-0.13877235,-0.6299772,-10.203454,22
55,23,-0.13897261,-0.62997746,-10.203462,23
55,24,-0.13798165,-0.62997776,-10.20347,24
55,25,-0.13853396,-0.62997806,-10.203476,25
55,26,-0.13885033,-0.62997824,-10.203482,26
55,27,-0.13942033,-0.62997836,-10.203485,27
55,28,-0.14092198,-0.6299785,-10.203487,28
55,29,-0.14150904,-0.62997854,-10.20349,29
55,30,-0.1419432,-0.6299786,-10.203491,30
55,31,-0.14157802,-0.62997866,-10.203493,31
55,32,-0.14061122,-0.6299788,-10.203496,32
55,33,-0.1397584,-0.62997884,-10.203499,33
55,34,-0.13875295,-0.6299789,-10.203503,34
55,35,-0.1380594,-0.62997895,-10.203504,35
55,36,-0.13385595,-0.62997895,-10.203508,36
55,37,-0.1335866,-0.62997913,-10.203512,37
55,38,-0.13325159,-0.6299792,-10.203514,38
55,39,-0.13311163,-0.6299793,-10.203518,39
55,40,-0.13429397,-0.6299794,-10.20352,40
55,41,-0.13594672,-0.6299794,-10.203522,41
55,42,-0.13602175,-0.6299793,-10.203524,42
55,43,-0.13543834,-0.62997943,-10.203525,43
55,44,-0.13487628,-0.6299794,-10.2035265,44
55,45,-0.13458282,-0.62997943,-10.2035265,45
55,46,-0.13173914,-0.62997943,-10.203529,46
55,47,-0.13053338,-0.62997943,-10.203528,47
55,48,-0.13011488,-0.6299794,-10.203529,48
55,49,-0.12947361,-0.62997943,-10.203529,49
55,50,-0.1294056,-0.6299795,-10.203532,50
55,51,-0.12961501,-0.6299795,-10.203531,51
55,52,-0.12765168,-0.6299796,-10.203533,52
55,53,-0.12600073,-0.62997967,-10.203539,53
55,54,-0.12652113,-0.6299797,-10.203542,54
55,55,-0.12640469,-0.62997985,-10.203546,55
55,56,-0.1260479,-0.6299799,-10.203548,56
55,57,-0.1250907,-0.62997985,-10.203553,57
55,58,-0.12409708,-0.62997997,-10.203557,58
55,59,-0.12379166,-0.62997997,-10.203557,59
55,60,-0.12330149,-0.6299801,-10.20356,60
55,61,-0.12335678,-0.6299801,-10.20356,61
55,62,-0.12346867,-0.62998,-10.203563,62
55,63,-0.12632848,-0.6299801,-10.203561,63
55,64,-0.12847427,-0.62997997,-10.203558,64
55,65,-0.12809382,-0.62997997,-10.203557,65
55,66,-0.13265538,-0.62997985,-10.203553,66
55,67,-0.13600513,-0.6299797,-10.203551,67
55,68,-0.13818161,-0.62997967,-10.203547,68
55,69,-0.13999762,-0.6299796,-10.203543,69
55,70,-0.14111394,-0.62997955,-10.203539,70
55,71,-0.14159402,-0.6299795,-10.203536,71
55,72,-0.14184713,-0.6299794,-10.203534,72
55,73,-0.14264539,-0.6299794,-10.203532,73
55,74,-0.14304537,-0.6299794,-10.203528,74
55,75,-0.14379503,-0.62997925,-10.2035265,75
55,76,-0.14620449,-0.6299792,-10.203522,76
55,77,-0.14708172,-0.62997913,-10.203518,77
55,78,-0.14696571,-0.6299791,-10.203515,78
55,79,-0.14575791,-0.6299791,-10.203514,79
55,80,-0.14330417,-0.62997895,-10.203513,80
55,81,-0.14131732,-0.6299791,-10.203513,81
55,82,-0.14002454,-0.62997895,-10.203513,82
55,83,-0.13544609,-0.62997913,-10.203517,83
55,84,-0.13245915,-0.6299792,-10.203519,84
55,85,-0.13005617,-0.6299793,-10.203523,85
55,86,-0.12846695,-0.6299794,-10.203527,86
55,87,-0.12616315,-0.62997943,-10.203532,87
55,88,-0.12649812,-0.6299795,-10.203536,88
55,89,-0.1273022,-0.6299795,-10.203536,89
55,90,-0.12778398,-0.62997955,-10.203539,90
55,91,-0.13037084,-0.62997955,-10.203539,91
55,92,-0.13172524,-0.6299796,-10.203542,92
55,93,-0.13293065,-0.62997955,-10.203542,93
55,94,-0.13538331,-0.62997955,-10.203542,94
55,95,-0.13622767,-0.6299795,-10.203542,95
55,96,-0.13965698,-0.6299794,-10.203534,96
55,97,-0.14205742,-0.62997913,-10.203528,97
55,98,-0.14407629,-0.62997895,-10.203522,98
55,99,-0.1466354,-0.6299788,-10.203515,99
55,100,-0.14662796,-0.62997866,-10.203509,100
55,101,-0.14600025,-0.62997836,-10.203505,101
55,102,-0.14547737,-0.6299783,-10.203501,102
55,103,-0.14024445,-0.62997806,-10.2035,103
55,104,-0.13700598,-0.62997794,-10.203501,104
55,105,-0.13456556,-0.6299781,-10.2035,105
55,106,-0.13075103,-0.629978,-10.203504,106
55,107,-0.13218488,-0.6299781,-10.203504,107
55,108,-0.13424267,-0.629978,-10.203503,108
55,109,-0.13637556,-0.62997794,-10.2035,109
55,110,-0.14200066,-0.6299778,-10.203495,110
55,111,-0.14107375,-0.6299778,-10.203496,111
55,112,-0.13830858,-0.6299778,-10.203498,112
55,113,-0.13242038,-0.6299779,-10.203503,113
55,114,-0.1328484,-0.62997794,-10.2035,114
55,115,-0.13581806,-0.62997794,-10.203501,115
55,116,-0.14102368,-0.62997794,-10.203496,116
55,117,-0.14050399,-0.62997794,-10.203496,117
55,118,-0.13679865,-0.62997794,-10.203501,118
55,119,-0.13100357,-0.62997806,-10.203505,119
55,120,-0.13093258,-0.6299782,-10.2035055,120
55,121,-0.131927,-0.6299781,-10.2035055,121
55,122,-0.1335647,-0.6299782,-10.203507,122
55,123,-0.13495465,-0.6299783,-10.203507,123
55,124,-0.13589704,-0.62997824,-10.203507,124
55,125,-0.13909303,-0.62997824,-10.2035055,125
55,126,-0.14125407,-0.62997824,-10.203504,126
55,127,-0.14316061,-0.6299781,-10.203499,127
55,128,-0.14600322,-0.6299781,-10.203495,128
55,129,-0.14770384,-0.629978,-10.203489,129
55,130,-0.14731425,-0.62997794,-10.2034855,130
55,131,-0.14628826,-0.6299778,-10.203482,131
55,132,-0.14525795,-0.6299778,-10.203481,132
55,133,-0.14466427,-0.62997776,-10.20348,133
55,134,-0.14178033,-0.62997776,-10.203478,134
55,135,-0.13878077,-0.6299779,-10.203481,135
55,136,-0.13704218,-0.6299779,-10.203483,136
55,137,-0.13558671,-0.62997794,-10.203483,137
55,138,-0.13312015,-0.629978,-10.203486,138
55,139,-0.13348491,-0.629978,-10.203489,139
55,140,-0.13430882,-0.62997806,-10.203489,140
55,141,-0.1349599,-0.6299781,-10.20349,141
55,142,-0.14141266,-0.62997806,-10.203486,142
55,143,-0.1449995,-0.62997806,-10.2034855,143
55,144,-0.14732262,-0.6299778,-10.203482,144
55,145,-0.14903595,-0.6299778,-10.203481,145
55,146,-0.15000072,-0.62997776,-10.20348,146
55,147,-0.15070361,-0.62997776,-10.203476,147
55,148,-0.15001424,-0.6299778,-10.203476,148
55,149,-0.14759976,-0.62997776,-10.203476,149
55,150,-0.14391856,-0.6299778,-10.203478,150
55,151,-0.1403345,-0.6299778,-10.203482,151
55,152,-0.1374905,-0.62997794,-10.2034855,152
55,153,-0.13559747,-0.62997794,-10.203489,153
55,154,-0.13433915,-0.629978,-10.203491,154
55,155,-0.13367441,-0.62997806,-10.203494,155
55,156,-0.13236982,-0.62997806,-10.203499,156
55,157,-0.13218296,-0.6299781,-10.203498,157
55,158,-0.13250387,-0.62997806,-10.203499,158
55,159,-0.13296553,-0.62997806,-10.2035,159
55,160,-0.1323584,-0.62997794,-10.203498,160
55,161,-0.1343614,-0.62997794,-10.203495,161
55,162,-0.13704348,-0.62997794,-10.203493,162
55,163,-0.13659392,-0.62997794,-10.20349,163
55,164,-0.13698637,-0.6299777,-10.203489,164
55,165,-0.14540629,-0.62997764,-10.20348,165
55,166,-0.15081617,-0.6299774,-10.203475,166
55,167,-0.15486668,-0.6299773,-10.203468,167
55,168,-0.15520887,-0.6299771,-10.203465,168
55,169,-0.15448338,-0.629977,-10.203461,169
55,170,-0.15374412,-0.62997687,-10.203458,170
55,171,-0.1503718,-0.62997687,-10.203457,171
55,172,-0.14833033,-0.6299768,-10.203454,172
55,173,-0.14655958,-0.6299768,-10.203453,173
55,174,-0.14275199,-0.62997675,-10.203456,174
55,175,-0.14180651,-0.6299767,-10.203454,175
55,176,-0.14147027,-0.6299767,-10.203454,176
55,177,-0.14123425,-0.62997675,-10.203456,177
55,178,-0.14218497,-0.62997675,-10.203457,178
55,179,-0.14234649,-0.62997675,-10.203458,179
55,180,-0.14224026,-0.6299768,-10.203462,180
55,181,-0.1422434,-0.6299768,-10.203462,181
55,182,-0.14270052,-0.6299769,-10.203464,182
55,183,-0.147191,-0.6299769,-10.203462,183
55,184,-0.1489888,-0.6299768,-10.203461,184
55,185,-0.14931113,-0.62997675,-10.203461,185
55,186,-0.14911793,-0.62997675,-10.203461,186
55,187,-0.1487987,-0.62997675,-10.203462,187
55,188,-0.14892367,-0.62997675,-10.203459,188
55,189,-0.14880705,-0.62997675,-10.203459,189
55,190,-0.14957157,-0.62997663,-10.203457,190
55,191,-0.15079777,-0.6299765,-10.203452,191
55,192,-0.15186168,-0.62997645,-10.203447,192
55,193,-0.15225407,-0.6299764,-10.2034445,193
55,194,-0.15264557,-0.6299763,-10.203442,194
55,195,-0.15312167,-0.6299762,-10.203438,195
55,196,-0.1516903,-0.6299761,-10.203435,196
55,197,-0.15095085,-0.62997615,-10.203434,197
55,198,-0.15054682,-0.62997603,-10.20343,198
55,199,-0.14976574,-0.6299759,-10.203432,199
56,0,0.0068008346,-0.12169236,-2.318366,0
56,1,-0.007938813,-0.2722664,-4.78451,1
56,2,-0.022753846,-0.4286646,-7.1710663,2
56,3,-0.03159681,-0.54293334,-8.856893,3
56,4,-0.034854993,-0.6002096,-9.708624,4
56,5,-0.03456764,-0.62131923,-10.044485,5
56,6,-0.03340815,-0.62762356,-10.156037,6
56,7,-0.037523862,-0.6293046,-10.18906,7
56,8,-0.046909235,-0.629759,-10.1987,8
56,9,-0.060146,-0.62989545,-10.201721,9
56,10,-0.076608524,-0.62994313,-10.20279,10
56,11,-0.08951845,-0.6299629,-10.20323,11
56,12,-0.09925995,-0.62997216,-10.203435,12
56,13,-0.105226904,-0.6299771,-10.203547,13
56,14,-0.11211641,-0.6299801,-10.203609,14
56,15,-0.11912721,-0.62998176,-10.2036495,15
56,16,-0.12639521,-0.6299829,-10.203673,16
56,17,-0.13013513,-0.6299836,-10.203689,17
56,18,-0.13118348,-0.6299842,-10.203702,18
56,19,-0.13030286,-0.62998456,-10.203711,19
56,20,-0.13150284,-0.62998503,-10.203719,20
56,21,-0.13284086,-0.62998515,-10.203725,21
56,22,-0.13502954,-0.6299853,-10.20373,22
56,23,-0.13688415,-0.6299855,-10.203731,23
56,24,-0.13825682,-0.6299856,-10.203734,24
56,25,-0.1411979,-0.6299856,-10.203734,25
56,26,-0.14306562,-0.62998563,-10.203735,26
56,27,-0.14469144,-0.6299858,-10.203735,27
56,28,-0.14701758,-0.6299857,-10.203736,28
56,29,-0.14839132,-0.6299857,-10.203736,29
56,30,-0.14846952,-0.62998587,-10.203736,30
56,31,-0.14783962,-0.6299858,-10.203736,31
56,32,-0.147139,-0.6299859,-10.203738,32
56,33,-0.14669731,-0.629986,-10.203738,33
56,34,-0.1447971,-0.629986,-10.203736,34
56,35,-0.14299507,-0.62998605,-10.203739,35
56,36,-0.14181687,-0.62998617,-10.20374,36
56,37,-0.14081305,-0.62998617,-10.203741,37
56,38,-0.13926655,-0.6299863,-10.203743,38
56,39,-0.13911246,-0.6299863,-10.203745,39
56,40,-0.1393311,-0.6299863,-10.203745,40
56,41,-0.13958101,-0.6299864,-10.203745,41
56,42,-0.14271781,-0.62998635,-10.203745,42
56,43,-0.14485449,-0.6299863,-10.203745,43
56,44,-0.1463889,-0.6299863,-10.203744,44
56,45,-0.14751151,-0.62998605,-10.203741,45
56,46,-0.14818107,-0.6299861,-10.203741,46
56,47,-0.1485269,-0.62998605,-10.20374,47
56,48,-0.14802846,-0.62998605,-10.203739,48
56,49,-0.14662659,-0.6299859,-10.203739,49
56,50,-0.14450577,-0.62998587,-10.203739,50
56,51,-0.14251,-0.62998587,-10.203738,51
56,52,-0.14106964,-0.62998587,-10.203739,52
56,53,-0.14017442,-0.62998587,-10.20374,53
56,54,-0.13964857,-0.62998587,-10.203739,54
56,55,-0.13931343,-0.6299859,-10.203741,55
56,56,-0.13945,-0.6299859,-10.203741,56
56,57,-0.13932844,-0.6299859,-10.203741,57
56,58,-0.13937321,-0.629986,-10.203743,58
56,59,-0.13952509,-0.62998605,-10.203745,59
56,60,-0.13890463,-0.6299861,-10.203744,60
56,61,-0.13956071,-0.62998617,-10.203744,61
56,62,-0.14105575,-0.62998617,-10.203744,62
56,63,-0.14085588,-0.6299862,-10.203744,63
56,64,-0.14085422,-0.6299862,-10.203744,64
56,65,-0.14457338,-0.6299861,-10.203741,65
56,66,-0.14686003,-0.62998605,-10.203741,66
56,67,-0.14939742,-0.6299859,-10.203739,67
56,68,-0.15000387,-0.6299858,-10.203739,68
56,69,-0.14984933,-0.62998575,-10.203735,69
56,70,-0.14950256,-0.6299858,-10.203735,70
56,71,-0.14803238,-0.6299857,-10.203734,71
56,72,-0.1468939,-0.6299857,-10.203734,72
56,73,-0.14587745,-0.62998563,-10.203734,73
56,74,-0.1440477,-0.62998575,-10.203733,74
56,75,-0.1425272,-0.62998575,-10.203735,75
56,76,-0.14181827,-0.62998575,-10.203735,76
56,77,-0.14144321,-0.62998575,-10.203738,77
56,78,-0.14089236,-0.62998575,-10.203736,78
56,79,-0.14083551,-0.6299857,-10.203736,79
56,80,-0.14067383,-0.62998575,-10.203738,80
56,81,-0.14046004,-0.6299858,-10.203736,81
56,82,-0.14071222,-0.62998563,-10.203736,82
56,83,-0.14320405,-0.6299855,-10.203736,83
56,84,-0.14435759,-0.62998545,-10.203735,84
56,85,-0.14471933,-0.6299854,-10.203734,85
56,86,-0.14476667,-0.6299854,-10.203734,86
56,87,-0.14467351,-0.6299852,-10.203732,87
56,88,-0.14488915,-0.6299851,-10.203732,88
56,89,-0.14480416,-0.62998503,-10.20373,89
56,90,-0.14616004,-0.62998503,-10.203731,90
56,91,-0.14735654,-0.62998503,-10.20373,91
56,92,-0.14811471,-0.62998503,-10.203729,92
56,93,-0.14826782,-0.62998503,-10.203727,93
56,94,-0.14839135,-0.62998503,-10.203729,94
56,95,-0.14861932,-0.62998503,-10.203727,95
56,96,-0.14838989,-0.6299851,-10.203727,96
56,97,-0.14800599,-0.62998515,-10.203727,97
56,98,-0.14779557,-0.62998515,-10.203729,98
56,99,-0.14746131,-0.6299852,-10.20373,99
56,100,-0.147234,-0.6299852,-10.203731,100
56,101,-0.14645228,-0.62998533,-10.20373,101
56,102,-0.1459376,-0.62998533,-10.203732,102
56,103,-0.14367105,-0.6299856,-10.203733,103
56,104,-0.14235853,-0.6299855,-10.203734,104
56,105,-0.14125267,-0.6299856,-10.203734,105
56,106,-0.1401648,-0.6299857,-10.203736,106
56,107,-0.13955626,-0.62998563,-10.203738,107
56,108,-0.1391105,-0.62998575,-10.203739,108
56,109,-0.13911562,-0.62998587,-10.203738,109
56,110,-0.1406216,-0.6299858,-10.20374,110
56,111,-0.14129056,-0.62998587,-10.203739,111
56,112,-0.14197776,-0.62998587,-10.203739,112
56,113,-0.14243339,-0.6299859,-10.203739,113
56,114,-0.14236796,-0.62998587,-10.203739,114
56,115,-0.14335607,-0.62998587,-10.203739,115
56,116,-0.14391619,-0.6299858,-10.203739,116
56,117,-0.14415152,-0.62998575,-10.203738,117
56,118,-0.14426237,-0.62998563,-10.203738,118
56,119,-0.14426674,-0.6299856,-10.203736,119
56,120,-0.14425161,-0.6299855,-10.203735,120
56,121,-0.1444417,-0.62998545,-10.203734,121
56,122,-0.14450648,-0.6299854,-10.203734,122
56,123,-0.1457605,-0.62998545,-10.203734,123
56,124,-0.14643529,-0.6299853,-10.203733,124
56,125,-0.14720462,-0.62998533,-10.203733,125
56,126,-0.14863734,-0.62998533,-10.203732,126
56,127,-0.14941394,-0.62998533,-10.203731,127
56,128,-0.15012844,-0.62998533,-10.203731,128
56,129,-0.15020557,-0.6299853,-10.203731,129
56,130,-0.15002789,-0.62998533,-10.203731,130
56,131,-0.15044376,-0.62998533,-10.203729,131
56,132,-0.14947844,-0.62998533,-10.203729,132
56,133,-0.14887047,-0.62998533,-10.203729,133
56,134,-0.14850582,-0.62998533,-10.20373,134
56,135,-0.14579067,-0.62998545,-10.20373,135
56,136,-0.14444143,-0.62998545,-10.20373,136
56,137,-0.1432896,-0.62998533,-10.203732,137
56,138,-0.14201118,-0.62998533,-10.203732,138
56,139,-0.14146952,-0.62998545,-10.203733,139
56,140,-0.14106151,-0.62998533,-10.203733,140
56,141,-0.14079277,-0.62998533,-10.203734,141
56,142,-0.14129631,-0.62998533,-10.203734,142
56,143,-0.14132293,-0.6299854,-10.203734,143
56,144,-0.14153327,-0.62998545,-10.203734,144
56,145,-0.14211486,-0.6299854,-10.203734,145
56,146,-0.14000991,-0.6299856,-10.203734,146
56,147,-0.1384884,-0.62998563,-10.203736,147
56,148,-0.13897048,-0.62998563,-10.203736,148
56,149,-0.13932694,-0.6299855,-10.203735,149
56,150,-0.1395781,-0.6299855,-10.203736,150
56,151,-0.14197046,-0.62998545,-10.203735,151
56,152,-0.14333394,-0.62998545,-10.203736,152
56,153,-0.14454937,-0.62998545,-10.203734,153
56,154,-0.14600025,-0.6299855,-10.203734,154
56,155,-0.14676398,-0.62998545,-10.203734,155
56,156,-0.14722773,-0.62998545,-10.203733,156
56,157,-0.14742307,-0.6299855,-10.203732,157
56,158,-0.14753872,-0.6299855,-10.203732,158
56,159,-0.14608836,-0.62998545,-10.203732,159
56,160,-0.14549655,-0.62998545,-10.203733,160
56,161,-0.14483398,-0.6299854,-10.203732,161
56,162,-0.14400604,-0.62998533,-10.203732,162
56,163,-0.14396071,-0.6299852,-10.203732,163
56,164,-0.14369032,-0.6299852,-10.203732,164
56,165,-0.14332038,-0.62998515,-10.203732,165
56,166,-0.14297885,-0.62998515,-10.203731,166
56,167,-0.1423881,-0.62998515,-10.20373,167
56,168,-0.14141375,-0.62998515,-10.203732,168
56,169,-0.1407685,-0.62998515,-10.203731,169
56,170,-0.14010774,-0.6299851,-10.203731,170
56,171,-0.13947998,-0.62998515,-10.203732,171
56,172,-0.13886511,-0.6299852,-10.203732,172
56,173,-0.13693017,-0.6299852,-10.203732,173
56,174,-0.13615935,-0.6299852,-10.203733,174
56,175,-0.13751394,-0.6299852,-10.203734,175
56,176,-0.1388741,-0.6299852,-10.203734,176
56,177,-0.13988982,-0.62998515,-10.203734,177
56,178,-0.14228086,-0.62998515,-10.203734,178
56,179,-0.14387242,-0.62998515,-10.203733,179
56,180,-0.14529,-0.62998515,-10.203731,180
56,181,-0.14651619,-0.62998515,-10.203731,181
56,182,-0.14794174,-0.6299851,-10.203731,182
56,183,-0.1487566,-0.62998503,-10.20373,183
56,184,-0.14871106,-0.629985,-10.203727,184
56,185,-0.1483861,-0.62998503,-10.203729,185
56,186,-0.1481208,-0.62998503,-10.203727,186
56,187,-0.14669777,-0.62998503,-10.203727,187
56,188,-0.1451929,-0.62998503,-10.203727,188
56,189,-0.1440607,-0.62998515,-10.203729,189
56,190,-0.14337742,-0.6299853,-10.20373,190
56,191,-0.14236411,-0.6299852,-10.203731,191
56,192,-0.14184286,-0.62998545,-10.203732,192
56,193,-0.1420004,-0.6299854,-10.203733,193
56,194,-0.14431179,-0.6299855,-10.203733,194
56,195,-0.14587788,-0.62998545,-10.203733,195
56,196,-0.14678967,-0.6299856,-10.203733,196
56,197,-0.14730838,-0.6299856,-10.203733,197
56,198,-0.14761387,-0.62998545,-10.203733,198
56,199,-0.14650615,-0.6299855,-10.203733,199
57,0,0.02290456,-0.11342426,-2.356871,0
57,1,0.024426717,-0.2529726,-4.800052,1
57,2,0.01483982,-0.40559122,-7.12942,2
57,3,-0.0043691876,-0.5255927,-8.804257,3
57,4,-0.02824664,-0.5913511,-9.673712,4
57,5,-0.051414527,-0.6177691,-10.026661,5
57,6,-0.07008067,-0.62635267,-10.1478615,6
57,7,-0.08588602,-0.62885374,-10.185212,7
57,8,-0.09948793,-0.62958443,-10.196822,8
57,9,-0.11044255,-0.6298173,-10.200715,9
57,10,-0.12057581,-0.629902,-10.202171,10
57,11,-0.12682343,-0.62993777,-10.202813,11
57,12,-0.12949666,-0.6299549,-10.203132,12
57,13,-0.12927113,-0.629964,-10.203308,13
57,14,-0.13083409,-0.6299693,-10.203407,14
57,15,-0.13481325,-0.6299726,-10.203468,15
57,16,-0.14029454,-0.6299748,-10.203505,16
57,17,-0.14340061,-0.62997633,-10.203532,17
57,18,-0.14304873,-0.62997735,-10.203557,18
57,19,-0.14036083,-0.62997824,-10.203575,19
57,20,-0.1396587,-0.62997866,-10.2035885,20
57,21,-0.14039275,-0.6299792,-10.203598,21
57,22,-0.14256316,-0.6299795,-10.203603,22
57,23,-0.14451654,-0.6299797,-10.203608,23
57,24,-0.14599304,-0.62997997,-10.203611,24
57,25,-0.14907594,-0.6299801,-10.203609,25
57,26,-0.15142757,-0.6299801,-10.203611,26
57,27,-0.15337968,-0.6299801,-10.203612,27
57,28,-0.15600638,-0.62998015,-10.203611,28
57,29,-0.15785448,-0.62998027,-10.203609,29
57,30,-0.15811917,-0.62998015,-10.203609,30
57,31,-0.15711339,-0.6299802,-10.203611,31
57,32,-0.15579376,-0.62998027,-10.203611,32
57,33,-0.15464112,-0.6299801,-10.203612,33
57,34,-0.15219226,-0.6299801,-10.203614,34
57,35,-0.14910671,-0.62998,-10.203618,35
57,36,-0.14664999,-0.6299801,-10.203621,36
57,37,-0.14471588,-0.62998,-10.203623,37
57,38,-0.14234479,-0.62998,-10.203626,38
57,39,-0.14126848,-0.6299801,-10.203628,39
57,40,-0.14135785,-0.6299801,-10.203628,40
57,41,-0.14165029,-0.62998,-10.20363,41
57,42,-0.14487337,-0.62997997,-10.203627,42
57,43,-0.14867601,-0.62998,-10.203624,43
57,44,-0.15124193,-0.6299801,-10.203621,44
57,45,-0.15320663,-0.6299801,-10.203619,45
57,46,-0.15464035,-0.62998015,-10.203616,46
57,47,-0.15554054,-0.62998015,-10.203614,47
57,48,-0.15556873,-0.6299801,-10.203611,48
57,49,-0.1542947,-0.6299801,-10.203609,49
57,50,-0.15178306,-0.6299801,-10.203612,50
57,51,-0.1490082,-0.62998015,-10.203612,51
57,52,-0.14682479,-0.62998015,-10.203613,52
57,53,-0.14536847,-0.6299801,-10.203614,53
57,54,-0.14453596,-0.62998015,-10.203616,54
57,55,-0.14400153,-0.62998015,-10.203617,55
57,56,-0.14442468,-0.62997997,-10.203618,56
57,57,-0.14375658,-0.62997997,-10.203619,57
57,58,-0.14356354,-0.62997985,-10.203619,58
57,59,-0.14353667,-0.62997985,-10.203621,59
57,60,-0.14270802,-0.62997985,-10.203622,60
57,61,-0.1428944,-0.62997967,-10.203623,61
57,62,-0.14443414,-0.62997955,-10.203621,62
57,63,-0.14423741,-0.62997955,-10.203623,63
57,64,-0.14340967,-0.6299795,-10.203624,64
57,65,-0.1469265,-0.62997943,-10.203618,65
57,66,-0.15130906,-0.6299794,-10.203614,66
57,67,-0.1552496,-0.6299794,-10.2036085,67
57,68,-0.15711755,-0.62997925,-10.203605,68
57,69,-0.15719691,-0.6299793,-10.203603,69
57,70,-0.15676506,-0.62997925,-10.203599,70
57,71,-0.15510872,-0.62997913,-10.2036,71
57,72,-0.15283701,-0.629979,-10.203599,72
57,73,-0.15098284,-0.62997895,-10.2036,73
57,74,-0.14817664,-0.62997895,-10.2036,74
57,75,-0.14521962,-0.62997895,-10.203603,75
57,76,-0.14406447,-0.62997895,-10.203603,76
57,77,-0.143462,-0.62997895,-10.203605,77
57,78,-0.14289165,-0.6299791,-10.203605,78
57,79,-0.14342192,-0.629979,-10.203607,79
57,80,-0.14368016,-0.6299791,-10.203607,80
57,81,-0.1438939,-0.62997913,-10.203604,81
57,82,-0.14473714,-0.62997913,-10.203604,82
57,83,-0.14810987,-0.62997913,-10.203598,83
57,84,-0.1508662,-0.62997913,-10.203593,84
57,85,-0.15223916,-0.6299791,-10.20359,85
57,86,-0.15302245,-0.62997913,-10.2035885,86
57,87,-0.15347014,-0.62997913,-10.203586,87
57,88,-0.15413804,-0.6299791,-10.203581,88
57,89,-0.15451138,-0.62997913,-10.20358,89
57,90,-0.1563586,-0.62997895,-10.203576,90
57,91,-0.15793607,-0.6299789,-10.203571,91
57,92,-0.15902309,-0.6299789,-10.20357,92
57,93,-0.15936787,-0.62997884,-10.203569,93
57,94,-0.15939945,-0.62997884,-10.203567,94
57,95,-0.15958579,-0.6299789,-10.203566,95
57,96,-0.15908791,-0.62997884,-10.203566,96
57,97,-0.15790221,-0.6299788,-10.203566,97
57,98,-0.15704556,-0.6299788,-10.203567,98
57,99,-0.15605341,-0.6299788,-10.203569,99
57,100,-0.15511341,-0.6299788,-10.20357,100
57,101,-0.15355334,-0.6299787,-10.203573,101
57,102,-0.15208606,-0.6299788,-10.203576,102
57,103,-0.149253,-0.6299787,-10.203581,103
57,104,-0.14639473,-0.62997884,-10.203584,104
57,105,-0.14428546,-0.62997884,-10.2035885,105
57,106,-0.14237706,-0.62997884,-10.203594,106
57,107,-0.14103243,-0.6299789,-10.203597,107
57,108,-0.14018303,-0.6299789,-10.203599,108
57,109,-0.14010404,-0.62997884,-10.203603,109
57,110,-0.1411849,-0.62997884,-10.203604,110
57,111,-0.14186522,-0.6299788,-10.203607,111
57,112,-0.14305457,-0.62997884,-10.203607,112
57,113,-0.14394785,-0.6299789,-10.203607,113
57,114,-0.14421761,-0.62997913,-10.203607,114
57,115,-0.14643729,-0.62997913,-10.203605,115
57,116,-0.148119,-0.62997925,-10.203603,116
57,117,-0.1490882,-0.62997925,-10.203604,117
57,118,-0.14974448,-0.62997925,-10.2036,118
57,119,-0.15029106,-0.6299792,-10.203599,119
57,120,-0.15073603,-0.6299793,-10.203598,120
57,121,-0.15132447,-0.62997925,-10.203597,121
57,122,-0.15173143,-0.6299792,-10.203594,122
57,123,-0.15336588,-0.62997913,-10.203592,123
57,124,-0.15441097,-0.62997913,-10.2035885,124
57,125,-0.1554711,-0.6299791,-10.2035885,125
57,126,-0.15715425,-0.62997895,-10.203585,126
57,127,-0.15826374,-0.629979,-10.203581,127
57,128,-0.15948519,-0.6299789,-10.203579,128
57,129,-0.15981486,-0.62997884,-10.203576,129
57,130,-0.15958135,-0.62997895,-10.203575,130
57,131,-0.15963289,-0.62997866,-10.203573,131
57,132,-0.15790942,-0.6299788,-10.203574,132
57,133,-0.156568,-0.6299786,-10.203571,133
57,134,-0.155593,-0.62997866,-10.203574,134
57,135,-0.15236458,-0.62997866,-10.203575,135
57,136,-0.15026811,-0.62997866,-10.203576,136
57,137,-0.1485767,-0.62997866,-10.20358,137
57,138,-0.1468487,-0.6299788,-10.203581,138
57,139,-0.14604221,-0.6299788,-10.203583,139
57,140,-0.14538236,-0.6299788,-10.203584,140
57,141,-0.1450131,-0.62997884,-10.203588,141
57,142,-0.14560409,-0.6299787,-10.203588,142
57,143,-0.14508462,-0.6299787,-10.203589,143
57,144,-0.14504045,-0.62997866,-10.203589,144
57,145,-0.14535818,-0.62997854,-10.203592,145
57,146,-0.14277123,-0.6299788,-10.203594,146
57,147,-0.14088795,-0.62997895,-10.203598,147
57,148,-0.14203708,-0.6299789,-10.203598,148
57,149,-0.14281806,-0.62997884,-10.203599,149
57,150,-0.14336091,-0.6299789,-10.203599,150
57,151,-0.14609857,-0.6299788,-10.203598,151
57,152,-0.14775042,-0.6299788,-10.203598,152
57,153,-0.14916812,-0.62997866,-10.203595,153
57,154,-0.15076666,-0.62997866,-10.203595,154
57,155,-0.15165368,-0.62997866,-10.203593,155
57,156,-0.15229075,-0.62997866,-10.203592,156
57,157,-0.15259498,-0.6299787,-10.20359,157
57,158,-0.15274315,-0.6299787,-10.20359,158
57,159,-0.15138368,-0.62997884,-10.20359,159
57,160,-0.15133764,-0.62997884,-10.203589,160
57,161,-0.15095265,-0.62997884,-10.203589,161
57,162,-0.15027687,-0.62997895,-10.203589,162
57,163,-0.15051785,-0.6299789,-10.2035885,163
57,164,-0.1504257,-0.6299789,-10.2035885,164
57,165,-0.15015031,-0.62997884,-10.203588,165
57,166,-0.14979978,-0.6299788,-10.203586,166
57,167,-0.14924152,-0.62997884,-10.203588,167
57,168,-0.14790781,-0.6299788,-10.203588,168
57,169,-0.14698875,-0.62997895,-10.2035885,169
57,170,-0.14617832,-0.6299789,-10.2035885,170
57,171,-0.1454219,-0.62997895,-10.2035885,171
57,172,-0.14465854,-0.62997884,-10.20359,172
57,173,-0.14236186,-0.6299791,-10.203594,173
57,174,-0.14100131,-0.6299791,-10.203597,174
57,175,-0.14261581,-0.6299791,-10.203595,175
57,176,-0.14479658,-0.6299791,-10.203595,176
57,177,-0.14651884,-0.629979,-10.203594,177
57,178,-0.14956951,-0.62997895,-10.20359,178
57,179,-0.15228452,-0.62997895,-10.203586,179
57,180,-0.15450017,-0.629979,-10.203585,180
57,181,-0.156476,-0.62997884,-10.203581,181
57,182,-0.15859367,-0.62997884,-10.203578,182
57,183,-0.15991339,-0.62997884,-10.203575,183
57,184,-0.15996382,-0.62997884,-10.203574,184
57,185,-0.15938309,-0.6299788,-10.203573,185
57,186,-0.15871356,-0.6299788,-10.203571,186
57,187,-0.15677337,-0.62997866,-10.203573,187
57,188,-0.15398242,-0.6299786,-10.203576,188
57,189,-0.15111314,-0.6299786,-10.203579,189
57,190,-0.14915207,-0.6299786,-10.203581,190
57,191,-0.14682585,-0.62997866,-10.203586,191
57,192,-0.14454912,-0.62997854,-10.203588,192
57,193,-0.14368424,-0.62997866,-10.203589,193
57,194,-0.1457778,-0.62997854,-10.20359,194
57,195,-0.14800568,-0.6299785,-10.20359,195
57,196,-0.14931355,-0.6299785,-10.203589,196
57,197,-0.15018375,-0.6299786,-10.2035885,197
57,198,-0.15073276,-0.62997866,-10.203589,198
57,199,-0.14991985,-0.6299788,-10.2035885,199
58,0,0.002692698,-0.11334963,-2.4903,0
58,1,-0.011378103,-0.24842618,-4.958759,1
58,2,-0.0228982,-0.3919722,-7.168778,2
58,3,-0.030776413,-0.5067948,-8.692555,3
58,4,-0.03945183,-0.5754202,-9.517388,4
58,5,-0.048310746,-0.6085295,-9.912832,5
58,6,-0.052838925,-0.6222715,-10.089255,6
58,7,-0.06637275,-0.62725145,-10.158035,7
58,8,-0.07863746,-0.6289703,-10.184873,8
58,9,-0.08982246,-0.6295711,-10.195377,9
58,10,-0.099662185,-0.6297943,-10.199649,10
58,11,-0.10808741,-0.62988526,-10.201504,11
58,12,-0.11516176,-0.6299263,-10.202378,12
58,13,-0.1213613,-0.62994677,-10.202823,13
58,14,-0.12657449,-0.629958,-10.203071,14
58,15,-0.13110657,-0.6299645,-10.203217,15
58,16,-0.13502069,-0.6299686,-10.203307,16
58,17,-0.13741611,-0.62997127,-10.203367,17
58,18,-0.13969897,-0.62997305,-10.203407,18
58,19,-0.14318892,-0.62997425,-10.203438,19
58,20,-0.14564824,-0.62997526,-10.203461,20
58,21,-0.14665855,-0.6299758,-10.203476,21
58,22,-0.1471305,-0.62997633,-10.203489,22
58,23,-0.14751957,-0.6299768,-10.203499,23
58,24,-0.14651221,-0.629977,-10.203508,24
58,25,-0.14750263,-0.62997735,-10.203514,25
58,26,-0.1479502,-0.6299774,-10.203518,26
58,27,-0.14880039,-0.6299775,-10.203522,27
58,28,-0.15074149,-0.62997764,-10.203524,28
58,29,-0.15147476,-0.6299777,-10.203525,29
58,30,-0.15223025,-0.6299777,-10.2035265,30
58,31,-0.15203632,-0.6299777,-10.203527,31
58,32,-0.15121785,-0.6299778,-10.203527,32
58,33,-0.15052667,-0.6299779,-10.203529,33
58,34,-0.14957312,-0.62997794,-10.203531,34
58,35,-0.14896162,-0.62997794,-10.203532,35
58,36,-0.14414057,-0.62997806,-10.203536,36
58,37,-0.14434275,-0.62997824,-10.203539,37
58,38,-0.1438769,-0.62997836,-10.203543,38
58,39,-0.14384533,-0.62997836,-10.203544,39
58,40,-0.14545777,-0.6299784,-10.203546,40
58,41,-0.14752266,-0.6299783,-10.203544,41
58,42,-0.14773488,-0.62997824,-10.203543,42
58,43,-0.14735055,-0.62997824,-10.203542,43
58,44,-0.14693677,-0.62997824,-10.203539,44
58,45,-0.14671272,-0.62997824,-10.203541,45
58,46,-0.14322777,-0.62997824,-10.203541,46
58,47,-0.14188342,-0.6299784,-10.203541,47
58,48,-0.14088854,-0.62997854,-10.203543,48
58,49,-0.13943815,-0.62997866,-10.203543,49
58,50,-0.13864626,-0.62997884,-10.203546,50
58,51,-0.13805722,-0.62997895,-10.2035475,51
58,52,-0.13523768,-0.62997925,-10.203553,52
58,53,-0.13336344,-0.62997925,-10.203556,53
58,54,-0.13421975,-0.6299794,-10.203561,54
58,55,-0.13416669,-0.6299794,-10.203565,55
58,56,-0.13409947,-0.6299794,-10.203565,56
58,57,-0.13320673,-0.62997943,-10.203567,57
58,58,-0.13218391,-0.6299795,-10.203567,58
58,59,-0.13184199,-0.6299796,-10.203567,59
58,60,-0.13092253,-0.6299796,-10.203567,60
58,61,-0.1306513,-0.62997967,-10.203567,61
58,62,-0.13027215,-0.6299797,-10.203567,62
58,63,-0.13293557,-0.6299798,-10.203565,63
58,64,-0.1345188,-0.6299798,-10.203565,64
58,65,-0.13331193,-0.6299798,-10.203563,65
58,66,-0.13837677,-0.62997985,-10.203561,66
58,67,-0.14137626,-0.62997967,-10.20356,67
58,68,-0.14343676,-0.62997955,-10.203557,68
58,69,-0.14537963,-0.62997943,-10.203556,69
58,70,-0.14664511,-0.6299794,-10.203555,70
58,71,-0.14736307,-0.6299792,-10.203552,71
58,72,-0.14793207,-0.62997913,-10.203551,72
58,73,-0.14919938,-0.6299791,-10.20355,73
58,74,-0.14989017,-0.6299789,-10.20355,74
58,75,-0.15109646,-0.62997884,-10.203548,75
58,76,-0.15426889,-0.6299787,-10.203546,76
58,77,-0.155359,-0.62997854,-10.203543,77
58,78,-0.15558326,-0.6299785,-10.203541,78
58,79,-0.15453514,-0.6299784,-10.203537,79
58,80,-0.15195557,-0.62997836,-10.203538,80
58,81,-0.14999047,-0.62997836,-10.203541,81
58,82,-0.14864752,-0.62997854,-10.203542,82
58,83,-0.14339203,-0.6299786,-10.203546,83
58,84,-0.14048229,-0.6299788,-10.2035475,84
58,85,-0.13789132,-0.62997884,-10.203552,85
58,86,-0.13612156,-0.62997895,-10.203553,86
58,87,-0.13345748,-0.62997913,-10.203558,87
58,88,-0.1339359,-0.62997913,-10.20356,88
58,89,-0.13459158,-0.62997925,-10.203561,89
58,90,-0.13498057,-0.62997925,-10.203563,90
58,91,-0.13806964,-0.62997925,-10.203562,91
58,92,-0.1394736,-0.6299792,-10.203562,92
58,93,-0.14113484,-0.62997913,-10.203562,93
58,94,-0.14441928,-0.62997895,-10.203561,94
58,95,-0.14497596,-0.62997884,-10.203557,95
58,96,-0.14997227,-0.62997854,-10.203551,96
58,97,-0.15249194,-0.6299781,-10.203546,97
58,98,-0.15462922,-0.6299779,-10.203541,98
58,99,-0.15744992,-0.6299775,-10.203536,99
58,100,-0.1570537,-0.6299773,-10.203532,100
58,101,-0.15635847,-0.62997705,-10.203528,101
58,102,-0.15577538,-0.6299769,-10.2035265,102
58,103,-0.14949976,-0.62997687,-10.203527,103
58,104,-0.14625677,-0.629977,-10.203529,104
58,105,-0.14337188,-0.62997705,-10.203531,105
58,106,-0.13880768,-0.6299773,-10.203537,106
58,107,-0.1404641,-0.6299772,-10.203537,107
58,108,-0.14209452,-0.62997735,-10.203538,108
58,109,-0.14402203,-0.62997735,-10.203537,109
58,110,-0.15032864,-0.6299771,-10.203534,110
58,111,-0.14849144,-0.6299771,-10.203536,111
58,112,-0.14569849,-0.6299771,-10.203534,112
58,113,-0.13937332,-0.62997735,-10.203539,113
58,114,-0.14051664,-0.6299774,-10.203539,114
58,115,-0.14352241,-0.6299774,-10.203539,115
58,116,-0.14915292,-0.6299772,-10.203536,116
58,117,-0.1479118,-0.6299773,-10.203534,117
58,118,-0.14396372,-0.62997735,-10.203536,118
58,119,-0.13790552,-0.6299775,-10.203541,119
58,120,-0.13843316,-0.62997764,-10.203543,120
58,121,-0.13934891,-0.6299777,-10.203544,121
58,122,-0.1409086,-0.62997776,-10.203546,122
58,123,-0.14230236,-0.6299778,-10.203544,123
58,124,-0.14327802,-0.62997776,-10.203544,124
58,125,-0.14686602,-0.6299777,-10.203539,125
58,126,-0.14899945,-0.6299775,-10.203537,126
58,127,-0.15101644,-0.6299775,-10.203533,127
58,128,-0.15422814,-0.62997735,-10.203528,128
58,129,-0.15590586,-0.62997717,-10.203524,129
58,130,-0.15520595,-0.6299771,-10.203522,130
58,131,-0.15398055,-0.6299771,-10.203522,131
58,132,-0.15273724,-0.6299771,-10.20352,132
58,133,-0.15194406,-0.6299772,-10.203522,133
58,134,-0.14833581,-0.6299772,-10.203524,134
58,135,-0.14497626,-0.6299774,-10.203528,135
58,136,-0.14294852,-0.6299775,-10.203531,136
58,137,-0.14100349,-0.6299777,-10.203534,137
58,138,-0.13790125,-0.6299778,-10.203538,138
58,139,-0.1381718,-0.62997806,-10.203539,139
58,140,-0.13857783,-0.62997806,-10.203542,140
58,141,-0.1388918,-0.62997824,-10.203544,141
58,142,-0.1461625,-0.6299781,-10.203542,142
58,143,-0.14949493,-0.629978,-10.203539,143
58,144,-0.15223266,-0.6299778,-10.203536,144
58,145,-0.15454227,-0.6299777,-10.203534,145
58,146,-0.1560882,-0.6299775,-10.203532,146
58,147,-0.15745935,-0.62997735,-10.203528,147
58,148,-0.15718043,-0.62997717,-10.203527,148
58,149,-0.15503778,-0.6299771,-10.203527,149
58,150,-0.15156904,-0.6299771,-10.203529,150
58,151,-0.1482649,-0.62997717,-10.203532,151
58,152,-0.14561513,-0.6299773,-10.203533,152
58,153,-0.14380054,-0.62997746,-10.203536,153
58,154,-0.14245518,-0.6299774,-10.203538,154
58,155,-0.14166074,-0.6299774,-10.203539,155
58,156,-0.13967596,-0.62997764,-10.203538,156
58,157,-0.13916562,-0.62997764,-10.203539,157
58,158,-0.13879359,-0.62997776,-10.203539,158
58,159,-0.1384927,-0.6299778,-10.203539,159
58,160,-0.13696694,-0.62997794,-10.203541,160
58,161,-0.13862373,-0.629978,-10.203539,161
58,162,-0.140696,-0.62997794,-10.203538,162
58,163,-0.13922931,-0.62997806,-10.203538,163
58,164,-0.13928005,-0.62997806,-10.203539,164
58,165,-0.14851697,-0.6299778,-10.203536,165
58,166,-0.1534761,-0.62997764,-10.203532,166
58,167,-0.15810847,-0.62997735,-10.203528,167
58,168,-0.15866978,-0.6299771,-10.203525,168
58,169,-0.15849677,-0.6299769,-10.203523,169
58,170,-0.15824907,-0.62997675,-10.20352,170
58,171,-0.15466021,-0.6299767,-10.203518,171
58,172,-0.15284073,-0.62997663,-10.203518,172
58,173,-0.15084288,-0.62997663,-10.203517,173
58,174,-0.14634053,-0.62997675,-10.203519,174
58,175,-0.1453487,-0.6299769,-10.203524,175
58,176,-0.14458404,-0.62997705,-10.203525,176
58,177,-0.1440507,-0.62997705,-10.203527,177
58,178,-0.14512947,-0.62997717,-10.203529,178
58,179,-0.14528696,-0.62997705,-10.203532,179
58,180,-0.14550987,-0.6299771,-10.203534,180
58,181,-0.14599337,-0.6299771,-10.203534,181
58,182,-0.1469991,-0.62997705,-10.203537,182
58,183,-0.1525977,-0.6299769,-10.203533,183
58,184,-0.15465268,-0.6299768,-10.203529,184
58,185,-0.15550354,-0.6299766,-10.203527,185
58,186,-0.15590362,-0.6299764,-10.203525,186
58,187,-0.15614481,-0.6299763,-10.203523,187
58,188,-0.15680665,-0.6299761,-10.203519,188
58,189,-0.1570747,-0.62997603,-10.203519,189
58,190,-0.15814559,-0.6299759,-10.203513,190
58,191,-0.15954478,-0.6299757,-10.203508,191
58,192,-0.16055866,-0.62997556,-10.203504,192
58,193,-0.16077842,-0.6299754,-10.2035,193
58,194,-0.16112494,-0.6299753,-10.203498,194
58,195,-0.16155544,-0.62997526,-10.203496,195
58,196,-0.15968451,-0.62997514,-10.203494,196
58,197,-0.15878113,-0.6299752,-10.203493,197
58,198,-0.1580749,-0.6299752,-10.203493,198
58,199,-0.15687972,-0.62997526,-10.203495,199
59,0,0.031570774,-0.08402759,-2.1163661,0
59,1,0.04609093,-0.17771296,-4.2450624,1
59,2,0.050866835,-0.29478505,-6.3872285,2
59,3,0.04419807,-0.4150869,-8.087623,3
59,4,0.026872028,-0.5118479,-9.145791,4
59,5,0.0024782335,-0.57341963,-9.714347,5
59,6,-0.021767495,-0.60573953,-9.990546,6
59,7,-0.046732664,-0.6200749,-10.110391,7
59,8,-0.069336206,-0.62593263,-10.161708,8
59,9,-0.0870294,-0.6282515,-10.183741,9
59,10,-0.09975478,-0.62918264,-10.193459,10
59,11,-0.108231604,-0.6295751,-10.197959,11
59,12,-0.11349272,-0.62975246,-10.200176,12
59,13,-0.116743125,-0.6298391,-10.201343,13
59,14,-0.118869275,-0.6298848,-10.201994,14
59,15,-0.12047987,-0.6299108,-10.202379,15
59,16,-0.12192447,-0.6299264,-10.20262,16
59,17,-0.1228282,-0.62993634,-10.202775,17
59,18,-0.12351414,-0.62994283,-10.202878,18
59,19,-0.12521507,-0.6299471,-10.202949,19
59,20,-0.12702893,-0.62995034,-10.202997,20
59,21,-0.12823538,-0.6299528,-10.203035,21
59,22,-0.12903136,-0.62995464,-10.203067,22
59,23,-0.12973244,-0.629956,-10.203091,23
59,24,-0.12987007,-0.62995726,-10.203114,24
59,25,-0.13071245,-0.62995815,-10.203129,25
59,26,-0.1317065,-0.6299589,-10.203142,26
59,27,-0.13274145,-0.6299596,-10.203153,27
59,28,-0.13435026,-0.62996,-10.203159,28
59,29,-0.13558695,-0.62996054,-10.203167,29
59,30,-0.13657747,-0.629961,-10.20317,30
59,31,-0.13707791,-0.6299612,-10.2031765,31
59,32,-0.13696662,-0.6299615,-10.203184,32
59,33,-0.13678814,-0.62996185,-10.203189,33
59,34,-0.13643983,-0.62996215,-10.203194,34
59,35,-0.13616621,-0.6299623,-10.203199,35
59,36,-0.13354285,-0.62996256,-10.203211,36
59,37,-0.13326615,-0.6299628,-10.203213,37
59,38,-0.13357191,-0.629963,-10.20322,38
59,39,-0.13401239,-0.6299632,-10.203225,39
59,40,-0.13566044,-0.62996334,-10.203231,40
59,41,-0.13765994,-0.62996346,-10.203233,41
59,42,-0.13856836,-0.62996376,-10.203235,42
59,43,-0.13851175,-0.6299638,-10.203238,43
59,44,-0.13819197,-0.62996393,-10.203241,44
59,45,-0.13793652,-0.6299639,-10.203242,45
59,46,-0.13532722,-0.62996405,-10.203245,46
59,47,-0.13312066,-0.62996405,-10.203244,47
59,48,-0.13144132,-0.62996376,-10.203245,48
59,49,-0.1294496,-0.62996346,-10.203241,49
59,50,-0.12771846,-0.6299632,-10.203239,50
59,51,-0.12628111,-0.629963,-10.203237,51
59,52,-0.12454166,-0.62996286,-10.203239,52
59,53,-0.12323085,-0.62996274,-10.203245,53
59,54,-0.12397799,-0.6299629,-10.20325,54
59,55,-0.12478941,-0.62996316,-10.203257,55
59,56,-0.12535636,-0.62996334,-10.203264,56
59,57,-0.12516262,-0.6299635,-10.20327,57
59,58,-0.124378785,-0.62996364,-10.203275,58
59,59,-0.1237595,-0.62996364,-10.203278,59
59,60,-0.12283694,-0.6299636,-10.203279,60
59,61,-0.12206578,-0.6299634,-10.203281,61
59,62,-0.12130555,-0.62996334,-10.203282,62
59,63,-0.12195495,-0.629963,-10.203277,63
59,64,-0.122523114,-0.6299628,-10.203271,64
59,65,-0.12147386,-0.6299625,-10.203269,65
59,66,-0.12322127,-0.62996227,-10.20326,66
59,67,-0.124978185,-0.62996185,-10.20325,67
59,68,-0.12593207,-0.6299615,-10.203242,68
59,69,-0.12693602,-0.6299613,-10.203233,69
59,70,-0.12776084,-0.62996113,-10.203226,70
59,71,-0.12830435,-0.629961,-10.203218,71
59,72,-0.12880632,-0.62996095,-10.203213,72
59,73,-0.12964606,-0.62996083,-10.203211,73
59,74,-0.13039036,-0.62996083,-10.203204,74
59,75,-0.13128546,-0.6299608,-10.203199,75
59,76,-0.13324323,-0.6299607,-10.203194,76
59,77,-0.13468054,-0.6299608,-10.203189,77
59,78,-0.13507771,-0.6299608,-10.203184,78
59,79,-0.13445516,-0.62996083,-10.20318,79
59,80,-0.1330313,-0.62996083,-10.203181,80
59,81,-0.13163736,-0.6299609,-10.203181,81
59,82,-0.13069464,-0.6299608,-10.203183,82
59,83,-0.1282311,-0.6299611,-10.20319,83
59,84,-0.12612946,-0.6299612,-10.2031975,84
59,85,-0.12465066,-0.62996143,-10.203206,85
59,86,-0.12358669,-0.6299616,-10.203213,86
59,87,-0.12213207,-0.6299617,-10.203221,87
59,88,-0.12222505,-0.62996197,-10.20323,88
59,89,-0.123001166,-0.629962,-10.203236,89
59,90,-0.12364448,-0.6299621,-10.203239,90
59,91,-0.12571962,-0.62996227,-10.203244,91
59,92,-0.12746419,-0.6299625,-10.203246,92
59,93,-0.12906486,-0.6299625,-10.203249,93
59,94,-0.13164608,-0.6299626,-10.203247,94
59,95,-0.13370426,-0.6299626,-10.20324,95
59,96,-0.13620546,-0.6299621,-10.203228,96
59,97,-0.13822046,-0.62996167,-10.203218,97
59,98,-0.13973744,-0.6299614,-10.203208,98
59,99,-0.14160113,-0.62996095,-10.203196,99
59,100,-0.14216392,-0.62996066,-10.203185,100
59,101,-0.14194751,-0.6299606,-10.20318,101
59,102,-0.1417188,-0.6299604,-10.203174,102
59,103,-0.1387504,-0.6299605,-10.2031765,103
59,104,-0.13601533,-0.6299605,-10.203178,104
59,105,-0.13399017,-0.6299604,-10.203181,105
59,106,-0.1310752,-0.6299605,-10.203186,106
59,107,-0.13109006,-0.6299603,-10.203188,107
59,108,-0.13221397,-0.6299602,-10.203186,108
59,109,-0.13348302,-0.6299602,-10.203184,109
59,110,-0.1369472,-0.6299598,-10.20318,110
59,111,-0.13731183,-0.62996,-10.203179,111
59,112,-0.13554277,-0.6299601,-10.203183,112
59,113,-0.13161972,-0.6299605,-10.20319,113
59,114,-0.13092943,-0.62996054,-10.203195,114
59,115,-0.13264129,-0.62996036,-10.203196,115
59,116,-0.13604636,-0.6299603,-10.20319,116
59,117,-0.13659595,-0.6299605,-10.203189,117
59,118,-0.13433328,-0.6299607,-10.203195,118
59,119,-0.13030343,-0.629961,-10.203203,119
59,120,-0.12935746,-0.6299611,-10.203208,120
59,121,-0.13005401,-0.629961,-10.203212,121
59,122,-0.13108756,-0.62996113,-10.203213,122
59,123,-0.13208513,-0.62996113,-10.203216,123
59,124,-0.13278924,-0.6299612,-10.203213,124
59,125,-0.13440196,-0.62996113,-10.203211,125
59,126,-0.13579953,-0.629961,-10.203202,126
59,127,-0.1368078,-0.6299609,-10.203196,127
59,128,-0.13818042,-0.6299606,-10.203186,128
59,129,-0.13910443,-0.62996036,-10.2031765,129
59,130,-0.13860573,-0.6299603,-10.20317,130
59,131,-0.13750294,-0.62996,-10.203164,131
59,132,-0.13635698,-0.6299599,-10.203157,132
59,133,-0.13546629,-0.6299599,-10.203155,133
59,134,-0.13342717,-0.6299597,-10.2031555,134
59,135,-0.13084728,-0.62995976,-10.203157,135
59,136,-0.1289689,-0.6299596,-10.203157,136
59,137,-0.12735431,-0.6299596,-10.203162,137
59,138,-0.12509353,-0.62995964,-10.203166,138
59,139,-0.12438953,-0.6299595,-10.203167,139
59,140,-0.124386676,-0.6299594,-10.20317,140
59,141,-0.12436911,-0.62995934,-10.203171,141
59,142,-0.12801076,-0.6299591,-10.203165,142
59,143,-0.13110124,-0.62995887,-10.20316,143
59,144,-0.13325179,-0.62995875,-10.203155,144
59,145,-0.13514224,-0.62995887,-10.203151,145
59,146,-0.1366978,-0.62995875,-10.203145,146
59,147,-0.13819121,-0.62995887,-10.203142,147
59,148,-0.1390511,-0.62995905,-10.203141,148
59,149,-0.13876331,-0.62995934,-10.203143,149
59,150,-0.13747662,-0.6299597,-10.203151,150
59,151,-0.13593295,-0.62996,-10.20316,151
59,152,-0.13459265,-0.6299605,-10.20317,152
59,153,-0.13362055,-0.6299607,-10.203178,153
59,154,-0.13283697,-0.6299608,-10.203184,154
59,155,-0.13226956,-0.6299611,-10.203189,155
59,156,-0.13072094,-0.6299609,-10.203193,156
59,157,-0.12945491,-0.62996066,-10.203193,157
59,158,-0.12838688,-0.62996054,-10.203191,158
59,159,-0.12730542,-0.6299603,-10.20319,159
59,160,-0.1256039,-0.6299599,-10.203185,160
59,161,-0.12535971,-0.62995946,-10.20318,161
59,162,-0.12577325,-0.62995905,-10.203174,162
59,163,-0.12440172,-0.62995857,-10.203167,163
59,164,-0.12314143,-0.6299583,-10.203162,164
59,165,-0.1272734,-0.62995744,-10.203148,165
59,166,-0.13167086,-0.629957,-10.203133,166
59,167,-0.13514148,-0.6299566,-10.203118,167
59,168,-0.13663976,-0.6299564,-10.20311,168
59,169,-0.13694759,-0.6299564,-10.203103,169
59,170,-0.13706644,-0.6299563,-10.203098,170
59,171,-0.13536309,-0.6299564,-10.203098,171
59,172,-0.13378076,-0.6299563,-10.203095,172
59,173,-0.13234363,-0.62995625,-10.203095,173
59,174,-0.12935075,-0.62995625,-10.203096,174
59,175,-0.12799698,-0.6299563,-10.2031,175
59,176,-0.12743309,-0.6299561,-10.203103,176
59,177,-0.12707585,-0.62995607,-10.203105,177
59,178,-0.12806448,-0.62995607,-10.203105,178
59,179,-0.12886873,-0.6299562,-10.203111,179
59,180,-0.12964682,-0.62995654,-10.203118,180
59,181,-0.13065788,-0.6299567,-10.203122,181
59,182,-0.13197687,-0.6299569,-10.203127,182
59,183,-0.13558589,-0.62995684,-10.203128,183
59,184,-0.1384089,-0.629957,-10.203127,184
59,185,-0.139932,-0.6299574,-10.203127,185
59,186,-0.14096312,-0.62995756,-10.203129,186
59,187,-0.14182521,-0.62995785,-10.20313,187
59,188,-0.14277303,-0.62995803,-10.203134,188
59,189,-0.14365466,-0.62995833,-10.203134,189
59,190,-0.14428794,-0.62995845,-10.203132,190
59,191,-0.14502585,-0.62995833,-10.203125,191
59,192,-0.14555834,-0.62995815,-10.203118,192
59,193,-0.1457058,-0.62995803,-10.203111,193
59,194,-0.14579296,-0.6299579,-10.203104,194
59,195,-0.14601058,-0.62995785,-10.203096,195
59,196,-0.1448635,-0.6299578,-10.2030945,196
59,197,-0.14378227,-0.6299576,-10.20309,197
59,198,-0.14296588,-0.62995756,-10.203086,198
59,199,-0.14191356,-0.62995744,-10.203085,199
60,0,-0.0046500475,-0.10945962,-2.7002623,0
60,1,-0.035109837,-0.25425225,-5.460732,1
60,2,-0.06882109,-0.41468328,-7.797089,2
60,3,-0.09653059,-0.5354979,-9.219023,3
60,4,-0.11701244,-0.59700304,-9.857426,4
60,5,-0.12800092,-0.62,-10.091506,5
60,6,-0.12879556,-0.6270833,-10.167831,6
60,7,-0.12892537,-0.6290843,-10.191343,7
60,8,-0.1279422,-0.62965995,-10.198854,8
60,9,-0.1279818,-0.6298438,-10.2014885,9
60,10,-0.13289036,-0.6299116,-10.202521,10
60,11,-0.13307318,-0.6299405,-10.202994,11
60,12,-0.13280685,-0.6299547,-10.203235,12
60,13,-0.13016921,-0.6299626,-10.203372,13
60,14,-0.13303976,-0.6299672,-10.203454,14
60,15,-0.13767643,-0.6299701,-10.203505,15
60,16,-0.1442012,-0.6299719,-10.203537,16
60,17,-0.1451208,-0.6299732,-10.203558,17
60,18,-0.14311394,-0.6299739,-10.203576,18
60,19,-0.13909742,-0.62997466,-10.203593,19
60,20,-0.13992825,-0.6299752,-10.203607,20
60,21,-0.14128625,-0.6299758,-10.203613,21
60,22,-0.1432634,-0.62997603,-10.203619,22
60,23,-0.14504321,-0.6299762,-10.203626,23
60,24,-0.14636111,-0.62997633,-10.203628,24
60,25,-0.15005517,-0.6299764,-10.203631,25
60,26,-0.15262096,-0.62997633,-10.203631,26
60,27,-0.15495875,-0.62997633,-10.20363,27
60,28,-0.15843421,-0.62997633,-10.203631,28
60,29,-0.16060826,-0.6299761,-10.20363,29
60,30,-0.16060704,-0.6299761,-10.20363,30
60,31,-0.15990508,-0.62997603,-10.203631,31
60,32,-0.15909103,-0.6299761,-10.203631,32
60,33,-0.15861599,-0.6299761,-10.20363,33
60,34,-0.15574297,-0.6299761,-10.203632,34
60,35,-0.15280211,-0.6299763,-10.203633,35
60,36,-0.1509658,-0.62997633,-10.203637,36
60,37,-0.14928745,-0.6299764,-10.203639,37
60,38,-0.14665855,-0.62997645,-10.203641,38
60,39,-0.14663088,-0.6299765,-10.203641,39
60,40,-0.14695399,-0.62997663,-10.203644,40
60,41,-0.14720227,-0.6299767,-10.203644,41
60,42,-0.15295684,-0.6299767,-10.203644,42
60,43,-0.15609911,-0.62997663,-10.203641,43
60,44,-0.15844858,-0.6299766,-10.20364,44
60,45,-0.16040678,-0.6299765,-10.203639,45
60,46,-0.16175985,-0.6299764,-10.203637,46
60,47,-0.16289555,-0.6299764,-10.203636,47
60,48,-0.16262922,-0.62997633,-10.203635,48
60,49,-0.16069058,-0.62997633,-10.203633,49
60,50,-0.15750697,-0.6299765,-10.203636,50
60,51,-0.1543733,-0.62997645,-10.203639,51
60,52,-0.15185362,-0.62997663,-10.20364,52
60,53,-0.15010814,-0.6299767,-10.203642,53
60,54,-0.14885312,-0.6299767,-10.203644,54
60,55,-0.14804249,-0.62997675,-10.203645,55
60,56,-0.14685103,-0.62997663,-10.203647,56
60,57,-0.14642589,-0.62997663,-10.203647,57
60,58,-0.14628904,-0.6299766,-10.203647,58
60,59,-0.14630562,-0.62997645,-10.203646,59
60,60,-0.14532799,-0.6299764,-10.203646,60
60,61,-0.14677313,-0.62997633,-10.203645,61
60,62,-0.1489089,-0.6299762,-10.203644,62
60,63,-0.14818604,-0.6299761,-10.203641,63
60,64,-0.1483399,-0.62997603,-10.203641,64
60,65,-0.15590884,-0.62997603,-10.203636,65
60,66,-0.16033632,-0.6299759,-10.203633,66
60,67,-0.16422768,-0.6299758,-10.203631,67
60,68,-0.16480942,-0.6299757,-10.203629,68
60,69,-0.16457179,-0.6299755,-10.203627,69
60,70,-0.1642978,-0.6299754,-10.203627,70
60,71,-0.16147704,-0.6299753,-10.203624,71
60,72,-0.15986185,-0.6299753,-10.203626,72
60,73,-0.15827097,-0.62997526,-10.203626,73
60,74,-0.15473874,-0.62997526,-10.203626,74
60,75,-0.1535506,-0.6299753,-10.203626,75
60,76,-0.15279968,-0.6299754,-10.203627,76
60,77,-0.15224905,-0.6299755,-10.203627,77
60,78,-0.15256304,-0.6299756,-10.203627,78
60,79,-0.1523342,-0.6299757,-10.203627,79
60,80,-0.1520451,-0.62997586,-10.203629,80
60,81,-0.15186596,-0.62997574,-10.203628,81
60,82,-0.152193,-0.6299758,-10.20363,82
60,83,-0.15648687,-0.6299759,-10.20363,83
60,84,-0.15818089,-0.6299757,-10.203628,84
60,85,-0.15868881,-0.6299757,-10.203626,85
60,86,-0.15885043,-0.6299757,-10.203626,86
60,87,-0.15891796,-0.62997556,-10.203626,87
60,88,-0.15944472,-0.6299756,-10.203626,88
60,89,-0.15965147,-0.6299756,-10.203624,89
60,90,-0.1611191,-0.6299755,-10.203623,90
60,91,-0.16292168,-0.62997526,-10.203622,91
60,92,-0.16426085,-0.6299751,-10.203618,92
60,93,-0.16476333,-0.629975,-10.203617,93
60,94,-0.16525228,-0.62997496,-10.203616,94
60,95,-0.16588333,-0.62997496,-10.203613,95
60,96,-0.16469152,-0.6299749,-10.203613,96
60,97,-0.1641013,-0.6299749,-10.203613,97
60,98,-0.16369338,-0.6299749,-10.203614,98
60,99,-0.16284853,-0.62997496,-10.203613,99
60,100,-0.16231737,-0.62997496,-10.203613,100
60,101,-0.16039923,-0.629975,-10.203614,101
60,102,-0.15955186,-0.629975,-10.203617,102
60,103,-0.1555028,-0.6299751,-10.203617,103
60,104,-0.15317346,-0.62997526,-10.203619,104
60,105,-0.15119791,-0.6299754,-10.203622,105
60,106,-0.14922066,-0.62997544,-10.203623,106
60,107,-0.1480998,-0.62997556,-10.203627,107
60,108,-0.14755283,-0.6299757,-10.203628,108
60,109,-0.14666112,-0.6299757,-10.20363,109
60,110,-0.14824095,-0.6299756,-10.203629,110
60,111,-0.14990486,-0.6299756,-10.203629,111
60,112,-0.15102911,-0.6299756,-10.203628,112
60,113,-0.15171926,-0.6299755,-10.203628,113
60,114,-0.15308088,-0.6299756,-10.203626,114
60,115,-0.15495351,-0.62997574,-10.203626,115
60,116,-0.15571967,-0.62997574,-10.203626,116
60,117,-0.1560227,-0.6299758,-10.203627,117
60,118,-0.15634674,-0.62997574,-10.203628,118
60,119,-0.1564747,-0.62997574,-10.203628,119
60,120,-0.15653552,-0.62997574,-10.203628,120
60,121,-0.15686034,-0.6299757,-10.203628,121
60,122,-0.1571035,-0.6299757,-10.203628,122
60,123,-0.1587594,-0.62997556,-10.203628,123
60,124,-0.1599515,-0.62997544,-10.203624,124
60,125,-0.16121659,-0.6299754,-10.203624,125
60,126,-0.16326106,-0.6299752,-10.203624,126
60,127,-0.16546257,-0.6299751,-10.203621,127
60,128,-0.16686621,-0.629975,-10.203617,128
60,129,-0.16728236,-0.6299749,-10.203616,129
60,130,-0.16714136,-0.6299749,-10.203613,130
60,131,-0.16680929,-0.62997466,-10.203614,131
60,132,-0.16569144,-0.62997466,-10.203613,132
60,133,-0.16486515,-0.62997466,-10.203613,133
60,134,-0.16430676,-0.6299747,-10.203614,134
60,135,-0.16126868,-0.6299749,-10.203612,135
60,136,-0.15917361,-0.629975,-10.203613,136
60,137,-0.15731531,-0.62997526,-10.203616,137
60,138,-0.15526508,-0.6299754,-10.203619,138
60,139,-0.15359381,-0.62997544,-10.203621,139
60,140,-0.15239213,-0.6299755,-10.203624,140
60,141,-0.15158536,-0.62997556,-10.203626,141
60,142,-0.150564,-0.6299755,-10.203628,142
60,143,-0.15028198,-0.6299754,-10.203626,143
60,144,-0.15032242,-0.6299753,-10.203628,144
60,145,-0.15040274,-0.6299752,-10.203628,145
60,146,-0.14828049,-0.62997526,-10.203626,146
60,147,-0.1477538,-0.62997544,-10.203626,147
60,148,-0.14816627,-0.62997556,-10.203627,148
60,149,-0.14847916,-0.6299756,-10.203627,149
60,150,-0.14863434,-0.6299756,-10.203629,150
60,151,-0.151334,-0.62997544,-10.203628,151
60,152,-0.15318263,-0.6299752,-10.203627,152
60,153,-0.15484855,-0.6299752,-10.203624,153
60,154,-0.15684658,-0.629975,-10.203624,154
60,155,-0.1583404,-0.62997484,-10.203621,155
60,156,-0.15933882,-0.6299749,-10.203618,156
60,157,-0.15997188,-0.6299747,-10.203617,157
60,158,-0.16036631,-0.62997484,-10.203617,158
60,159,-0.16010948,-0.6299749,-10.203614,159
60,160,-0.1595343,-0.62997496,-10.203614,160
60,161,-0.1587994,-0.62997514,-10.203616,161
60,162,-0.1579557,-0.62997526,-10.203617,162
60,163,-0.15758584,-0.62997526,-10.203618,163
60,164,-0.1569876,-0.62997526,-10.203621,164
60,165,-0.15614566,-0.62997526,-10.203621,165
60,166,-0.1555235,-0.62997526,-10.203621,166
60,167,-0.1541082,-0.62997526,-10.203622,167
60,168,-0.152548,-0.62997526,-10.203622,168
60,169,-0.1515334,-0.6299753,-10.203623,169
60,170,-0.15048645,-0.6299754,-10.203626,170
60,171,-0.1494624,-0.6299754,-10.203626,171
60,172,-0.14814544,-0.6299755,-10.203627,172
60,173,-0.1449592,-0.6299755,-10.203628,173
60,174,-0.14410137,-0.6299756,-10.20363,174
60,175,-0.14632562,-0.6299757,-10.20363,175
60,176,-0.14824513,-0.6299756,-10.20363,176
60,177,-0.14955875,-0.6299756,-10.203628,177
60,178,-0.15340689,-0.62997556,-10.203628,178
60,179,-0.1558407,-0.6299754,-10.203626,179
60,180,-0.15815853,-0.62997526,-10.203622,180
60,181,-0.1603467,-0.6299752,-10.203621,181
60,182,-0.16268116,-0.6299751,-10.203619,182
60,183,-0.16397385,-0.6299749,-10.203617,183
60,184,-0.16405764,-0.6299748,-10.203614,184
60,185,-0.16379616,-0.6299747,-10.203613,185
60,186,-0.16365539,-0.62997466,-10.203612,186
60,187,-0.16125652,-0.62997466,-10.203612,187
60,188,-0.15787593,-0.62997466,-10.203613,188
60,189,-0.15600853,-0.6299747,-10.203614,189
60,190,-0.15467681,-0.6299748,-10.203616,190
60,191,-0.15183999,-0.6299748,-10.203618,191
60,192,-0.15088518,-0.6299748,-10.203617,192
60,193,-0.15149917,-0.6299749,-10.203618,193
60,194,-0.15534972,-0.6299749,-10.203618,194
60,195,-0.15753298,-0.62997484,-10.203614,195
60,196,-0.15893012,-0.62997484,-10.203613,196
60,197,-0.15974821,-0.6299747,-10.203613,197
60,198,-0.16018935,-0.6299747,-10.203612,198
60,199,-0.16035467,-0.6299749,-10.203611,199
61,0,0.00661221,-0.1398318,-3.2114077,0
61,1,-0.009993203,-0.31012762,-6.261978,1
61,2,-0.029943306,-0.46700647,-8.410713,2
61,3,-0.050170098,-0.56437457,-9.503124,3
61,4,-0.07134277,-0.60755676,-9.952582,4
61,5,-0.091404304,-0.62296516,-10.117265,5
61,6,-0.105016574,-0.6278275,-10.174252,6
61,7,-0.116271496,-0.6292674,-10.193085,7
61,8,-0.12590182,-0.62970847,-10.199487,8
61,9,-0.13310628,-0.6298587,-10.201828,9
61,10,-0.13867353,-0.62991714,-10.202773,10
61,11,-0.14316022,-0.62994295,-10.203196,11
61,12,-0.1466213,-0.629956,-10.203407,12
61,13,-0.14981161,-0.62996286,-10.203522,13
61,14,-0.15227187,-0.62996715,-10.203586,14
61,15,-0.15450558,-0.6299697,-10.203627,15
61,16,-0.15643178,-0.62997144,-10.203653,16
61,17,-0.15781671,-0.62997264,-10.2036705,17
61,18,-0.15878421,-0.6299734,-10.203683,18
61,19,-0.15967733,-0.62997395,-10.2036915,19
61,20,-0.16079293,-0.6299743,-10.203699,20
61,21,-0.16127898,-0.6299747,-10.203704,21
61,22,-0.16121103,-0.6299749,-10.20371,22
61,23,-0.16103604,-0.6299751,-10.203711,23
61,24,-0.16018517,-0.6299752,-10.203714,24
61,25,-0.15987465,-0.6299753,-10.203715,25
61,26,-0.16010025,-0.6299754,-10.203716,26
61,27,-0.16044216,-0.6299755,-10.203719,27
61,28,-0.16130333,-0.6299755,-10.203719,28
61,29,-0.16217564,-0.62997556,-10.20372,29
61,30,-0.1626962,-0.6299755,-10.20372,30
61,31,-0.16283236,-0.6299755,-10.20372,31
61,32,-0.16251738,-0.6299756,-10.203722,32
61,33,-0.162015,-0.6299756,-10.203721,33
61,34,-0.1614409,-0.6299756,-10.203722,34
61,35,-0.16089523,-0.6299757,-10.203721,35
61,36,-0.15892026,-0.6299757,-10.203724,36
61,37,-0.15678586,-0.62997574,-10.203724,37
61,38,-0.15632746,-0.6299758,-10.203725,38
61,39,-0.15602183,-0.6299758,-10.203724,39
61,40,-0.15612522,-0.6299759,-10.203725,40
61,41,-0.15762138,-0.6299759,-10.203726,41
61,42,-0.15871154,-0.6299759,-10.203725,42
61,43,-0.15901136,-0.6299759,-10.203726,43
61,44,-0.15895097,-0.6299758,-10.203725,44
61,45,-0.15885039,-0.6299759,-10.203725,45
61,46,-0.15848532,-0.6299758,-10.203725,46
61,47,-0.15707566,-0.6299758,-10.203724,47
61,48,-0.15629844,-0.6299759,-10.203725,48
61,49,-0.15566963,-0.6299759,-10.203724,49
61,50,-0.1548475,-0.629976,-10.203725,50
61,51,-0.15414487,-0.629976,-10.203724,51
61,52,-0.15120111,-0.62997603,-10.203726,52
61,53,-0.14861412,-0.6299761,-10.203726,53
61,54,-0.14737882,-0.6299762,-10.203727,54
61,55,-0.14723456,-0.6299762,-10.203726,55
61,56,-0.14722385,-0.6299763,-10.203727,56
61,57,-0.14744662,-0.6299763,-10.203726,57
61,58,-0.14753076,-0.6299763,-10.203726,58
61,59,-0.14735577,-0.6299762,-10.203726,59
61,60,-0.14732385,-0.6299762,-10.203726,60
61,61,-0.14719336,-0.62997633,-10.203726,61
61,62,-0.14709711,-0.62997633,-10.203726,62
61,63,-0.14863399,-0.62997633,-10.203726,63
61,64,-0.1502145,-0.62997633,-10.203725,64
61,65,-0.15044399,-0.6299762,-10.203725,65
61,66,-0.15220757,-0.62997633,-10.203725,66
61,67,-0.15491503,-0.6299763,-10.203725,67
61,68,-0.15686688,-0.6299762,-10.203725,68
61,69,-0.15806419,-0.62997615,-10.203725,69
61,70,-0.1590182,-0.6299761,-10.203724,70
61,71,-0.15962575,-0.6299761,-10.203724,71
61,72,-0.1599318,-0.6299761,-10.203724,72
61,73,-0.16049394,-0.62997603,-10.203722,73
61,74,-0.16111659,-0.629976,-10.203724,74
61,75,-0.1617732,-0.6299759,-10.203724,75
61,76,-0.16319789,-0.629976,-10.203724,76
61,77,-0.1646265,-0.62997586,-10.203722,77
61,78,-0.16542786,-0.62997574,-10.203722,78
61,79,-0.16537847,-0.6299757,-10.203721,79
61,80,-0.16391881,-0.6299757,-10.203721,80
61,81,-0.16220205,-0.62997574,-10.203721,81
61,82,-0.16089238,-0.6299757,-10.203721,82
61,83,-0.15778093,-0.62997574,-10.203724,83
61,84,-0.15470722,-0.6299758,-10.203722,84
61,85,-0.1523221,-0.6299759,-10.203722,85
61,86,-0.15058576,-0.62997603,-10.203724,86
61,87,-0.14870201,-0.62997603,-10.203724,87
61,88,-0.14779565,-0.6299761,-10.203725,88
61,89,-0.14804678,-0.62997615,-10.203724,89
61,90,-0.14851141,-0.6299762,-10.203725,90
61,91,-0.14972651,-0.6299762,-10.203725,91
61,92,-0.15136898,-0.62997615,-10.203724,92
61,93,-0.15265816,-0.6299761,-10.203724,93
61,94,-0.15438405,-0.6299761,-10.203725,94
61,95,-0.1572181,-0.6299761,-10.203724,95
61,96,-0.15885347,-0.6299761,-10.203724,96
61,97,-0.16094477,-0.62997603,-10.203722,97
61,98,-0.16256331,-0.6299759,-10.203721,98
61,99,-0.16423872,-0.6299758,-10.203721,99
61,100,-0.16508283,-0.6299757,-10.20372,100
61,101,-0.16486004,-0.6299757,-10.203719,101
61,102,-0.1644707,-0.62997556,-10.203719,102
61,103,-0.16193406,-0.6299755,-10.203719,103
61,104,-0.15872625,-0.62997556,-10.203719,104
61,105,-0.15637621,-0.62997556,-10.203717,105
61,106,-0.15358521,-0.6299756,-10.203719,106
61,107,-0.15248184,-0.6299757,-10.203719,107
61,108,-0.15344061,-0.62997574,-10.203719,108
61,109,-0.15484777,-0.6299758,-10.203719,109
61,110,-0.15784751,-0.6299757,-10.203717,110
61,111,-0.15953757,-0.62997544,-10.203717,111
61,112,-0.15842795,-0.6299756,-10.203717,112
61,113,-0.1552919,-0.62997544,-10.203716,113
61,114,-0.15364833,-0.6299755,-10.203716,114
61,115,-0.15492593,-0.6299756,-10.203717,115
61,116,-0.15805553,-0.6299756,-10.203717,116
61,117,-0.15977551,-0.6299754,-10.203717,117
61,118,-0.1583338,-0.6299755,-10.203716,118
61,119,-0.15482317,-0.6299755,-10.203719,119
61,120,-0.1528998,-0.6299756,-10.203719,120
61,121,-0.15266247,-0.6299756,-10.203717,121
61,122,-0.15386656,-0.6299757,-10.203717,122
61,123,-0.15512851,-0.6299757,-10.203719,123
61,124,-0.15611315,-0.6299756,-10.203719,124
61,125,-0.15864517,-0.6299756,-10.203717,125
61,126,-0.16088542,-0.62997556,-10.203716,126
61,127,-0.16272765,-0.6299755,-10.203719,127
61,128,-0.1650415,-0.62997544,-10.203717,128
61,129,-0.16685727,-0.6299754,-10.203717,129
61,130,-0.1673658,-0.6299752,-10.203715,130
61,131,-0.16666804,-0.6299753,-10.203716,131
61,132,-0.16563042,-0.6299753,-10.203716,132
61,133,-0.164709,-0.6299754,-10.203716,133
61,134,-0.16281843,-0.6299754,-10.203716,134
61,135,-0.16013457,-0.6299754,-10.203716,135
61,136,-0.15792857,-0.6299755,-10.203717,136
61,137,-0.1562458,-0.6299756,-10.203716,137
61,138,-0.1542093,-0.6299757,-10.203716,138
61,139,-0.15310116,-0.6299758,-10.203717,139
61,140,-0.15315098,-0.6299758,-10.203717,140
61,141,-0.15343152,-0.6299758,-10.203717,141
61,142,-0.1560865,-0.629976,-10.203717,142
61,143,-0.15970656,-0.6299758,-10.203717,143
61,144,-0.16212547,-0.62997574,-10.203719,144
61,145,-0.16394472,-0.6299757,-10.203717,145
61,146,-0.16527306,-0.6299756,-10.203717,146
61,147,-0.16610996,-0.62997544,-10.203716,147
61,148,-0.16622011,-0.6299754,-10.203717,148
61,149,-0.16512476,-0.6299753,-10.203717,149
61,150,-0.1628082,-0.6299753,-10.203717,150
61,151,-0.16008833,-0.6299754,-10.203717,151
61,152,-0.15782402,-0.62997544,-10.203717,152
61,153,-0.15623283,-0.6299755,-10.203717,153
61,154,-0.1552479,-0.6299756,-10.203719,154
61,155,-0.15458298,-0.6299756,-10.203719,155
61,156,-0.15481444,-0.6299757,-10.203719,156
61,157,-0.15430807,-0.6299757,-10.203716,157
61,158,-0.15430339,-0.62997574,-10.203717,158
61,159,-0.15447883,-0.6299758,-10.203716,159
61,160,-0.15398893,-0.6299758,-10.203717,160
61,161,-0.15418734,-0.6299758,-10.203716,161
61,162,-0.15578343,-0.6299758,-10.203715,162
61,163,-0.15620933,-0.6299758,-10.203716,163
61,164,-0.15587573,-0.6299758,-10.203716,164
61,165,-0.15864024,-0.629976,-10.203714,165
61,166,-0.16269085,-0.6299757,-10.203715,166
61,167,-0.16607821,-0.6299757,-10.203714,167
61,168,-0.16794674,-0.6299755,-10.203712,168
61,169,-0.1682238,-0.6299755,-10.203712,169
61,170,-0.1680546,-0.6299754,-10.2037115,170
61,171,-0.16709599,-0.62997526,-10.2037115,171
61,172,-0.1654074,-0.6299753,-10.203711,172
61,173,-0.1641444,-0.62997526,-10.203711,173
61,174,-0.16226031,-0.62997526,-10.20371,174
61,175,-0.15975906,-0.6299754,-10.2037115,175
61,176,-0.1587011,-0.6299754,-10.203711,176
61,177,-0.15809722,-0.6299755,-10.203711,177
61,178,-0.1573085,-0.62997556,-10.2037115,178
61,179,-0.15743569,-0.62997556,-10.2037115,179
61,180,-0.15731376,-0.62997556,-10.2037115,180
61,181,-0.15712692,-0.6299755,-10.203712,181
61,182,-0.15745488,-0.6299755,-10.203712,182
61,183,-0.15992534,-0.6299755,-10.203712,183
61,184,-0.1623087,-0.6299754,-10.203712,184
61,185,-0.16337095,-0.6299752,-10.203711,185
61,186,-0.16382833,-0.6299752,-10.203712,186
61,187,-0.16399719,-0.6299752,-10.203712,187
61,188,-0.16438888,-0.6299751,-10.203712,188
61,189,-0.16458547,-0.62997496,-10.2037115,189
61,190,-0.16613312,-0.62997496,-10.2037115,190
61,191,-0.16764936,-0.6299749,-10.203711,191
61,192,-0.16885085,-0.62997484,-10.203711,192
61,193,-0.16940661,-0.6299747,-10.20371,193
61,194,-0.16958606,-0.6299748,-10.203708,194
61,195,-0.16983914,-0.6299748,-10.203708,195
61,196,-0.16972084,-0.62997466,-10.203708,196
61,197,-0.16891529,-0.62997466,-10.203707,197
61,198,-0.1683835,-0.6299748,-10.203707,198
61,199,-0.16777217,-0.6299747,-10.203707,199
62,0,0.015491101,-0.066306114,-1.5611168,0
62,1,0.01988086,-0.11982552,-2.727162,1
62,2,0.026479589,-0.17941906,-3.9082212,2
62,3,0.033982687,-0.24625748,-5.0994115,3
62,4,0.039523277,-0.31501296,-6.2105274,4
62,5,0.04248745,-0.38241997,-7.189751,5
62,6,0.043745596,-0.4454398,-8.020756,6
62,7,0.040413376,-0.49861524,-8.677332,7
62,8,0.0339788,-0.5410321,-9.171938,8
62,9,0.025440332,-0.5726243,-9.5298,9
62,10,0.013467221,-0.5944082,-9.775823,10
62,11,0.0051071905,-0.60896605,-9.9424,11
62,12,-0.0017478714,-0.618106,-10.051121,12
62,13,-0.0060636643,-0.62357235,-10.119053,13
62,14,-0.015042816,-0.6265948,-10.158237,14
62,15,-0.026811369,-0.62819207,-10.179525,15
62,16,-0.041605737,-0.62901264,-10.190634,16
62,17,-0.05256306,-0.62943906,-10.196459,17
62,18,-0.061221153,-0.6296647,-10.19955,18
62,19,-0.06742749,-0.62978774,-10.201222,19
62,20,-0.077985555,-0.62985575,-10.202134,20
62,21,-0.08805047,-0.6298952,-10.202648,21
62,22,-0.09811086,-0.6299188,-10.202949,22
62,23,-0.10621896,-0.62993354,-10.203132,23
62,24,-0.112557605,-0.62994325,-10.203249,24
62,25,-0.12042939,-0.6299497,-10.203326,25
62,26,-0.12549111,-0.629954,-10.203377,26
62,27,-0.12980568,-0.62995714,-10.20341,27
62,28,-0.13459499,-0.62995934,-10.203435,28
62,29,-0.13726869,-0.62996095,-10.203451,29
62,30,-0.13743666,-0.62996215,-10.203463,30
62,31,-0.13671818,-0.62996316,-10.203473,31
62,32,-0.13591719,-0.6299638,-10.203482,32
62,33,-0.1355072,-0.62996453,-10.203489,33
62,34,-0.1324161,-0.6299651,-10.203496,34
62,35,-0.12937264,-0.6299657,-10.203505,35
62,36,-0.12756951,-0.62996614,-10.20351,36
62,37,-0.12593262,-0.62996656,-10.203517,37
62,38,-0.12310428,-0.62996686,-10.203524,38
62,39,-0.123493984,-0.62996715,-10.203527,39
62,40,-0.12435987,-0.6299674,-10.203531,40
62,41,-0.12510675,-0.62996745,-10.203534,41
62,42,-0.13255486,-0.62996745,-10.203533,42
62,43,-0.1368252,-0.62996745,-10.203533,43
62,44,-0.1399845,-0.6299674,-10.203532,44
62,45,-0.14253986,-0.62996733,-10.203528,45
62,46,-0.1442979,-0.6299673,-10.2035265,46
62,47,-0.14579293,-0.6299672,-10.203524,47
62,48,-0.14590749,-0.62996715,-10.203522,48
62,49,-0.1443675,-0.62996715,-10.20352,49
62,50,-0.14153408,-0.6299672,-10.203524,50
62,51,-0.13878518,-0.6299674,-10.203525,51
62,52,-0.13663745,-0.6299674,-10.203528,52
62,53,-0.13516127,-0.6299675,-10.203532,53
62,54,-0.1340475,-0.6299677,-10.203534,54
62,55,-0.13329968,-0.6299677,-10.203538,55
62,56,-0.13154808,-0.629968,-10.203542,56
62,57,-0.12988882,-0.6299679,-10.203546,57
62,58,-0.12886132,-0.629968,-10.203547,58
62,59,-0.12793829,-0.62996805,-10.2035475,59
62,60,-0.12567374,-0.62996817,-10.20355,60
62,61,-0.12655371,-0.62996817,-10.203548,61
62,62,-0.1283079,-0.6299681,-10.20355,62
62,63,-0.12634625,-0.6299681,-10.203548,63
62,64,-0.1255799,-0.62996805,-10.2035475,64
62,65,-0.13417763,-0.6299678,-10.203544,65
62,66,-0.13974182,-0.6299675,-10.203539,66
62,67,-0.1450006,-0.6299673,-10.203537,67
62,68,-0.14613903,-0.6299671,-10.203531,68
62,69,-0.1460922,-0.62996686,-10.203527,69
62,70,-0.1458985,-0.6299667,-10.203524,70
62,71,-0.14266859,-0.6299667,-10.203524,71
62,72,-0.14043231,-0.6299665,-10.203522,72
62,73,-0.13825887,-0.6299664,-10.203519,73
62,74,-0.13358831,-0.62996644,-10.20352,74
62,75,-0.13170773,-0.62996644,-10.203522,75
62,76,-0.13119021,-0.62996644,-10.203523,76
62,77,-0.13094367,-0.6299665,-10.203524,77
62,78,-0.13211934,-0.6299665,-10.203527,78
62,79,-0.13339053,-0.62996656,-10.203529,79
62,80,-0.13435745,-0.62996656,-10.203531,80
62,81,-0.13553762,-0.6299665,-10.203532,81
62,82,-0.13742906,-0.62996656,-10.203534,82
62,83,-0.1435272,-0.6299664,-10.203532,83
62,84,-0.14639238,-0.62996626,-10.203531,84
62,85,-0.14796345,-0.6299662,-10.203529,85
62,86,-0.14897574,-0.629966,-10.203528,86
62,87,-0.14966585,-0.62996596,-10.203525,87
62,88,-0.15070121,-0.62996584,-10.203524,88
62,89,-0.15120822,-0.62996566,-10.203524,89
62,90,-0.15284182,-0.6299656,-10.20352,90
62,91,-0.15369153,-0.6299654,-10.203519,91
62,92,-0.15400475,-0.62996536,-10.203515,92
62,93,-0.15369171,-0.6299651,-10.203512,93
62,94,-0.15361682,-0.629965,-10.20351,94
62,95,-0.15376298,-0.62996495,-10.203507,95
62,96,-0.15200607,-0.62996495,-10.2035055,96
62,97,-0.15051506,-0.6299649,-10.203505,97
62,98,-0.14937738,-0.6299649,-10.2035055,98
62,99,-0.1478768,-0.62996495,-10.2035055,99
62,100,-0.14672635,-0.62996507,-10.203505,100
62,101,-0.14418593,-0.6299651,-10.2035055,101
62,102,-0.14273073,-0.6299652,-10.203507,102
62,103,-0.1377376,-0.6299654,-10.20351,103
62,104,-0.134706,-0.6299656,-10.203514,104
62,105,-0.13212682,-0.62996584,-10.203519,105
62,106,-0.12956287,-0.6299661,-10.203524,106
62,107,-0.1280865,-0.62996626,-10.203527,107
62,108,-0.12749459,-0.6299664,-10.203531,108
62,109,-0.126425,-0.6299665,-10.203536,109
62,110,-0.12749715,-0.6299666,-10.203536,110
62,111,-0.12870333,-0.6299666,-10.203534,111
62,112,-0.13010521,-0.6299666,-10.203534,112
62,113,-0.1310072,-0.62996674,-10.203536,113
62,114,-0.13335502,-0.6299667,-10.203534,114
62,115,-0.13716762,-0.6299666,-10.203536,115
62,116,-0.13934724,-0.6299666,-10.203534,116
62,117,-0.14078772,-0.6299666,-10.203536,117
62,118,-0.14209835,-0.62996656,-10.203533,118
62,119,-0.14309701,-0.62996656,-10.203532,119
62,120,-0.1438482,-0.6299665,-10.203533,120
62,121,-0.1446428,-0.62996644,-10.203531,121
62,122,-0.14509667,-0.62996644,-10.203531,122
62,123,-0.14673448,-0.6299663,-10.203528,123
62,124,-0.14728741,-0.62996614,-10.2035265,124
62,125,-0.14799792,-0.62996614,-10.203523,125
62,126,-0.14922126,-0.6299659,-10.20352,126
62,127,-0.15056622,-0.6299657,-10.203518,127
62,128,-0.15167303,-0.62996554,-10.203514,128
62,129,-0.15178148,-0.6299654,-10.20351,129
62,130,-0.15138099,-0.62996525,-10.203507,130
62,131,-0.15040967,-0.62996525,-10.203505,131
62,132,-0.14835499,-0.6299651,-10.203505,132
62,133,-0.14725795,-0.62996507,-10.203504,133
62,134,-0.14653525,-0.629965,-10.203503,134
62,135,-0.1436321,-0.62996507,-10.2035055,135
62,136,-0.14261498,-0.6299652,-10.203508,136
62,137,-0.14160912,-0.62996536,-10.20351,137
62,138,-0.14043842,-0.6299654,-10.203514,138
62,139,-0.1396875,-0.62996554,-10.203518,139
62,140,-0.13891345,-0.62996554,-10.203523,140
62,141,-0.13843545,-0.6299657,-10.203525,141
62,142,-0.1371346,-0.62996584,-10.203527,142
62,143,-0.13554348,-0.62996596,-10.203528,143
62,144,-0.13459593,-0.62996596,-10.203531,144
62,145,-0.13338016,-0.629966,-10.203532,145
62,146,-0.12971984,-0.62996614,-10.203533,146
62,147,-0.12969743,-0.6299663,-10.203537,147
62,148,-0.13153121,-0.6299665,-10.203541,148
62,149,-0.13236362,-0.6299665,-10.203542,149
62,150,-0.13294195,-0.6299666,-10.203544,150
62,151,-0.13595402,-0.6299666,-10.203543,151
62,152,-0.13699205,-0.62996656,-10.203542,152
62,153,-0.13808124,-0.6299665,-10.203538,153
62,154,-0.1393739,-0.6299664,-10.203536,154
62,155,-0.14012477,-0.62996626,-10.203533,155
62,156,-0.14073299,-0.62996614,-10.203529,156
62,157,-0.1411251,-0.6299661,-10.2035265,157
62,158,-0.14137709,-0.6299659,-10.2035265,158
62,159,-0.14163287,-0.62996596,-10.203524,159
62,160,-0.14265451,-0.62996596,-10.203524,160
62,161,-0.14313357,-0.62996584,-10.203524,161
62,162,-0.14351858,-0.6299658,-10.203524,162
62,163,-0.14443633,-0.6299657,-10.203525,163
62,164,-0.1445609,-0.6299657,-10.203525,164
62,165,-0.14425413,-0.62996566,-10.203524,165
62,166,-0.14398828,-0.62996566,-10.203525,166
62,167,-0.14266615,-0.62996566,-10.2035265,167
62,168,-0.14091086,-0.62996566,-10.203527,168
62,169,-0.1399009,-0.62996584,-10.203529,169
62,170,-0.13883053,-0.62996584,-10.203532,170
62,171,-0.13783163,-0.62996596,-10.203532,171
62,172,-0.13647589,-0.6299661,-10.203537,172
62,173,-0.1326238,-0.62996626,-10.203541,173
62,174,-0.1318005,-0.6299665,-10.203546,174
62,175,-0.13487755,-0.6299665,-10.2035475,175
62,176,-0.1372801,-0.6299667,-10.2035475,176
62,177,-0.13894466,-0.62996656,-10.203548,177
62,178,-0.14339508,-0.62996656,-10.203547,178
62,179,-0.14592777,-0.62996644,-10.203544,179
62,180,-0.14830306,-0.62996626,-10.203541,180
62,181,-0.1504058,-0.62996626,-10.203538,181
62,182,-0.1524475,-0.6299661,-10.203533,182
62,183,-0.1530795,-0.62996584,-10.203527,183
62,184,-0.15242876,-0.6299657,-10.203525,184
62,185,-0.15154523,-0.62996554,-10.20352,185
62,186,-0.15087515,-0.6299655,-10.203518,186
62,187,-0.14791416,-0.62996536,-10.203519,187
62,188,-0.14366752,-0.62996554,-10.203518,188
62,189,-0.14056921,-0.6299656,-10.203519,189
62,190,-0.1382244,-0.6299656,-10.203522,190
62,191,-0.13388228,-0.6299657,-10.203523,191
62,192,-0.13125111,-0.62996584,-10.203524,192
62,193,-0.1308847,-0.6299659,-10.203525,193
62,194,-0.134718,-0.62996584,-10.203525,194
62,195,-0.1367558,-0.6299657,-10.203523,195
62,196,-0.13812226,-0.62996566,-10.203522,196
62,197,-0.13908602,-0.6299656,-10.203519,197
62,198,-0.13969389,-0.6299656,-10.203518,198
62,199,-0.14071237,-0.62996554,-10.203519,199
63,0,0.0058225375,-0.12665384,-2.8024054,0
63,1,-0.009453049,-0.28833154,-5.767455,1
63,2,-0.02704461,-0.4528494,-8.210051,2
63,3,-0.042935003,-0.56205827,-9.52303,3
63,4,-0.058574703,-0.60936064,-10.009538,4
63,5,-0.06995171,-0.6244705,-10.152222,5
63,6,-0.07177086,-0.6285171,-10.18973,6
63,7,-0.07994618,-0.62953556,-10.199273,7
63,8,-0.088713944,-0.62981606,-10.201997,8
63,9,-0.09778331,-0.6299066,-10.202912,9
63,10,-0.10652446,-0.6299415,-10.203275,10
63,11,-0.11434511,-0.6299573,-10.203444,11
63,12,-0.12074218,-0.6299654,-10.203531,12
63,13,-0.12642388,-0.6299699,-10.203578,13
63,14,-0.13062643,-0.62997264,-10.203608,14
63,15,-0.13429488,-0.62997437,-10.203627,15
63,16,-0.1372624,-0.6299755,-10.203637,16
63,17,-0.13894999,-0.62997633,-10.203646,17
63,18,-0.14037873,-0.6299769,-10.20365,18
63,19,-0.14247052,-0.62997735,-10.203654,19
63,20,-0.14440395,-0.6299776,-10.203656,20
63,21,-0.1451949,-0.6299778,-10.203656,21
63,22,-0.14547369,-0.62997794,-10.203658,22
63,23,-0.14570384,-0.629978,-10.203659,23
63,24,-0.14456657,-0.6299781,-10.203661,24
63,25,-0.14525004,-0.62997824,-10.203663,25
63,26,-0.1457279,-0.62997824,-10.203665,26
63,27,-0.14647146,-0.62997824,-10.203664,27
63,28,-0.14816296,-0.6299783,-10.203665,28
63,29,-0.14906028,-0.6299783,-10.203665,29
63,30,-0.14980657,-0.6299784,-10.203666,30
63,31,-0.14976539,-0.62997836,-10.203666,31
63,32,-0.14913915,-0.62997836,-10.203666,32
63,33,-0.1484516,-0.62997836,-10.203668,33
63,34,-0.14755648,-0.6299784,-10.203668,34
63,35,-0.14688377,-0.62997854,-10.20367,35
63,36,-0.14278181,-0.62997854,-10.2036705,36
63,37,-0.14163414,-0.6299786,-10.203672,37
63,38,-0.14152151,-0.62997854,-10.203674,38
63,39,-0.14151467,-0.6299786,-10.203674,39
63,40,-0.14263472,-0.6299786,-10.203675,40
63,41,-0.14516693,-0.6299786,-10.203675,41
63,42,-0.14592393,-0.62997866,-10.203678,42
63,43,-0.1457389,-0.62997866,-10.203678,43
63,44,-0.14525768,-0.62997866,-10.203679,44
63,45,-0.14488104,-0.62997866,-10.203678,45
63,46,-0.14255273,-0.6299788,-10.203679,46
63,47,-0.14016537,-0.62997884,-10.20368,47
63,48,-0.13863969,-0.6299788,-10.20368,48
63,49,-0.13697395,-0.6299787,-10.203683,49
63,50,-0.13546921,-0.62997884,-10.20368,50
63,51,-0.13427669,-0.62997884,-10.20368,51
63,52,-0.13043964,-0.6299789,-10.203679,52
63,53,-0.12865275,-0.6299789,-10.20368,53
63,54,-0.12912309,-0.6299789,-10.203682,54
63,55,-0.12964393,-0.6299789,-10.203684,55
63,56,-0.12994729,-0.62997895,-10.203684,56
63,57,-0.12972285,-0.62997884,-10.203688,57
63,58,-0.12888852,-0.629979,-10.203689,58
63,59,-0.12798285,-0.62997895,-10.20369,59
63,60,-0.12699217,-0.6299791,-10.2036915,60
63,61,-0.12624587,-0.629979,-10.2036915,61
63,62,-0.12551337,-0.62997913,-10.2036915,62
63,63,-0.12762992,-0.62997913,-10.20369,63
63,64,-0.12866916,-0.6299792,-10.203688,64
63,65,-0.12748057,-0.62997925,-10.203688,65
63,66,-0.13132423,-0.6299792,-10.203685,66
63,67,-0.13424273,-0.6299792,-10.203684,67
63,68,-0.13622445,-0.6299791,-10.203682,68
63,69,-0.13780726,-0.62997913,-10.203679,69
63,70,-0.13920183,-0.6299791,-10.203677,70
63,71,-0.14017838,-0.6299791,-10.203673,71
63,72,-0.1409043,-0.629979,-10.203673,72
63,73,-0.1423111,-0.62997895,-10.2036705,73
63,74,-0.14332153,-0.62997884,-10.20367,74
63,75,-0.14467898,-0.62997884,-10.203669,75
63,76,-0.14773905,-0.6299788,-10.203668,76
63,77,-0.1493766,-0.6299788,-10.203666,77
63,78,-0.15028512,-0.62997866,-10.203664,78
63,79,-0.14970104,-0.6299786,-10.203664,79
63,80,-0.14712393,-0.6299786,-10.203663,80
63,81,-0.14523487,-0.62997866,-10.203664,81
63,82,-0.14396034,-0.6299786,-10.203664,82
63,83,-0.13896911,-0.6299786,-10.203664,83
63,84,-0.13614832,-0.62997854,-10.203668,84
63,85,-0.13361162,-0.6299786,-10.203669,85
63,86,-0.13183951,-0.62997866,-10.20367,86
63,87,-0.12926713,-0.6299788,-10.203672,87
63,88,-0.12915792,-0.6299788,-10.203674,88
63,89,-0.129738,-0.6299788,-10.203678,89
63,90,-0.1301802,-0.62997884,-10.203679,90
63,91,-0.13256721,-0.62997884,-10.203679,91
63,92,-0.134291,-0.62997884,-10.20368,92
63,93,-0.13591546,-0.62997884,-10.20368,93
63,94,-0.13878568,-0.62997884,-10.203682,94
63,95,-0.14140633,-0.62997884,-10.20368,95
63,96,-0.14509195,-0.6299788,-10.203677,96
63,97,-0.14804532,-0.6299787,-10.203674,97
63,98,-0.15057956,-0.62997854,-10.2036705,98
63,99,-0.15366468,-0.6299784,-10.20367,99
63,100,-0.15430456,-0.6299783,-10.203665,100
63,101,-0.15426421,-0.6299781,-10.203663,101
63,102,-0.1541918,-0.629978,-10.20366,102
63,103,-0.1492819,-0.62997794,-10.203659,103
63,104,-0.14602074,-0.62997776,-10.203659,104
63,105,-0.14325021,-0.6299778,-10.203661,105
63,106,-0.1390602,-0.6299778,-10.203661,106
63,107,-0.13945445,-0.6299777,-10.203663,107
63,108,-0.14096446,-0.62997764,-10.203664,108
63,109,-0.14275654,-0.6299777,-10.203664,109
63,110,-0.14811128,-0.62997764,-10.203663,110
63,111,-0.14769979,-0.62997764,-10.203661,111
63,112,-0.14524813,-0.62997764,-10.203663,112
63,113,-0.13965617,-0.6299777,-10.203664,113
63,114,-0.13930488,-0.62997764,-10.203666,114
63,115,-0.14164492,-0.6299777,-10.203666,115
63,116,-0.14657089,-0.6299777,-10.203665,116
63,117,-0.14651594,-0.6299777,-10.203665,117
63,118,-0.14321171,-0.6299778,-10.203665,118
63,119,-0.1376334,-0.6299777,-10.203668,119
63,120,-0.13680881,-0.6299778,-10.20367,120
63,121,-0.13699013,-0.62997794,-10.2036705,121
63,122,-0.13875972,-0.6299778,-10.2036705,122
63,123,-0.14007066,-0.62997794,-10.2036705,123
63,124,-0.14095241,-0.629978,-10.203672,124
63,125,-0.14453714,-0.62997794,-10.2036705,125
63,126,-0.14646444,-0.62997794,-10.203669,126
63,127,-0.1484482,-0.62997806,-10.203668,127
63,128,-0.1517122,-0.629978,-10.203665,128
63,129,-0.15351403,-0.62997794,-10.203661,129
63,130,-0.15325607,-0.62997794,-10.203659,130
63,131,-0.15212402,-0.6299779,-10.203655,131
63,132,-0.15095757,-0.62997794,-10.203656,132
63,133,-0.15019065,-0.62997776,-10.203653,133
63,134,-0.14697938,-0.62997776,-10.203654,134
63,135,-0.1436875,-0.6299778,-10.203655,135
63,136,-0.14140427,-0.6299778,-10.203654,136
63,137,-0.13930887,-0.6299779,-10.203655,137
63,138,-0.13618273,-0.62997794,-10.203659,138
63,139,-0.13565655,-0.62997806,-10.203659,139
63,140,-0.1357576,-0.62997794,-10.20366,140
63,141,-0.13586155,-0.62997806,-10.203663,141
63,142,-0.14168335,-0.62997794,-10.20366,142
63,143,-0.14554235,-0.62997806,-10.20366,143
63,144,-0.14846078,-0.629978,-10.203659,144
63,145,-0.15093507,-0.629978,-10.203656,145
63,146,-0.15277345,-0.62997794,-10.203656,146
63,147,-0.15430406,-0.6299778,-10.203653,147
63,148,-0.1544841,-0.6299778,-10.203653,148
63,149,-0.152968,-0.62997776,-10.203653,149
63,150,-0.15004261,-0.62997776,-10.203655,150
63,151,-0.14708385,-0.62997776,-10.203655,151
63,152,-0.14471832,-0.62997776,-10.203659,152
63,153,-0.14300987,-0.6299778,-10.203661,153
63,154,-0.14173265,-0.6299778,-10.203661,154
63,155,-0.1407684,-0.6299778,-10.203665,155
63,156,-0.13977927,-0.62997794,-10.203666,156
63,157,-0.13838229,-0.62997806,-10.203669,157
63,158,-0.13764709,-0.629978,-10.203668,158
63,159,-0.13708378,-0.629978,-10.203668,159
63,160,-0.13534302,-0.62997806,-10.203668,160
63,161,-0.13613176,-0.62997806,-10.203666,161
63,162,-0.13805954,-0.62997806,-10.203665,162
63,163,-0.13683856,-0.62997806,-10.203664,163
63,164,-0.13626006,-0.62997806,-10.203663,164
63,165,-0.14352135,-0.62997794,-10.203659,165
63,166,-0.14874126,-0.6299778,-10.203654,166
63,167,-0.1541734,-0.6299777,-10.20365,167
63,168,-0.15599158,-0.62997764,-10.203649,168
63,169,-0.15647395,-0.6299776,-10.203645,169
63,170,-0.15666938,-0.6299775,-10.203644,170
63,171,-0.15422481,-0.62997735,-10.203644,171
63,172,-0.15232292,-0.6299773,-10.203641,172
63,173,-0.15049139,-0.6299772,-10.203642,173
63,174,-0.14657338,-0.6299773,-10.203642,174
63,175,-0.14419517,-0.6299773,-10.203642,175
63,176,-0.14327379,-0.6299772,-10.203642,176
63,177,-0.14266375,-0.6299772,-10.203645,177
63,178,-0.14264646,-0.6299773,-10.203645,178
63,179,-0.14323926,-0.6299772,-10.203646,179
63,180,-0.14347883,-0.6299773,-10.203647,180
63,181,-0.14378919,-0.6299772,-10.203649,181
63,182,-0.14488535,-0.6299772,-10.20365,182
63,183,-0.15015823,-0.6299772,-10.20365,183
63,184,-0.15267363,-0.62997717,-10.20365,184
63,185,-0.15394045,-0.62997717,-10.2036495,185
63,186,-0.15473561,-0.6299771,-10.2036495,186
63,187,-0.15524334,-0.6299771,-10.20365,187
63,188,-0.15620333,-0.62997705,-10.2036495,188
63,189,-0.15663512,-0.62997705,-10.203649,189
63,190,-0.15884852,-0.6299769,-10.203649,190
63,191,-0.16042039,-0.6299769,-10.203646,191
63,192,-0.16153587,-0.6299768,-10.203644,192
63,193,-0.161944,-0.6299768,-10.203641,193
63,194,-0.16246264,-0.6299767,-10.203639,194
63,195,-0.16320072,-0.62997663,-10.203635,195
63,196,-0.16227089,-0.6299765,-10.203635,196
63,197,-0.16126351,-0.62997645,-10.203633,197
63,198,-0.16059066,-0.62997645,-10.203632,198
63,199,-0.15952022,-0.6299765,-10.20363,199
64,0,0.01452671,-0.08471453,-1.6065074,0
64,1,0.01668431,-0.1706566,-2.7976725,1
64,2,0.021209486,-0.26717624,-4.0283785,2
64,3,0.026603552,-0.36461344,-5.345374,3
64,4,0.029736299,-0.4503503,-6.611721,4
64,5,0.029357895,-0.5172898,-7.7256227,5
64,6,0.025829006,-0.5645632,-8.627843,6
64,7,0.016851911,-0.5942687,-9.265172,7
64,8,0.0045136157,-0.6115077,-9.678303,8
64,9,-0.009366535,-0.62081826,-9.924616,9
64,10,-0.02517969,-0.62551934,-10.059127,10
64,11,-0.035885207,-0.62782955,-10.131002,11
64,12,-0.04256154,-0.62893045,-10.167208,12
64,13,-0.04436279,-0.62945133,-10.185065,13
64,14,-0.049656346,-0.6296972,-10.19359,14
64,15,-0.057681765,-0.6298178,-10.197823,15
64,16,-0.068898536,-0.62988013,-10.200016,16
64,17,-0.07607211,-0.6299153,-10.201257,17
64,18,-0.08038216,-0.62993634,-10.20199,18
64,19,-0.08231788,-0.62994975,-10.202451,19
64,20,-0.08839485,-0.62995845,-10.202734,20
64,21,-0.09436771,-0.6299641,-10.202925,21
64,22,-0.100026086,-0.6299681,-10.203054,22
64,23,-0.10494996,-0.62997097,-10.203145,23
64,24,-0.1088375,-0.62997293,-10.203208,24
64,25,-0.11439439,-0.6299744,-10.203254,25
64,26,-0.118758835,-0.6299756,-10.203286,26
64,27,-0.12244834,-0.62997633,-10.203311,27
64,28,-0.12692927,-0.629977,-10.203329,28
64,29,-0.13016878,-0.6299775,-10.2033415,29
64,30,-0.13109727,-0.62997776,-10.203354,30
64,31,-0.13107447,-0.6299781,-10.203366,31
64,32,-0.13069083,-0.62997824,-10.203373,32
64,33,-0.13045697,-0.6299784,-10.203381,33
64,34,-0.12772442,-0.6299786,-10.203387,34
64,35,-0.12472089,-0.6299789,-10.203395,35
64,36,-0.122812785,-0.629979,-10.203401,36
64,37,-0.12106375,-0.6299792,-10.2034025,37
64,38,-0.11833355,-0.6299794,-10.20341,38
64,39,-0.118234225,-0.62997955,-10.203411,39
64,40,-0.1185379,-0.62997967,-10.203412,40
64,41,-0.11877462,-0.6299797,-10.203415,41
64,42,-0.124399364,-0.6299797,-10.203412,42
64,43,-0.12750265,-0.62997967,-10.203411,43
64,44,-0.12982206,-0.62997967,-10.203411,44
64,45,-0.13181767,-0.62997955,-10.20341,45
64,46,-0.13324499,-0.62997967,-10.20341,46
64,47,-0.1344402,-0.6299795,-10.203409,47
64,48,-0.13425417,-0.62997943,-10.20341,48
64,49,-0.13236144,-0.62997943,-10.20341,49
64,50,-0.12916861,-0.6299794,-10.203414,50
64,51,-0.12596352,-0.62997955,-10.203416,51
64,52,-0.12339981,-0.62997955,-10.203417,52
64,53,-0.12168848,-0.62997955,-10.203421,53
64,54,-0.12054031,-0.6299797,-10.203423,54
64,55,-0.11989013,-0.62997967,-10.2034235,55
64,56,-0.118914,-0.6299798,-10.203424,56
64,57,-0.11899263,-0.62997997,-10.203424,57
64,58,-0.119184226,-0.62997985,-10.203423,58
64,59,-0.11942916,-0.6299799,-10.20342,59
64,60,-0.11864129,-0.62997997,-10.203417,60
64,61,-0.12017236,-0.6299799,-10.203415,61
64,62,-0.12234289,-0.6299798,-10.20341,62
64,63,-0.121707074,-0.6299798,-10.203407,63
64,64,-0.121829174,-0.6299798,-10.203405,64
64,65,-0.12916428,-0.6299796,-10.203397,65
64,66,-0.13342564,-0.6299793,-10.203393,66
64,67,-0.13697694,-0.6299792,-10.203387,67
64,68,-0.13768753,-0.62997895,-10.203383,68
64,69,-0.13758391,-0.6299789,-10.203382,69
64,70,-0.13740714,-0.62997884,-10.203378,70
64,71,-0.13474613,-0.6299788,-10.203378,71
64,72,-0.13312387,-0.6299787,-10.203377,72
64,73,-0.13149719,-0.6299787,-10.203374,73
64,74,-0.1278769,-0.62997866,-10.203376,74
64,75,-0.12642515,-0.62997866,-10.203374,75
64,76,-0.1253005,-0.6299788,-10.203374,76
64,77,-0.12444961,-0.6299788,-10.203377,77
64,78,-0.12448857,-0.6299787,-10.203377,78
64,79,-0.12397391,-0.62997866,-10.203379,79
64,80,-0.123568356,-0.62997866,-10.203379,80
64,81,-0.1233478,-0.6299788,-10.203382,81
64,82,-0.123658225,-0.6299788,-10.2033825,82
64,83,-0.12790391,-0.62997866,-10.203381,83
64,84,-0.13000764,-0.62997866,-10.203381,84
64,85,-0.13082574,-0.6299786,-10.203379,85
64,86,-0.13130364,-0.62997854,-10.203379,86
64,87,-0.13170995,-0.6299784,-10.203378,87
64,88,-0.13254808,-0.62997836,-10.203378,88
64,89,-0.13313134,-0.6299783,-10.203377,89
64,90,-0.13492739,-0.6299784,-10.203376,90
64,91,-0.13750693,-0.62997836,-10.203372,91
64,92,-0.13964777,-0.6299783,-10.203369,92
64,93,-0.14078346,-0.62997824,-10.203367,93
64,94,-0.1416588,-0.62997806,-10.203366,94
64,95,-0.14256072,-0.6299781,-10.203364,95
64,96,-0.14168972,-0.62997806,-10.203366,96
64,97,-0.14129919,-0.629978,-10.203366,97
64,98,-0.14097996,-0.629978,-10.203367,98
64,99,-0.14011638,-0.62997806,-10.203368,99
64,100,-0.1394652,-0.62997806,-10.203368,100
64,101,-0.13737538,-0.6299781,-10.203373,101
64,102,-0.13621917,-0.62997824,-10.203373,102
64,103,-0.13179275,-0.62997824,-10.203379,103
64,104,-0.12892415,-0.6299785,-10.203379,104
64,105,-0.12651637,-0.62997854,-10.2033825,105
64,106,-0.12409808,-0.6299786,-10.203386,106
64,107,-0.12257839,-0.6299788,-10.203387,107
64,108,-0.12168385,-0.62997884,-10.20339,108
64,109,-0.12052678,-0.62997895,-10.20339,109
64,110,-0.122106835,-0.6299791,-10.203387,110
64,111,-0.12391712,-0.62997895,-10.203386,111
64,112,-0.12489684,-0.6299791,-10.203385,112
64,113,-0.12543726,-0.62997895,-10.203385,113
64,114,-0.12658776,-0.629979,-10.203383,114
64,115,-0.12805593,-0.6299789,-10.2033825,115
64,116,-0.12869014,-0.62997895,-10.203383,116
64,117,-0.12896718,-0.6299788,-10.203383,117
64,118,-0.12931082,-0.6299788,-10.203383,118
64,119,-0.129488,-0.6299788,-10.203383,119
64,120,-0.12962918,-0.6299788,-10.2033825,120
64,121,-0.13008033,-0.62997866,-10.203383,121
64,122,-0.13053156,-0.6299787,-10.2033825,122
64,123,-0.13237715,-0.6299788,-10.203381,123
64,124,-0.13405217,-0.62997854,-10.203377,124
64,125,-0.13568826,-0.62997866,-10.203376,125
64,126,-0.1381213,-0.62997854,-10.203372,126
64,127,-0.14078501,-0.62997836,-10.203369,127
64,128,-0.1424443,-0.62997836,-10.203366,128
64,129,-0.1430754,-0.6299781,-10.203366,129
64,130,-0.14306983,-0.6299781,-10.203366,130
64,131,-0.14301218,-0.62997806,-10.203363,131
64,132,-0.14213106,-0.629978,-10.203364,132
64,133,-0.14114027,-0.62997794,-10.203363,133
64,134,-0.14037369,-0.62997794,-10.203363,134
64,135,-0.13676582,-0.6299778,-10.203367,135
64,136,-0.13382606,-0.62997794,-10.203369,136
64,137,-0.13146943,-0.629978,-10.203372,137
64,138,-0.12902437,-0.62997806,-10.203377,138
64,139,-0.12713215,-0.62997824,-10.203381,139
64,140,-0.12596752,-0.62997836,-10.203382,140
64,141,-0.12527312,-0.62997836,-10.203385,141
64,142,-0.12459263,-0.6299786,-10.203385,142
64,143,-0.1248763,-0.62997866,-10.203383,143
64,144,-0.1252797,-0.6299787,-10.203382,144
64,145,-0.12563768,-0.6299788,-10.203379,145
64,146,-0.12361516,-0.6299786,-10.203381,146
64,147,-0.12245104,-0.62997866,-10.203381,147
64,148,-0.12223921,-0.62997866,-10.203382,148
64,149,-0.1223924,-0.62997866,-10.2033825,149
64,150,-0.122506425,-0.6299788,-10.2033825,150
64,151,-0.12526102,-0.62997884,-10.203379,151
64,152,-0.127604,-0.6299788,-10.203376,152
64,153,-0.12955959,-0.6299788,-10.203371,153
64,154,-0.13177343,-0.6299786,-10.203366,154
64,155,-0.1334997,-0.62997854,-10.203362,155
64,156,-0.13452803,-0.62997836,-10.203359,156
64,157,-0.13508539,-0.62997824,-10.203355,157
64,158,-0.13534887,-0.6299781,-10.203354,158
64,159,-0.13476695,-0.629978,-10.203353,159
64,160,-0.13357101,-0.629978,-10.203355,160
64,161,-0.13247524,-0.629978,-10.203358,161
64,162,-0.13137789,-0.629978,-10.20336,162
64,163,-0.13086173,-0.62997806,-10.2033615,163
64,164,-0.13037474,-0.62997806,-10.203364,164
64,165,-0.12969849,-0.6299781,-10.203364,165
64,166,-0.12926279,-0.62997806,-10.203367,166
64,167,-0.12809539,-0.6299781,-10.203368,167
64,168,-0.12673958,-0.6299781,-10.203369,168
64,169,-0.1258065,-0.62997824,-10.203372,169
64,170,-0.124820545,-0.62997836,-10.203373,170
64,171,-0.12379864,-0.62997824,-10.203376,171
64,172,-0.12247575,-0.62997836,-10.203376,172
64,173,-0.11920168,-0.6299784,-10.203381,173
64,174,-0.118067004,-0.62997854,-10.2033825,174
64,175,-0.120209515,-0.62997866,-10.203382,175
64,176,-0.12231825,-0.62997866,-10.203382,176
64,177,-0.123839565,-0.6299786,-10.203381,177
64,178,-0.1278167,-0.6299785,-10.203377,178
64,179,-0.13065904,-0.62997854,-10.203374,179
64,180,-0.13327271,-0.62997836,-10.203372,180
64,181,-0.13577695,-0.62997836,-10.203367,181
64,182,-0.13843462,-0.62997824,-10.203364,182
64,183,-0.14023392,-0.6299782,-10.20336,183
64,184,-0.14079718,-0.62997806,-10.20336,184
64,185,-0.14082487,-0.62997794,-10.203357,185
64,186,-0.14084098,-0.62997794,-10.203355,186
64,187,-0.13853328,-0.6299779,-10.203357,187
64,188,-0.13508001,-0.6299778,-10.203358,188
64,189,-0.1331065,-0.62997794,-10.203358,189
64,190,-0.13158892,-0.62997794,-10.20336,190
64,191,-0.12852918,-0.6299781,-10.203359,191
64,192,-0.12729278,-0.62997824,-10.203359,192
64,193,-0.12756607,-0.62997824,-10.203359,193
64,194,-0.13105442,-0.62997824,-10.203357,194
64,195,-0.13310117,-0.62997824,-10.203355,195
64,196,-0.13430889,-0.6299781,-10.203354,196
64,197,-0.13491383,-0.6299781,-10.203353,197
64,198,-0.13514969,-0.629978,-10.203352,198
64,199,-0.134902,-0.6299779,-10.203354,199
65,0,0.020331454,-0.13456106,-2.1031933,0
65,1,0.024902415,-0.28529617,-4.227605,1
65,2,0.026684286,-0.4267481,-6.364091,2
65,3,0.025857294,-0.52798754,-8.054182,3
65,4,0.018418845,-0.58494705,-9.133412,4
65,5,0.00873609,-0.6119595,-9.720218,5
65,6,0.0033000351,-0.62327856,-10.003166,6
65,7,-0.011908634,-0.6275045,-10.123994,7
65,8,-0.025071029,-0.6290373,-10.172218,8
65,9,-0.038476843,-0.62959427,-10.190759,9
65,10,-0.053013764,-0.6298055,-10.19791,10
65,11,-0.068068884,-0.629892,-10.200797,11
65,12,-0.08217586,-0.629931,-10.202059,12
65,13,-0.09469871,-0.6299501,-10.2026615,13
65,14,-0.104900345,-0.6299606,-10.202976,14
65,15,-0.11309454,-0.62996656,-10.203157,15
65,16,-0.11963813,-0.62997025,-10.203265,16
65,17,-0.12391782,-0.62997276,-10.203336,17
65,18,-0.12765335,-0.62997437,-10.2033825,18
65,19,-0.13194379,-0.6299755,-10.203414,19
65,20,-0.13456318,-0.6299762,-10.203438,20
65,21,-0.13557485,-0.62997675,-10.203453,21
65,22,-0.1361061,-0.6299772,-10.203467,22
65,23,-0.13662939,-0.6299775,-10.203477,23
65,24,-0.13565676,-0.6299778,-10.203485,24
65,25,-0.13679388,-0.62997806,-10.203491,25
65,26,-0.13726534,-0.6299783,-10.203498,26
65,27,-0.13811179,-0.6299784,-10.203503,27
65,28,-0.13999265,-0.62997854,-10.203505,28
65,29,-0.14053796,-0.6299786,-10.203508,29
65,30,-0.14118919,-0.62997854,-10.20351,30
65,31,-0.14093797,-0.6299788,-10.203513,31
65,32,-0.14024243,-0.6299788,-10.203514,32
65,33,-0.13982977,-0.62997884,-10.203517,33
65,34,-0.13912569,-0.6299789,-10.203519,34
65,35,-0.13877279,-0.62997895,-10.20352,35
65,36,-0.13421328,-0.62997913,-10.203523,36
65,37,-0.13484648,-0.62997913,-10.203524,37
65,38,-0.13414769,-0.62997913,-10.203525,38
65,39,-0.13395643,-0.6299793,-10.2035265,39
65,40,-0.135242,-0.6299793,-10.2035265,40
65,41,-0.13690934,-0.62997925,-10.2035265,41
65,42,-0.13689789,-0.6299792,-10.203528,42
65,43,-0.1366791,-0.62997913,-10.203529,43
65,44,-0.13662513,-0.62997925,-10.203529,44
65,45,-0.13671833,-0.6299793,-10.203531,45
65,46,-0.13400003,-0.62997943,-10.203532,46
65,47,-0.13387856,-0.6299795,-10.203533,47
65,48,-0.13362573,-0.6299796,-10.203533,48
65,49,-0.13280536,-0.62997967,-10.203533,49
65,50,-0.13251029,-0.62997985,-10.203533,50
65,51,-0.13212714,-0.62997985,-10.203533,51
65,52,-0.12833902,-0.6299798,-10.203529,52
65,53,-0.12549216,-0.62997985,-10.203528,53
65,54,-0.12558538,-0.6299799,-10.203529,54
65,55,-0.12478191,-0.62997985,-10.203529,55
65,56,-0.124359824,-0.62997985,-10.203529,56
65,57,-0.12372092,-0.6299799,-10.203531,57
65,58,-0.123494454,-0.62998015,-10.203533,58
65,59,-0.12385169,-0.6299801,-10.203532,59
65,60,-0.12353226,-0.62998027,-10.203534,60
65,61,-0.12376625,-0.62998027,-10.203532,61
65,62,-0.123732895,-0.62998027,-10.203534,62
65,63,-0.12694122,-0.62998027,-10.203533,63
65,64,-0.12854306,-0.62998027,-10.203531,64
65,65,-0.12722223,-0.62998027,-10.203531,65
65,66,-0.13223313,-0.62998015,-10.203529,66
65,67,-0.13463522,-0.62998,-10.2035265,67
65,68,-0.13612731,-0.62997997,-10.203524,68
65,69,-0.13741311,-0.6299797,-10.203522,69
65,70,-0.13800201,-0.62997967,-10.20352,70
65,71,-0.13823813,-0.62997955,-10.203519,71
65,72,-0.13844605,-0.62997943,-10.203518,72
65,73,-0.13941385,-0.6299793,-10.203517,73
65,74,-0.13983414,-0.62997925,-10.203514,74
65,75,-0.14081025,-0.62997925,-10.203514,75
65,76,-0.14364026,-0.6299791,-10.203514,76
65,77,-0.1442462,-0.6299791,-10.203514,77
65,78,-0.14436297,-0.62997895,-10.203515,78
65,79,-0.14363423,-0.62997895,-10.203514,79
65,80,-0.14140871,-0.62997895,-10.203515,80
65,81,-0.13978966,-0.62997895,-10.203515,81
65,82,-0.13878,-0.6299791,-10.203514,82
65,83,-0.13342434,-0.62997913,-10.203515,83
65,84,-0.13076802,-0.62997925,-10.203518,84
65,85,-0.12845479,-0.62997943,-10.203518,85
65,86,-0.1269285,-0.62997955,-10.203518,86
65,87,-0.12435025,-0.62997967,-10.203522,87
65,88,-0.12497728,-0.62997967,-10.203522,88
65,89,-0.12550993,-0.6299797,-10.203523,89
65,90,-0.1257024,-0.62997985,-10.203524,90
65,91,-0.1285268,-0.62997967,-10.203523,91
65,92,-0.12942438,-0.62997967,-10.203524,92
65,93,-0.130708,-0.62997955,-10.203523,93
65,94,-0.13359788,-0.62997955,-10.203523,94
65,95,-0.13416888,-0.62997943,-10.203523,95
65,96,-0.13854836,-0.6299791,-10.20352,96
65,97,-0.14065634,-0.6299789,-10.203517,97
65,98,-0.14246291,-0.62997854,-10.203513,98
65,99,-0.14495383,-0.62997836,-10.203509,99
65,100,-0.14424403,-0.62997824,-10.203505,100
65,101,-0.1435655,-0.629978,-10.203505,101
65,102,-0.1431723,-0.6299779,-10.203503,102
65,103,-0.13707218,-0.6299779,-10.203501,103
65,104,-0.13448538,-0.6299778,-10.203501,104
65,105,-0.13218457,-0.62997794,-10.203501,105
65,106,-0.12794057,-0.62997806,-10.203501,106
65,107,-0.13007337,-0.629978,-10.203501,107
65,108,-0.13165346,-0.62997806,-10.203501,108
65,109,-0.1333689,-0.629978,-10.203501,109
65,110,-0.13944098,-0.6299779,-10.2035,110
65,111,-0.13696852,-0.62997776,-10.203498,111
65,112,-0.13422735,-0.6299779,-10.203498,112
65,113,-0.12824513,-0.62997794,-10.2035,113
65,114,-0.13034575,-0.6299781,-10.203501,114
65,115,-0.13366868,-0.62997806,-10.203503,115
65,116,-0.13905218,-0.62997794,-10.2035,116
65,117,-0.13714823,-0.62997794,-10.203501,117
65,118,-0.1331571,-0.62997794,-10.203501,118
65,119,-0.12753016,-0.6299782,-10.203504,119
65,120,-0.12900881,-0.62997824,-10.203505,120
65,121,-0.12999418,-0.62997836,-10.203505,121
65,122,-0.1314684,-0.62997836,-10.2035055,122
65,123,-0.13277803,-0.6299783,-10.203507,123
65,124,-0.13363098,-0.6299783,-10.203507,124
65,125,-0.1374357,-0.62997836,-10.203508,125
65,126,-0.13950917,-0.62997836,-10.203508,126
65,127,-0.14135706,-0.62997824,-10.203508,127
65,128,-0.14448977,-0.6299782,-10.203508,128
65,129,-0.14602484,-0.62997806,-10.2035055,129
65,130,-0.14527749,-0.62997806,-10.203505,130
65,131,-0.14419833,-0.62997794,-10.203505,131
65,132,-0.14312357,-0.62997806,-10.203505,132
65,133,-0.14247966,-0.629978,-10.203504,133
65,134,-0.13892144,-0.6299781,-10.203504,134
65,135,-0.13576543,-0.62997824,-10.203505,135
65,136,-0.1340732,-0.62997836,-10.203504,136
65,137,-0.13233536,-0.6299784,-10.203504,137
65,138,-0.12933837,-0.62997854,-10.203505,138
65,139,-0.12980047,-0.62997866,-10.203507,139
65,140,-0.13013476,-0.6299787,-10.2035055,140
65,141,-0.13026866,-0.6299788,-10.203505,141
65,142,-0.13720104,-0.62997854,-10.203505,142
65,143,-0.13955921,-0.6299784,-10.203504,143
65,144,-0.14152308,-0.6299783,-10.203503,144
65,145,-0.14328836,-0.62997824,-10.2035,145
65,146,-0.14442968,-0.6299782,-10.203499,146
65,147,-0.14546575,-0.629978,-10.203498,147
65,148,-0.14487377,-0.62997794,-10.203496,148
65,149,-0.14258894,-0.6299778,-10.203496,149
65,150,-0.1392066,-0.62997794,-10.203498,150
65,151,-0.13619463,-0.62997794,-10.203499,151
65,152,-0.13399355,-0.62997806,-10.203501,152
65,153,-0.13268043,-0.62997806,-10.203503,153
65,154,-0.13179614,-0.62997824,-10.203504,154
65,155,-0.13135375,-0.62997824,-10.203505,155
65,156,-0.13013518,-0.6299784,-10.203507,156
65,157,-0.13033344,-0.6299786,-10.203509,157
65,158,-0.1303976,-0.6299786,-10.203509,158
65,159,-0.13040172,-0.62997866,-10.203509,159
65,160,-0.12901619,-0.6299787,-10.203507,160
65,161,-0.13072743,-0.62997866,-10.203507,161
65,162,-0.13270971,-0.62997866,-10.2035055,162
65,163,-0.13112448,-0.62997854,-10.203504,163
65,164,-0.13118406,-0.62997854,-10.203501,164
65,165,-0.1399392,-0.62997836,-10.203499,165
65,166,-0.14338416,-0.62997806,-10.203494,166
65,167,-0.14661002,-0.6299779,-10.203489,167
65,168,-0.14645292,-0.62997764,-10.203486,168
65,169,-0.14615074,-0.6299775,-10.203483,169
65,170,-0.14602384,-0.62997735,-10.203481,170
65,171,-0.14281273,-0.62997735,-10.203481,171
65,172,-0.1415889,-0.62997735,-10.203481,172
65,173,-0.1400709,-0.6299774,-10.203482,173
65,174,-0.1360884,-0.6299776,-10.203482,174
65,175,-0.13534117,-0.62997746,-10.203482,175
65,176,-0.13442977,-0.6299776,-10.203481,176
65,177,-0.13373491,-0.6299776,-10.203482,177
65,178,-0.13432494,-0.6299775,-10.203482,178
65,179,-0.13388665,-0.62997746,-10.203481,179
65,180,-0.13375257,-0.6299775,-10.203481,180
65,181,-0.1339215,-0.6299774,-10.20348,181
65,182,-0.13470069,-0.6299774,-10.203482,182
65,183,-0.14029227,-0.6299773,-10.203481,183
65,184,-0.14190486,-0.6299771,-10.203478,184
65,185,-0.14245357,-0.6299771,-10.203477,185
65,186,-0.14281467,-0.6299769,-10.203478,186
65,187,-0.14316396,-0.6299769,-10.203478,187
65,188,-0.14400828,-0.6299767,-10.20348,188
65,189,-0.1444211,-0.6299768,-10.203478,189
65,190,-0.14580762,-0.62997675,-10.20348,190
65,191,-0.14774342,-0.6299767,-10.203481,191
65,192,-0.14902256,-0.6299767,-10.203481,192
65,193,-0.14930914,-0.6299766,-10.203478,193
65,194,-0.14966916,-0.6299765,-10.203481,194
65,195,-0.15012765,-0.6299765,-10.203477,195
65,196,-0.14842798,-0.6299765,-10.20348,196
65,197,-0.14797144,-0.6299766,-10.203481,197
65,198,-0.14751948,-0.62997663,-10.20348,198
65,199,-0.14649762,-0.6299767,-10.20348,199
66,0,0.013331541,-0.15862414,-2.3527756,0
66,1,0.0015148788,-0.35363165,-5.124678,1
66,2,-0.017989306,-0.5148477,-7.8050876,2
66,3,-0.039347988,-0.5950824,-9.404442,3
66,4,-0.057676952,-0.6213568,-9.995559,4
66,5,-0.06997458,-0.627932,-10.153992,5
66,6,-0.07780114,-0.6294309,-10.190898,6
66,7,-0.08765108,-0.6297986,-10.199687,7
66,8,-0.09850789,-0.6299054,-10.202118,8
66,9,-0.10904575,-0.6299435,-10.202941,9
66,10,-0.12044186,-0.6299599,-10.203277,10
66,11,-0.12669684,-0.6299677,-10.203435,11
66,12,-0.13026045,-0.62997186,-10.203519,12
66,13,-0.13075314,-0.62997437,-10.20357,13
66,14,-0.13356622,-0.6299761,-10.203605,14
66,15,-0.13733882,-0.6299772,-10.203627,15
66,16,-0.14222018,-0.62997806,-10.203642,16
66,17,-0.1435367,-0.6299786,-10.20365,17
66,18,-0.14255796,-0.6299789,-10.203658,18
66,19,-0.13989048,-0.6299791,-10.203663,19
66,20,-0.14005086,-0.62997925,-10.20367,20
66,21,-0.14078549,-0.62997955,-10.203674,21
66,22,-0.1421038,-0.62997967,-10.203677,22
66,23,-0.14335652,-0.6299798,-10.203678,23
66,24,-0.14426932,-0.62997985,-10.203679,24
66,25,-0.14667116,-0.62997997,-10.20368,25
66,26,-0.14840345,-0.62998,-10.20368,26
66,27,-0.14986794,-0.6299801,-10.203679,27
66,28,-0.15201639,-0.6299801,-10.203682,28
66,29,-0.15341237,-0.62998015,-10.20368,29
66,30,-0.1533424,-0.62998015,-10.203679,30
66,31,-0.15260312,-0.6299801,-10.203678,31
66,32,-0.15173633,-0.62998015,-10.203678,32
66,33,-0.15110816,-0.6299801,-10.203679,33
66,34,-0.1488689,-0.62997997,-10.203677,34
66,35,-0.14650206,-0.6299799,-10.203679,35
66,36,-0.14481145,-0.62997985,-10.203679,36
66,37,-0.14328216,-0.62997985,-10.203679,37
66,38,-0.14108458,-0.62997985,-10.20368,38
66,39,-0.14057742,-0.62997985,-10.20368,39
66,40,-0.14053583,-0.6299798,-10.20368,40
66,41,-0.14055675,-0.6299798,-10.203682,41
66,42,-0.14448306,-0.6299801,-10.203683,42
66,43,-0.1470789,-0.62998015,-10.203684,43
66,44,-0.14912696,-0.62998015,-10.203683,44
66,45,-0.15086004,-0.6299801,-10.203683,45
66,46,-0.15214391,-0.6299801,-10.203682,46
66,47,-0.15322304,-0.6299802,-10.20368,47
66,48,-0.15335049,-0.6299801,-10.20368,48
66,49,-0.15234312,-0.6299801,-10.203679,49
66,50,-0.15042408,-0.62997997,-10.203679,50
66,51,-0.14846173,-0.62997997,-10.20368,51
66,52,-0.14690681,-0.62997997,-10.20368,52
66,53,-0.14586215,-0.62998,-10.203682,53
66,54,-0.1451151,-0.62997997,-10.203683,54
66,55,-0.14461982,-0.62997997,-10.203683,55
66,56,-0.14368127,-0.62997997,-10.203682,56
66,57,-0.14316635,-0.62997997,-10.203683,57
66,58,-0.14262253,-0.62997997,-10.203682,58
66,59,-0.14208142,-0.62997997,-10.203682,59
66,60,-0.1407293,-0.6299799,-10.203682,60
66,61,-0.14090687,-0.62997997,-10.203682,61
66,62,-0.14181341,-0.62997985,-10.20368,62
66,63,-0.14089026,-0.6299798,-10.203679,63
66,64,-0.14040174,-0.62997985,-10.203679,64
66,65,-0.14503193,-0.62998,-10.20368,65
66,66,-0.14830168,-0.62998015,-10.203679,66
66,67,-0.15149744,-0.6299801,-10.203679,67
66,68,-0.1525609,-0.62998015,-10.203678,68
66,69,-0.15290238,-0.6299801,-10.203677,69
66,70,-0.1530745,-0.6299801,-10.203674,70
66,71,-0.15150686,-0.62997985,-10.203674,71
66,72,-0.15043364,-0.6299799,-10.203674,72
66,73,-0.14927544,-0.6299798,-10.203674,73
66,74,-0.14670986,-0.6299797,-10.203673,74
66,75,-0.14535956,-0.62997967,-10.203673,75
66,76,-0.14448394,-0.62997967,-10.203674,76
66,77,-0.14392388,-0.6299798,-10.203673,77
66,78,-0.14405735,-0.6299797,-10.203675,78
66,79,-0.14411403,-0.6299798,-10.203677,79
66,80,-0.14427781,-0.62997985,-10.203677,80
66,81,-0.14457017,-0.62997997,-10.203675,81
66,82,-0.14526723,-0.6299799,-10.203678,82
66,83,-0.1485056,-0.62998,-10.203678,83
66,84,-0.15034132,-0.6299801,-10.203678,84
66,85,-0.15122855,-0.62998015,-10.203678,85
66,86,-0.15175672,-0.62998,-10.203677,86
66,87,-0.15216282,-0.6299801,-10.203674,87
66,88,-0.15282172,-0.62998,-10.203675,88
66,89,-0.15321545,-0.62998015,-10.203674,89
66,90,-0.15445687,-0.6299801,-10.203674,90
66,91,-0.15586394,-0.6299801,-10.203674,91
66,92,-0.1567992,-0.62998015,-10.203674,92
66,93,-0.15706353,-0.6299801,-10.203673,93
66,94,-0.15727323,-0.62998027,-10.203672,94
66,95,-0.15751006,-0.62998015,-10.203673,95
66,96,-0.15687536,-0.6299801,-10.2036705,96
66,97,-0.15630084,-0.62998,-10.2036705,97
66,98,-0.15580675,-0.6299801,-10.2036705,98
66,99,-0.15510018,-0.62997997,-10.2036705,99
66,100,-0.15449776,-0.62997997,-10.2036705,100
66,101,-0.15318431,-0.62997985,-10.2036705,101
66,102,-0.15225668,-0.6299799,-10.203673,102
66,103,-0.14920375,-0.6299798,-10.203672,103
66,104,-0.1471386,-0.6299798,-10.203673,104
66,105,-0.14534363,-0.6299798,-10.203673,105
66,106,-0.14354335,-0.6299797,-10.203673,106
66,107,-0.1423248,-0.6299797,-10.203674,107
66,108,-0.14158845,-0.6299798,-10.203677,108
66,109,-0.14065579,-0.6299797,-10.203677,109
66,110,-0.14126734,-0.62997967,-10.203677,110
66,111,-0.14215048,-0.6299797,-10.203677,111
66,112,-0.14272569,-0.62997985,-10.203677,112
66,113,-0.14311723,-0.62997985,-10.203675,113
66,114,-0.1442259,-0.6299799,-10.203677,114
66,115,-0.14576514,-0.62997997,-10.203678,115
66,116,-0.14690086,-0.62997997,-10.203678,116
66,117,-0.14769843,-0.62997997,-10.203678,117
66,118,-0.14844508,-0.62997997,-10.203678,118
66,119,-0.14901009,-0.62997997,-10.203678,119
66,120,-0.14946884,-0.62997997,-10.203679,120
66,121,-0.1500251,-0.6299801,-10.203678,121
66,122,-0.15047178,-0.6299801,-10.203677,122
66,123,-0.15170039,-0.62998,-10.203677,123
66,124,-0.15266033,-0.62998015,-10.203677,124
66,125,-0.15350157,-0.62997997,-10.203675,125
66,126,-0.15476634,-0.6299801,-10.203674,126
66,127,-0.15604939,-0.6299801,-10.203674,127
66,128,-0.15689059,-0.6299801,-10.203673,128
66,129,-0.15713547,-0.62998,-10.203672,129
66,130,-0.15699975,-0.6299801,-10.203672,130
66,131,-0.15679957,-0.62998,-10.2036705,131
66,132,-0.15601887,-0.62997997,-10.20367,132
66,133,-0.15523691,-0.62997997,-10.20367,133
66,134,-0.15469277,-0.62997997,-10.20367,134
66,135,-0.15246986,-0.62997985,-10.2036705,135
66,136,-0.15086497,-0.62997985,-10.2036705,136
66,137,-0.14969058,-0.6299798,-10.203672,137
66,138,-0.14846332,-0.62997985,-10.203673,138
66,139,-0.14759195,-0.6299798,-10.203673,139
66,140,-0.14705288,-0.62997985,-10.203674,140
66,141,-0.14669812,-0.6299799,-10.203674,141
66,142,-0.14617412,-0.62997985,-10.203674,142
66,143,-0.14589004,-0.62997985,-10.203675,143
66,144,-0.14555703,-0.6299798,-10.203675,144
66,145,-0.14510535,-0.62997985,-10.203674,145
66,146,-0.14313912,-0.6299798,-10.203673,146
66,147,-0.14210644,-0.6299798,-10.203674,147
66,148,-0.14217518,-0.6299798,-10.203677,148
66,149,-0.14251627,-0.6299799,-10.203677,149
66,150,-0.14277095,-0.6299799,-10.203675,150
66,151,-0.14451757,-0.6299799,-10.203677,151
66,152,-0.14587706,-0.62997997,-10.203675,152
66,153,-0.14692459,-0.62997985,-10.203675,153
66,154,-0.14808795,-0.62997997,-10.203675,154
66,155,-0.14899318,-0.62997997,-10.203673,155
66,156,-0.14954536,-0.62997997,-10.203672,156
66,157,-0.14988671,-0.62997985,-10.203672,157
66,158,-0.15010269,-0.6299799,-10.203672,158
66,159,-0.14996223,-0.62997985,-10.203672,159
66,160,-0.14971282,-0.62997985,-10.203673,160
66,161,-0.14957948,-0.62997997,-10.203674,161
66,162,-0.1494074,-0.6299799,-10.203674,162
66,163,-0.14958571,-0.62997985,-10.203673,163
66,164,-0.14966267,-0.62997997,-10.203673,164
66,165,-0.14948472,-0.6299799,-10.203674,165
66,166,-0.14934954,-0.62997997,-10.203674,166
66,167,-0.14864944,-0.6299799,-10.203674,167
66,168,-0.14773427,-0.62997985,-10.203674,168
66,169,-0.14703692,-0.62997997,-10.203673,169
66,170,-0.14632398,-0.62997985,-10.203674,170
66,171,-0.14560315,-0.6299799,-10.203674,171
66,172,-0.14474547,-0.62997985,-10.203674,172
66,173,-0.14253733,-0.6299798,-10.203675,173
66,174,-0.14168209,-0.6299798,-10.203677,174
66,175,-0.1430484,-0.62997985,-10.203677,175
66,176,-0.14445628,-0.62997997,-10.203678,176
66,177,-0.14547357,-0.6299801,-10.203678,177
66,178,-0.1480355,-0.6299801,-10.203675,178
66,179,-0.14984229,-0.6299801,-10.203677,179
66,180,-0.15148616,-0.6299801,-10.203677,180
66,181,-0.1530154,-0.62998015,-10.203675,181
66,182,-0.15460238,-0.62998015,-10.203673,182
66,183,-0.15557787,-0.6299801,-10.203672,183
66,184,-0.15570183,-0.62998,-10.203672,184
66,185,-0.15546584,-0.62998015,-10.2036705,185
66,186,-0.15525201,-0.62997997,-10.2036705,186
66,187,-0.15366597,-0.62997997,-10.2036705,187
66,188,-0.15136074,-0.6299799,-10.20367,188
66,189,-0.14974773,-0.62997985,-10.20367,189
66,190,-0.14841875,-0.6299798,-10.2036705,190
66,191,-0.14610873,-0.6299797,-10.20367,191
66,192,-0.14466296,-0.62997967,-10.20367,192
66,193,-0.14426365,-0.62997967,-10.2036705,193
66,194,-0.14619929,-0.62997985,-10.203672,194
66,195,-0.14748605,-0.6299799,-10.203672,195
66,196,-0.14834602,-0.62997985,-10.203672,196
66,197,-0.14888391,-0.6299798,-10.2036705,197
66,198,-0.14923899,-0.6299798,-10.2036705,198
66,199,-0.14952473,-0.6299798,-10.203673,199
67,0,0.019332185,-0.15676981,-2.9727664,0
67,1,0.02208873,-0.3425134,-6.095968,1
67,2,0.0204073,-0.4970971,-8.422254,2
67,3,0.015243379,-0.5821123,-9.5782795,3
67,4,0.0057292734,-0.6153806,-10.005176,4
67,5,-0.0068317256,-0.6257871,-10.141826,5
67,6,-0.02046027,-0.62872046,-10.183552,6
67,7,-0.03983355,-0.6295515,-10.196388,7
67,8,-0.05965445,-0.62981,-10.200676,8
67,9,-0.07700895,-0.62990296,-10.2022705,9
67,10,-0.09323386,-0.6299415,-10.202933,10
67,11,-0.10030624,-0.62995976,-10.20325,11
67,12,-0.104399,-0.6299695,-10.203415,12
67,13,-0.10508514,-0.62997496,-10.203512,13
67,14,-0.11034962,-0.6299783,-10.203567,14
67,15,-0.11622348,-0.62998044,-10.2036,15
67,16,-0.12316456,-0.6299819,-10.203622,16
67,17,-0.12409208,-0.6299828,-10.203637,17
67,18,-0.12262771,-0.6299835,-10.20365,18
67,19,-0.11969914,-0.62998414,-10.203663,19
67,20,-0.12172619,-0.62998444,-10.203669,20
67,21,-0.12354879,-0.62998474,-10.203673,21
67,22,-0.12587076,-0.6299851,-10.203677,22
67,23,-0.12766239,-0.62998515,-10.20368,23
67,24,-0.12880848,-0.62998533,-10.203682,24
67,25,-0.1321379,-0.6299854,-10.203684,25
67,26,-0.13372174,-0.62998545,-10.203684,26
67,27,-0.13501243,-0.6299855,-10.203685,27
67,28,-0.13730435,-0.6299855,-10.203684,28
67,29,-0.13809304,-0.62998545,-10.203685,29
67,30,-0.1368744,-0.62998545,-10.203685,30
67,31,-0.13532673,-0.62998545,-10.203685,31
67,32,-0.1339742,-0.6299855,-10.203688,32
67,33,-0.1331764,-0.6299855,-10.203688,33
67,34,-0.13009402,-0.6299855,-10.203688,34
67,35,-0.12755187,-0.6299856,-10.203689,35
67,36,-0.12634459,-0.62998563,-10.20369,36
67,37,-0.12528771,-0.62998563,-10.20369,37
67,38,-0.12335039,-0.6299857,-10.2036915,38
67,39,-0.12404831,-0.62998575,-10.20369,39
67,40,-0.1247575,-0.62998587,-10.2036915,40
67,41,-0.12524138,-0.62998587,-10.2036915,41
67,42,-0.13085756,-0.62998587,-10.203688,42
67,43,-0.13312267,-0.62998587,-10.203689,43
67,44,-0.13475765,-0.62998587,-10.203689,44
67,45,-0.13608564,-0.62998575,-10.203688,45
67,46,-0.13686502,-0.62998575,-10.203688,46
67,47,-0.13754302,-0.62998575,-10.203687,47
67,48,-0.13692561,-0.6299857,-10.203687,48
67,49,-0.13498019,-0.6299857,-10.203687,49
67,50,-0.13223755,-0.6299857,-10.203689,50
67,51,-0.1300122,-0.62998575,-10.203689,51
67,52,-0.12866063,-0.62998575,-10.203689,52
67,53,-0.12809429,-0.62998575,-10.20369,53
67,54,-0.12785932,-0.62998575,-10.20369,54
67,55,-0.12787049,-0.6299858,-10.20369,55
67,56,-0.1272079,-0.6299858,-10.2036915,56
67,57,-0.12713385,-0.62998575,-10.2036915,57
67,58,-0.1269747,-0.62998575,-10.2036915,58
67,59,-0.12674578,-0.62998587,-10.203689,59
67,60,-0.12539855,-0.62998575,-10.20369,60
67,61,-0.12639691,-0.62998587,-10.20369,61
67,62,-0.12776229,-0.62998587,-10.20369,62
67,63,-0.12626223,-0.62998587,-10.20369,63
67,64,-0.12591082,-0.62998587,-10.20369,64
67,65,-0.13224871,-0.62998575,-10.203685,65
67,66,-0.13474317,-0.62998575,-10.203685,66
67,67,-0.13732593,-0.62998563,-10.203683,67
67,68,-0.13696346,-0.62998563,-10.203683,68
67,69,-0.13629979,-0.6299855,-10.203682,69
67,70,-0.13580573,-0.62998545,-10.203682,70
67,71,-0.13295029,-0.62998545,-10.203682,71
67,72,-0.1316375,-0.6299854,-10.203682,72
67,73,-0.13028546,-0.6299853,-10.203682,73
67,74,-0.12715435,-0.6299854,-10.203683,74
67,75,-0.12638777,-0.62998545,-10.203683,75
67,76,-0.12595262,-0.62998545,-10.203683,76
67,77,-0.12581217,-0.6299854,-10.203683,77
67,78,-0.12636578,-0.6299855,-10.203683,78
67,79,-0.12662666,-0.6299855,-10.203682,79
67,80,-0.12701681,-0.6299855,-10.203683,80
67,81,-0.12754947,-0.6299856,-10.203683,81
67,82,-0.12863648,-0.6299856,-10.203682,82
67,83,-0.13333106,-0.62998545,-10.203683,83
67,84,-0.13489228,-0.62998545,-10.20368,84
67,85,-0.13542198,-0.62998545,-10.20368,85
67,86,-0.13572016,-0.62998545,-10.20368,86
67,87,-0.13596559,-0.6299854,-10.20368,87
67,88,-0.13666251,-0.62998545,-10.20368,88
67,89,-0.13691345,-0.62998533,-10.20368,89
67,90,-0.13828531,-0.6299853,-10.203679,90
67,91,-0.1394877,-0.6299852,-10.203679,91
67,92,-0.13994937,-0.62998515,-10.203679,92
67,93,-0.13956392,-0.6299851,-10.203678,93
67,94,-0.13937527,-0.62998515,-10.203678,94
67,95,-0.13936383,-0.62998503,-10.203678,95
67,96,-0.13772663,-0.62998503,-10.203678,96
67,97,-0.13687094,-0.629985,-10.203678,97
67,98,-0.13618377,-0.6299851,-10.203678,98
67,99,-0.13515255,-0.629985,-10.203679,99
67,100,-0.13450211,-0.62998503,-10.203678,100
67,101,-0.1326695,-0.629985,-10.203679,101
67,102,-0.13197929,-0.62998503,-10.203679,102
67,103,-0.12806998,-0.62998503,-10.20368,103
67,104,-0.12650125,-0.62998515,-10.203682,104
67,105,-0.12524717,-0.6299852,-10.203682,105
67,106,-0.1240025,-0.6299853,-10.203683,106
67,107,-0.12362329,-0.62998533,-10.203683,107
67,108,-0.12366455,-0.62998545,-10.203683,108
67,109,-0.123381115,-0.6299855,-10.203684,109
67,110,-0.12524118,-0.62998545,-10.203684,110
67,111,-0.12654006,-0.6299855,-10.203683,111
67,112,-0.12713617,-0.6299855,-10.203684,112
67,113,-0.12743114,-0.6299856,-10.203683,113
67,114,-0.12841961,-0.62998563,-10.203683,114
67,115,-0.13003884,-0.6299856,-10.203682,115
67,116,-0.13086303,-0.62998545,-10.203683,116
67,117,-0.13142638,-0.62998563,-10.203682,117
67,118,-0.13206293,-0.6299855,-10.203682,118
67,119,-0.13249646,-0.6299856,-10.203682,119
67,120,-0.13285682,-0.6299855,-10.203682,120
67,121,-0.13341339,-0.6299855,-10.203682,121
67,122,-0.13375483,-0.6299855,-10.203682,122
67,123,-0.1352826,-0.6299854,-10.203682,123
67,124,-0.1359939,-0.6299854,-10.203682,124
67,125,-0.1366143,-0.62998533,-10.20368,125
67,126,-0.13780679,-0.62998533,-10.20368,126
67,127,-0.1389864,-0.6299853,-10.203679,127
67,128,-0.13936952,-0.62998515,-10.203678,128
67,129,-0.13898902,-0.62998515,-10.203678,129
67,130,-0.13829322,-0.6299851,-10.203678,130
67,131,-0.13752119,-0.6299851,-10.203678,131
67,132,-0.13615082,-0.62998503,-10.203678,132
67,133,-0.13513684,-0.62998503,-10.203678,133
67,134,-0.13451838,-0.62998503,-10.203675,134
67,135,-0.13151012,-0.6299851,-10.203678,135
67,136,-0.13011207,-0.6299851,-10.203678,136
67,137,-0.12927121,-0.62998515,-10.203677,137
67,138,-0.12835771,-0.62998515,-10.203679,138
67,139,-0.12803455,-0.6299852,-10.203679,139
67,140,-0.12804496,-0.6299852,-10.20368,140
67,141,-0.12819745,-0.62998533,-10.203679,141
67,142,-0.1279508,-0.6299853,-10.203682,142
67,143,-0.12801786,-0.62998533,-10.20368,143
67,144,-0.12797707,-0.62998533,-10.203682,144
67,145,-0.12774038,-0.62998533,-10.203682,145
67,146,-0.12530415,-0.6299854,-10.203682,146
67,147,-0.12461857,-0.6299854,-10.203682,147
67,148,-0.1254055,-0.62998545,-10.20368,148
67,149,-0.12614432,-0.62998545,-10.203682,149
67,150,-0.12665318,-0.62998545,-10.203682,150
67,151,-0.12933892,-0.6299855,-10.203682,151
67,152,-0.13056165,-0.62998545,-10.20368,152
67,153,-0.13137086,-0.62998545,-10.203679,153
67,154,-0.13234296,-0.62998545,-10.20368,154
67,155,-0.13277662,-0.62998533,-10.203679,155
67,156,-0.13280308,-0.62998533,-10.203679,156
67,157,-0.13266134,-0.62998533,-10.203679,157
67,158,-0.13248432,-0.62998533,-10.203678,158
67,159,-0.13176776,-0.62998533,-10.203678,159
67,160,-0.13126723,-0.62998533,-10.203677,160
67,161,-0.13106559,-0.62998533,-10.203677,161
67,162,-0.13093512,-0.6299853,-10.203678,162
67,163,-0.13144544,-0.62998533,-10.203678,163
67,164,-0.13161075,-0.6299853,-10.203678,164
67,165,-0.13143614,-0.6299853,-10.203678,165
67,166,-0.13138662,-0.62998533,-10.203679,166
67,167,-0.13046981,-0.6299853,-10.203679,167
67,168,-0.12945253,-0.62998533,-10.203679,168
67,169,-0.12895975,-0.6299853,-10.203679,169
67,170,-0.12839076,-0.62998533,-10.20368,170
67,171,-0.12786584,-0.62998533,-10.20368,171
67,172,-0.12715273,-0.62998533,-10.20368,172
67,173,-0.124700785,-0.62998545,-10.203682,173
67,174,-0.12473053,-0.62998545,-10.203682,174
67,175,-0.12741166,-0.6299854,-10.203682,175
67,176,-0.12920237,-0.6299854,-10.203682,176
67,177,-0.13022324,-0.6299854,-10.203682,177
67,178,-0.13348867,-0.6299854,-10.20368,178
67,179,-0.13493595,-0.62998545,-10.203679,179
67,180,-0.13630728,-0.6299854,-10.203679,180
67,181,-0.13752753,-0.6299853,-10.203678,181
67,182,-0.13882329,-0.62998533,-10.203677,182
67,183,-0.13907066,-0.6299852,-10.203678,183
67,184,-0.13828595,-0.62998515,-10.203677,184
67,185,-0.1373731,-0.62998515,-10.203677,185
67,186,-0.13673896,-0.6299851,-10.203677,186
67,187,-0.13407727,-0.62998503,-10.203677,187
67,188,-0.13096353,-0.6299851,-10.203679,188
67,189,-0.12952802,-0.62998503,-10.203678,189
67,190,-0.12846678,-0.62998515,-10.203679,190
67,191,-0.12603153,-0.6299851,-10.20368,191
67,192,-0.1254046,-0.62998515,-10.20368,192
67,193,-0.1259124,-0.6299852,-10.20368,193
67,194,-0.12912685,-0.6299852,-10.203678,194
67,195,-0.13039178,-0.6299852,-10.203679,195
67,196,-0.13102709,-0.6299852,-10.203679,196
67,197,-0.1312719,-0.62998515,-10.203678,197
67,198,-0.131354,-0.62998515,-10.203678,198
67,199,-0.13120823,-0.6299852,-10.203677,199
68,0,0.021244628,-0.11917585,-2.4483738,0
68,1,0.026503418,-0.2716817,-5.0835066,1
68,2,0.028937697,-0.43130282,-7.533204,2
68,3,0.027618315,-0.5453194,-9.111143,3
68,4,0.02105328,-0.60099024,-9.833886,4
68,5,0.009319025,-0.6212602,-10.090562,5
68,6,-0.0056825113,-0.6274245,-10.169325,6
68,7,-0.024539115,-0.62916625,-10.192262,7
68,8,-0.042975973,-0.62967885,-10.199261,8
68,9,-0.059653666,-0.62984824,-10.2016535,9
68,10,-0.076260865,-0.62991273,-10.202588,10
68,11,-0.08661771,-0.6299415,-10.203015,11
68,12,-0.09381311,-0.629956,-10.203236,12
68,13,-0.097472966,-0.6299641,-10.203362,13
68,14,-0.10316902,-0.629969,-10.20344,14
68,15,-0.10905458,-0.6299719,-10.20349,15
68,16,-0.1152687,-0.6299739,-10.203522,16
68,17,-0.11747817,-0.6299753,-10.203546,17
68,18,-0.11734481,-0.62997633,-10.203563,18
68,19,-0.11572123,-0.6299771,-10.203578,19
68,20,-0.11689361,-0.6299777,-10.2035885,20
68,21,-0.118713476,-0.6299781,-10.203599,21
68,22,-0.120302625,-0.62997854,-10.203604,22
68,23,-0.1215743,-0.6299788,-10.2036085,23
68,24,-0.12254168,-0.62997884,-10.203613,24
68,25,-0.12442304,-0.6299791,-10.203617,25
68,26,-0.12590766,-0.62997913,-10.203618,26
68,27,-0.1272801,-0.62997925,-10.203621,27
68,28,-0.12918426,-0.6299793,-10.203622,28
68,29,-0.13047194,-0.62997925,-10.203622,29
68,30,-0.13045411,-0.6299794,-10.203624,30
68,31,-0.13003159,-0.62997943,-10.203623,31
68,32,-0.1295897,-0.62997943,-10.203623,32
68,33,-0.12937772,-0.62997943,-10.203626,33
68,34,-0.12766637,-0.62997955,-10.203626,34
68,35,-0.12587753,-0.6299796,-10.203628,35
68,36,-0.12480148,-0.62997967,-10.203629,36
68,37,-0.123853326,-0.6299797,-10.20363,37
68,38,-0.122271985,-0.62997985,-10.203633,38
68,39,-0.12243157,-0.6299798,-10.203633,39
68,40,-0.122854665,-0.62997985,-10.203633,40
68,41,-0.123159915,-0.62997985,-10.203635,41
68,42,-0.12720026,-0.62997985,-10.203635,42
68,43,-0.12940586,-0.6299797,-10.203635,43
68,44,-0.13087577,-0.6299797,-10.203635,44
68,45,-0.13202277,-0.62997967,-10.203632,45
68,46,-0.13274863,-0.6299796,-10.203632,46
68,47,-0.133385,-0.6299795,-10.203632,47
68,48,-0.13320675,-0.62997943,-10.203629,48
68,49,-0.13202026,-0.62997943,-10.20363,49
68,50,-0.13012561,-0.62997943,-10.203629,50
68,51,-0.12827481,-0.6299794,-10.203631,51
68,52,-0.12673555,-0.62997943,-10.203632,52
68,53,-0.12563361,-0.62997943,-10.203631,53
68,54,-0.124799885,-0.6299795,-10.203635,54
68,55,-0.12432031,-0.62997955,-10.203635,55
68,56,-0.12278509,-0.62997955,-10.203635,56
68,57,-0.12223939,-0.6299798,-10.203637,57
68,58,-0.122016326,-0.6299798,-10.203636,58
68,59,-0.1218138,-0.6299798,-10.203637,59
68,60,-0.12099735,-0.62997985,-10.203637,60
68,61,-0.121846765,-0.62997997,-10.203637,61
68,62,-0.122992605,-0.6299799,-10.203636,62
68,63,-0.122148834,-0.62997985,-10.203636,63
68,64,-0.1220676,-0.62997997,-10.203637,64
68,65,-0.1276493,-0.62997985,-10.203635,65
68,66,-0.13123126,-0.6299798,-10.203633,66
68,67,-0.13390942,-0.6299796,-10.203632,67
68,68,-0.13410488,-0.6299795,-10.20363,68
68,69,-0.13368736,-0.6299794,-10.203629,69
68,70,-0.13330892,-0.6299794,-10.203628,70
68,71,-0.1311158,-0.62997925,-10.203627,71
68,72,-0.12983064,-0.62997925,-10.203628,72
68,73,-0.12865566,-0.62997925,-10.203628,73
68,74,-0.1259849,-0.6299794,-10.203629,74
68,75,-0.12559891,-0.62997943,-10.203628,75
68,76,-0.12552355,-0.62997943,-10.203628,76
68,77,-0.12540366,-0.62997943,-10.203628,77
68,78,-0.12647171,-0.6299794,-10.203629,78
68,79,-0.12679903,-0.6299794,-10.203628,79
68,80,-0.12692174,-0.62997925,-10.203629,80
68,81,-0.12717709,-0.62997925,-10.203629,81
68,82,-0.12753452,-0.6299792,-10.20363,82
68,83,-0.12977177,-0.62997913,-10.203628,83
68,84,-0.13076302,-0.6299791,-10.203628,84
68,85,-0.1309625,-0.629979,-10.203628,85
68,86,-0.13083686,-0.6299789,-10.203627,86
68,87,-0.13066949,-0.6299789,-10.203626,87
68,88,-0.1307174,-0.62997884,-10.203624,88
68,89,-0.13072173,-0.62997884,-10.203624,89
68,90,-0.13085759,-0.6299788,-10.203624,90
68,91,-0.13143435,-0.62997884,-10.203624,91
68,92,-0.13212083,-0.62997884,-10.203622,92
68,93,-0.13252135,-0.62997884,-10.203621,93
68,94,-0.1329924,-0.62997884,-10.203621,94
68,95,-0.1334576,-0.62997884,-10.203619,95
68,96,-0.13268958,-0.62997884,-10.203621,96
68,97,-0.13231362,-0.62997895,-10.203621,97
68,98,-0.13213612,-0.6299789,-10.203621,98
68,99,-0.13171154,-0.62997884,-10.203622,99
68,100,-0.13144031,-0.62997895,-10.203622,100
68,101,-0.13035624,-0.62997895,-10.203622,101
68,102,-0.12987968,-0.62997913,-10.203624,102
68,103,-0.12734301,-0.6299791,-10.203623,103
68,104,-0.12590446,-0.62997925,-10.203626,104
68,105,-0.12476086,-0.6299794,-10.203626,105
68,106,-0.12361417,-0.6299794,-10.203627,106
68,107,-0.1230262,-0.6299794,-10.203629,107
68,108,-0.12303554,-0.62997943,-10.20363,108
68,109,-0.12213901,-0.62997943,-10.203631,109
68,110,-0.12238552,-0.62997943,-10.20363,110
68,111,-0.123774596,-0.6299796,-10.203631,111
68,112,-0.12477165,-0.6299795,-10.203632,112
68,113,-0.12533504,-0.62997955,-10.203632,113
68,114,-0.12732692,-0.62997955,-10.20363,114
68,115,-0.12894028,-0.62997955,-10.203629,115
68,116,-0.12955013,-0.62997943,-10.20363,116
68,117,-0.12969233,-0.62997925,-10.203629,117
68,118,-0.1298213,-0.62997925,-10.203628,118
68,119,-0.12978138,-0.6299792,-10.203628,119
68,120,-0.12962134,-0.62997925,-10.203629,120
68,121,-0.12950785,-0.62997913,-10.203629,121
68,122,-0.12942709,-0.62997913,-10.203628,122
68,123,-0.12978214,-0.629979,-10.203628,123
68,124,-0.13021825,-0.6299791,-10.203628,124
68,125,-0.13075949,-0.6299791,-10.203626,125
68,126,-0.1316264,-0.6299791,-10.203626,126
68,127,-0.1330993,-0.6299791,-10.203624,127
68,128,-0.13408105,-0.62997895,-10.203623,128
68,129,-0.13440454,-0.62997895,-10.203624,129
68,130,-0.13430034,-0.62997895,-10.203622,130
68,131,-0.13365737,-0.62997884,-10.203621,131
68,132,-0.13308601,-0.6299789,-10.203621,132
68,133,-0.132709,-0.62997884,-10.203621,133
68,134,-0.13244505,-0.6299789,-10.203621,134
68,135,-0.13130018,-0.6299789,-10.203621,135
68,136,-0.13026425,-0.6299789,-10.203623,136
68,137,-0.12930764,-0.6299789,-10.203624,137
68,138,-0.12836707,-0.62997895,-10.203623,138
68,139,-0.1272468,-0.62997895,-10.203626,139
68,140,-0.1264113,-0.6299789,-10.203626,140
68,141,-0.12591445,-0.6299789,-10.203626,141
68,142,-0.124405034,-0.629979,-10.203628,142
68,143,-0.123887405,-0.6299791,-10.203629,143
68,144,-0.12375334,-0.62997913,-10.203628,144
68,145,-0.12323932,-0.6299793,-10.203629,145
68,146,-0.12270068,-0.6299794,-10.203628,146
68,147,-0.123917095,-0.6299794,-10.203629,147
68,148,-0.12439152,-0.6299794,-10.203629,148
68,149,-0.124592096,-0.6299794,-10.20363,149
68,150,-0.12470138,-0.6299794,-10.203629,150
68,151,-0.12532711,-0.62997925,-10.203631,151
68,152,-0.12603551,-0.6299793,-10.20363,152
68,153,-0.12677626,-0.62997925,-10.203628,153
68,154,-0.12761673,-0.6299794,-10.203628,154
68,155,-0.12855436,-0.62997925,-10.203627,155
68,156,-0.12926155,-0.62997925,-10.203627,156
68,157,-0.12975541,-0.62997925,-10.203626,157
68,158,-0.13003227,-0.62997925,-10.203624,158
68,159,-0.13092323,-0.62997925,-10.203623,159
68,160,-0.13097802,-0.62997913,-10.203626,160
68,161,-0.13068634,-0.6299791,-10.203623,161
68,162,-0.1304187,-0.6299791,-10.203623,162
68,163,-0.12997107,-0.6299789,-10.203623,163
68,164,-0.12941898,-0.6299789,-10.203623,164
68,165,-0.12871966,-0.62997884,-10.203624,165
68,166,-0.12821609,-0.6299789,-10.203626,166
68,167,-0.12714316,-0.6299789,-10.203626,167
68,168,-0.12625681,-0.6299789,-10.203626,168
68,169,-0.12571193,-0.62997895,-10.203626,169
68,170,-0.12523384,-0.629979,-10.203626,170
68,171,-0.12479404,-0.6299791,-10.203628,171
68,172,-0.12407854,-0.6299791,-10.203627,172
68,173,-0.12250758,-0.62997913,-10.203628,173
68,174,-0.1223042,-0.6299792,-10.203629,174
68,175,-0.123545244,-0.62997925,-10.203629,175
68,176,-0.12465954,-0.6299792,-10.20363,176
68,177,-0.12541486,-0.6299792,-10.203629,177
68,178,-0.12738486,-0.62997925,-10.203629,178
68,179,-0.1287013,-0.62997913,-10.203628,179
68,180,-0.1299067,-0.6299791,-10.203627,180
68,181,-0.13104004,-0.6299791,-10.203626,181
68,182,-0.13209547,-0.62997895,-10.203626,182
68,183,-0.1326014,-0.62997895,-10.203623,183
68,184,-0.13254206,-0.62997895,-10.203622,184
68,185,-0.132327,-0.629979,-10.203623,185
68,186,-0.1322153,-0.62997895,-10.203622,186
68,187,-0.13079263,-0.6299789,-10.203621,187
68,188,-0.1283643,-0.6299789,-10.203622,188
68,189,-0.1270786,-0.6299791,-10.203624,189
68,190,-0.1262225,-0.62997913,-10.203623,190
68,191,-0.12399955,-0.62997913,-10.203624,191
68,192,-0.12315407,-0.62997925,-10.203624,192
68,193,-0.12375515,-0.62997925,-10.203626,193
68,194,-0.12640193,-0.62997925,-10.203626,194
68,195,-0.12794706,-0.6299793,-10.203624,195
68,196,-0.12903874,-0.62997925,-10.203626,196
68,197,-0.12971853,-0.6299792,-10.203624,197
68,198,-0.13005687,-0.62997925,-10.203624,198
68,199,-0.1312474,-0.6299792,-10.203623,199
69,0,-0.009312488,-0.15154564,-3.3323445,0
69,1,-0.04171177,-0.3466335,-6.7873,1
69,2,-0.07437731,-0.5151422,-9.043034,2
69,3,-0.10109912,-0.59770477,-9.907672,3
69,4,-0.12049837,-0.6226055,-10.136352,4
69,5,-0.12726632,-0.6283211,-10.187789,5
69,6,-0.11959815,-0.6295442,-10.199335,6
69,7,-0.11568145,-0.62983644,-10.202209,7
69,8,-0.111541875,-0.6299216,-10.203086,8
69,9,-0.10952442,-0.62995225,-10.203412,9
69,10,-0.10961433,-0.62996554,-10.203557,10
69,11,-0.11086146,-0.62997216,-10.203629,11
69,12,-0.11248596,-0.62997586,-10.20367,12
69,13,-0.11429163,-0.62997806,-10.203696,13
69,14,-0.11603732,-0.62997943,-10.2037115,14
69,15,-0.11766366,-0.6299804,-10.203722,15
69,16,-0.11921076,-0.6299811,-10.20373,16
69,17,-0.119892605,-0.6299814,-10.203733,17
69,18,-0.12067469,-0.6299818,-10.203739,18
69,19,-0.122683704,-0.62998194,-10.203741,19
69,20,-0.124047294,-0.6299821,-10.203741,20
69,21,-0.124312535,-0.6299823,-10.203746,21
69,22,-0.12417341,-0.6299824,-10.203746,22
69,23,-0.12406744,-0.6299826,-10.203748,23
69,24,-0.12298425,-0.62998253,-10.203748,24
69,25,-0.12342376,-0.6299827,-10.203749,25
69,26,-0.123677835,-0.6299826,-10.20375,26
69,27,-0.124216795,-0.6299827,-10.203749,27
69,28,-0.12564322,-0.6299828,-10.2037525,28
69,29,-0.12620924,-0.6299829,-10.203751,29
69,30,-0.12670587,-0.6299829,-10.203751,30
69,31,-0.12645908,-0.62998295,-10.203751,31
69,32,-0.12565331,-0.62998295,-10.2037525,32
69,33,-0.12499987,-0.6299829,-10.2037525,33
69,34,-0.12416775,-0.629983,-10.203753,34
69,35,-0.123621434,-0.62998307,-10.203751,35
69,36,-0.11974397,-0.62998295,-10.2037525,36
69,37,-0.119901635,-0.6299829,-10.203753,37
69,38,-0.1196474,-0.629983,-10.203753,38
69,39,-0.1197157,-0.629983,-10.203754,39
69,40,-0.121140815,-0.62998307,-10.203754,40
69,41,-0.12271304,-0.6299831,-10.203754,41
69,42,-0.122908466,-0.6299832,-10.203755,42
69,43,-0.1224947,-0.6299831,-10.203754,43
69,44,-0.122089304,-0.6299832,-10.203755,44
69,45,-0.1218852,-0.6299831,-10.203755,45
69,46,-0.11897661,-0.629983,-10.203755,46
69,47,-0.11788745,-0.62998307,-10.203755,47
69,48,-0.11719568,-0.629983,-10.203755,48
69,49,-0.11619397,-0.62998295,-10.203755,49
69,50,-0.115739435,-0.62998295,-10.203757,50
69,51,-0.115472235,-0.62998295,-10.203753,51
69,52,-0.113670155,-0.6299829,-10.203757,52
69,53,-0.112402536,-0.62998295,-10.203755,53
69,54,-0.11328093,-0.62998277,-10.203758,54
69,55,-0.11347741,-0.62998265,-10.203758,55
69,56,-0.11348352,-0.62998277,-10.203757,56
69,57,-0.11274034,-0.6299827,-10.203758,57
69,58,-0.11188303,-0.62998277,-10.20376,58
69,59,-0.1116324,-0.6299828,-10.20376,59
69,60,-0.11104343,-0.6299828,-10.203758,60
69,61,-0.110931605,-0.6299828,-10.20376,61
69,62,-0.110802785,-0.62998277,-10.203759,62
69,63,-0.112828046,-0.6299828,-10.203759,63
69,64,-0.11423708,-0.6299828,-10.203759,64
69,65,-0.113550484,-0.6299827,-10.203758,65
69,66,-0.1173331,-0.6299828,-10.203755,66
69,67,-0.11985758,-0.6299827,-10.203755,67
69,68,-0.121486306,-0.62998277,-10.203755,68
69,69,-0.122927316,-0.62998277,-10.203754,69
69,70,-0.12381524,-0.6299826,-10.203753,70
69,71,-0.12426722,-0.62998265,-10.203754,71
69,72,-0.12460365,-0.62998265,-10.203753,72
69,73,-0.1254439,-0.6299826,-10.203751,73
69,74,-0.12591727,-0.62998265,-10.203751,74
69,75,-0.1267317,-0.62998265,-10.20375,75
69,76,-0.12906727,-0.62998277,-10.20375,76
69,77,-0.12992273,-0.6299828,-10.203751,77
69,78,-0.12997122,-0.62998277,-10.20375,78
69,79,-0.12902606,-0.62998277,-10.20375,79
69,80,-0.1268482,-0.6299827,-10.20375,80
69,81,-0.1251042,-0.6299826,-10.20375,81
69,82,-0.12399746,-0.6299827,-10.203749,82
69,83,-0.120035976,-0.6299826,-10.20375,83
69,84,-0.117684245,-0.6299825,-10.20375,84
69,85,-0.11589961,-0.62998253,-10.203751,85
69,86,-0.1147766,-0.6299825,-10.2037525,86
69,87,-0.11307361,-0.62998253,-10.203754,87
69,88,-0.11356526,-0.6299826,-10.203753,88
69,89,-0.11427389,-0.6299825,-10.203753,89
69,90,-0.114693634,-0.6299826,-10.203755,90
69,91,-0.11691205,-0.6299825,-10.203754,91
69,92,-0.1179896,-0.6299827,-10.203757,92
69,93,-0.119088,-0.62998277,-10.203755,93
69,94,-0.12134164,-0.62998277,-10.203757,94
69,95,-0.1226417,-0.6299827,-10.203755,95
69,96,-0.12629005,-0.62998253,-10.203755,96
69,97,-0.12857425,-0.62998253,-10.203754,97
69,98,-0.13046561,-0.6299825,-10.203753,98
69,99,-0.13279757,-0.6299825,-10.2037525,99
69,100,-0.1327396,-0.6299823,-10.203751,100
69,101,-0.13219334,-0.6299822,-10.203749,101
69,102,-0.13173087,-0.6299822,-10.203748,102
69,103,-0.12723394,-0.629982,-10.203746,103
69,104,-0.124659754,-0.6299818,-10.203749,104
69,105,-0.12273885,-0.6299819,-10.203748,105
69,106,-0.11982065,-0.6299817,-10.203748,106
69,107,-0.12106668,-0.6299816,-10.203749,107
69,108,-0.12251112,-0.6299817,-10.203751,108
69,109,-0.12399287,-0.62998164,-10.203751,109
69,110,-0.12826103,-0.6299818,-10.20375,110
69,111,-0.12711416,-0.6299817,-10.203749,111
69,112,-0.124753736,-0.6299817,-10.20375,112
69,113,-0.12009461,-0.6299816,-10.20375,113
69,114,-0.12048148,-0.6299817,-10.203749,114
69,115,-0.12262605,-0.6299817,-10.20375,115
69,116,-0.1265716,-0.629982,-10.203751,116
69,117,-0.12578148,-0.6299819,-10.203751,117
69,118,-0.122612916,-0.6299819,-10.203751,118
69,119,-0.118030444,-0.6299819,-10.20375,119
69,120,-0.118070796,-0.6299818,-10.203751,120
69,121,-0.11892058,-0.6299819,-10.203753,121
69,122,-0.119972296,-0.629982,-10.2037525,122
69,123,-0.12095178,-0.629982,-10.203753,123
69,124,-0.12160222,-0.6299821,-10.203753,124
69,125,-0.12399005,-0.6299822,-10.203753,125
69,126,-0.1257199,-0.62998223,-10.2037525,126
69,127,-0.12720609,-0.6299823,-10.2037525,127
69,128,-0.12965514,-0.62998235,-10.2037525,128
69,129,-0.1311197,-0.6299824,-10.203748,129
69,130,-0.13057949,-0.6299823,-10.203748,130
69,131,-0.12951939,-0.6299823,-10.203749,131
69,132,-0.12847254,-0.62998223,-10.203746,132
69,133,-0.1278433,-0.62998223,-10.203746,133
69,134,-0.12519531,-0.6299822,-10.203748,134
69,135,-0.12261597,-0.6299821,-10.203746,135
69,136,-0.12122709,-0.62998194,-10.203746,136
69,137,-0.12007057,-0.629982,-10.203748,137
69,138,-0.11812964,-0.62998194,-10.203748,138
69,139,-0.11857338,-0.62998194,-10.203749,139
69,140,-0.119255975,-0.629982,-10.203749,140
69,141,-0.119782366,-0.6299819,-10.203749,141
69,142,-0.12507685,-0.629982,-10.203749,142
69,143,-0.1278207,-0.6299821,-10.203749,143
69,144,-0.12973922,-0.62998205,-10.203748,144
69,145,-0.13127597,-0.62998205,-10.203748,145
69,146,-0.13225572,-0.6299822,-10.203746,146
69,147,-0.13308278,-0.6299822,-10.203746,147
69,148,-0.13268043,-0.62998205,-10.203745,148
69,149,-0.1307987,-0.6299821,-10.203745,149
69,150,-0.12793592,-0.629982,-10.203745,150
69,151,-0.12525348,-0.629982,-10.203748,151
69,152,-0.1231823,-0.6299819,-10.203748,152
69,153,-0.12184776,-0.6299819,-10.203749,153
69,154,-0.12093836,-0.629982,-10.203749,154
69,155,-0.12046601,-0.629982,-10.203749,155
69,156,-0.11922595,-0.629982,-10.20375,156
69,157,-0.11912974,-0.6299819,-10.20375,157
69,158,-0.119229525,-0.6299818,-10.203751,158
69,159,-0.11944335,-0.6299818,-10.203751,159
69,160,-0.11888533,-0.62998176,-10.203751,160
69,161,-0.120520346,-0.6299818,-10.20375,161
69,162,-0.122614615,-0.6299818,-10.203748,162
69,163,-0.12219392,-0.6299817,-10.203745,163
69,164,-0.12257114,-0.6299816,-10.203746,164
69,165,-0.12946406,-0.6299816,-10.203745,165
69,166,-0.13356707,-0.6299816,-10.203741,166
69,167,-0.13688484,-0.62998146,-10.203744,167
69,168,-0.13723536,-0.6299814,-10.20374,168
69,169,-0.13682014,-0.62998134,-10.203738,169
69,170,-0.13638917,-0.6299814,-10.203736,170
69,171,-0.13365881,-0.6299813,-10.203736,171
69,172,-0.13215224,-0.6299813,-10.203736,172
69,173,-0.13074423,-0.6299811,-10.203736,173
69,174,-0.1276723,-0.6299811,-10.203735,174
69,175,-0.1269591,-0.629981,-10.203735,175
69,176,-0.12659827,-0.629981,-10.203735,176
69,177,-0.12642361,-0.62998086,-10.203736,177
69,178,-0.12724051,-0.62998086,-10.203738,178
69,179,-0.12737894,-0.6299809,-10.203738,179
69,180,-0.12747948,-0.6299809,-10.203739,180
69,181,-0.12770113,-0.62998086,-10.203739,181
69,182,-0.12819879,-0.62998086,-10.203741,182
69,183,-0.1317826,-0.629981,-10.20374,183
69,184,-0.13321184,-0.62998104,-10.20374,184
69,185,-0.13342911,-0.6299811,-10.20374,185
69,186,-0.13325593,-0.6299811,-10.20374,186
69,187,-0.13301799,-0.6299813,-10.20374,187
69,188,-0.13309743,-0.62998116,-10.203741,188
69,189,-0.13302566,-0.6299813,-10.20374,189
69,190,-0.13348593,-0.62998116,-10.20374,190
69,191,-0.13466647,-0.6299813,-10.20374,191
69,192,-0.13556811,-0.62998134,-10.20374,192
69,193,-0.13573453,-0.6299813,-10.203739,193
69,194,-0.13586067,-0.6299813,-10.203738,194
69,195,-0.13612479,-0.6299813,-10.203736,195
69,196,-0.13462165,-0.6299813,-10.203736,196
69,197,-0.13386998,-0.6299812,-10.203738,197
69,198,-0.13334668,-0.6299813,-10.203738,198
69,199,-0.13246016,-0.6299813,-10.203736,199
70,0,0.015756767,-0.13345401,-1.9902898,0
70,1,0.015640521,-0.2802772,-3.925846,1
70,2,0.013614378,-0.4176257,-5.9539776,2
70,3,0.009456256,-0.5201187,-7.758985,3
70,4,0.0030007279,-0.5807092,-8.9856825,4
70,5,-0.004988725,-0.61026174,-9.664626,5
70,6,-0.012388173,-0.62268645,-9.986098,6
70,7,-0.02220222,-0.62733555,-10.118071,7
70,8,-0.031889535,-0.6289882,-10.169528,8
70,9,-0.040745802,-0.6295775,-10.189343,9
70,10,-0.051628083,-0.6297988,-10.197103,10
70,11,-0.056497738,-0.6298897,-10.200386,11
70,12,-0.06061702,-0.62993115,-10.201873,12
70,13,-0.06281452,-0.62995195,-10.202604,13
70,14,-0.07154524,-0.6299633,-10.202983,14
70,15,-0.08177556,-0.6299699,-10.203195,15
70,16,-0.09318882,-0.62997407,-10.203316,16
70,17,-0.09692709,-0.62997663,-10.203395,17
70,18,-0.09711431,-0.6299785,-10.203448,18
70,19,-0.09510284,-0.6299797,-10.203487,19
70,20,-0.09938498,-0.6299807,-10.203518,20
70,21,-0.10399779,-0.62998146,-10.203538,21
70,22,-0.108334415,-0.629982,-10.203555,22
70,23,-0.111627854,-0.6299824,-10.203565,23
70,24,-0.11390315,-0.62998265,-10.203571,24
70,25,-0.11806797,-0.6299829,-10.203576,25
70,26,-0.12029751,-0.629983,-10.203579,26
70,27,-0.12199599,-0.6299831,-10.203579,27
70,28,-0.12449348,-0.62998307,-10.203575,28
70,29,-0.1252025,-0.62998307,-10.203575,29
70,30,-0.123459026,-0.62998295,-10.203573,30
70,31,-0.121418044,-0.6299829,-10.203571,31
70,32,-0.11975841,-0.6299829,-10.203571,32
70,33,-0.11887234,-0.6299828,-10.20357,33
70,34,-0.115499526,-0.62998277,-10.203571,34
70,35,-0.11267813,-0.6299828,-10.203574,35
70,36,-0.111603305,-0.6299828,-10.203576,36
70,37,-0.11086236,-0.6299829,-10.20358,37
70,38,-0.10907206,-0.6299829,-10.203583,38
70,39,-0.110681824,-0.629983,-10.203588,39
70,40,-0.11239356,-0.62998307,-10.20359,40
70,41,-0.11368616,-0.6299831,-10.203592,41
70,42,-0.12158382,-0.62998307,-10.203592,42
70,43,-0.12491623,-0.6299831,-10.20359,43
70,44,-0.12677443,-0.6299832,-10.2035885,44
70,45,-0.12787032,-0.6299831,-10.203588,45
70,46,-0.1280787,-0.6299831,-10.203586,46
70,47,-0.12813754,-0.62998307,-10.203583,47
70,48,-0.126717,-0.62998307,-10.20358,48
70,49,-0.123701334,-0.629983,-10.203579,49
70,50,-0.1198305,-0.629983,-10.203581,50
70,51,-0.11664935,-0.6299831,-10.203581,51
70,52,-0.1145465,-0.6299832,-10.203585,52
70,53,-0.11352487,-0.6299833,-10.203586,53
70,54,-0.113054514,-0.6299833,-10.2035885,54
70,55,-0.11313386,-0.62998337,-10.203589,55
70,56,-0.111781195,-0.62998337,-10.203589,56
70,57,-0.111738026,-0.62998337,-10.20359,57
70,58,-0.11204647,-0.6299833,-10.203592,58
70,59,-0.11237812,-0.6299833,-10.203592,59
70,60,-0.11148624,-0.6299833,-10.203593,60
70,61,-0.11371465,-0.6299832,-10.203593,61
70,62,-0.11621949,-0.6299831,-10.203592,62
70,63,-0.1149145,-0.62998307,-10.20359,63
70,64,-0.11501283,-0.629983,-10.20359,64
70,65,-0.124199435,-0.6299829,-10.2035885,65
70,66,-0.1287118,-0.6299828,-10.203586,66
70,67,-0.13183038,-0.62998265,-10.203584,67
70,68,-0.13036676,-0.62998253,-10.20358,68
70,69,-0.12812066,-0.6299825,-10.203576,69
70,70,-0.12616636,-0.6299824,-10.203571,70
70,71,-0.1213538,-0.6299823,-10.203569,71
70,72,-0.11872295,-0.62998223,-10.203568,72
70,73,-0.11654035,-0.62998223,-10.203566,73
70,74,-0.11232348,-0.6299822,-10.203567,74
70,75,-0.11195585,-0.6299821,-10.203568,75
70,76,-0.112314716,-0.6299822,-10.20357,76
70,77,-0.11280648,-0.6299821,-10.203573,77
70,78,-0.11488507,-0.6299823,-10.203575,78
70,79,-0.11593154,-0.6299823,-10.203578,79
70,80,-0.116709106,-0.62998235,-10.203581,80
70,81,-0.1176582,-0.6299825,-10.203583,81
70,82,-0.11895974,-0.6299826,-10.203586,82
70,83,-0.12432032,-0.6299826,-10.203585,83
70,84,-0.1257936,-0.62998265,-10.203584,84
70,85,-0.12567632,-0.62998265,-10.203581,85
70,86,-0.1250058,-0.62998265,-10.203581,86
70,87,-0.1242673,-0.62998265,-10.203578,87
70,88,-0.12398843,-0.62998265,-10.203576,88
70,89,-0.12348061,-0.6299826,-10.203574,89
70,90,-0.12331853,-0.6299826,-10.203569,90
70,91,-0.12336938,-0.62998253,-10.203565,91
70,92,-0.12312473,-0.6299824,-10.203558,92
70,93,-0.12226463,-0.62998235,-10.203553,93
70,94,-0.121725656,-0.6299821,-10.203552,94
70,95,-0.12144897,-0.6299821,-10.20355,95
70,96,-0.118978344,-0.629982,-10.203546,96
70,97,-0.1176776,-0.6299819,-10.203546,97
70,98,-0.11689231,-0.6299818,-10.203544,98
70,99,-0.11581356,-0.62998176,-10.203543,99
70,100,-0.11530316,-0.6299817,-10.203543,100
70,101,-0.11337241,-0.62998176,-10.203544,101
70,102,-0.113004774,-0.6299818,-10.203546,102
70,103,-0.10910228,-0.6299818,-10.203548,103
70,104,-0.10786907,-0.6299817,-10.203553,104
70,105,-0.10725343,-0.6299819,-10.203557,105
70,106,-0.10672836,-0.629982,-10.203561,106
70,107,-0.107275724,-0.6299821,-10.203566,107
70,108,-0.10853496,-0.6299822,-10.20357,108
70,109,-0.108723685,-0.6299822,-10.203574,109
70,110,-0.11128346,-0.6299823,-10.203575,110
70,111,-0.113994755,-0.6299823,-10.203578,111
70,112,-0.11578331,-0.6299824,-10.203579,112
70,113,-0.11678516,-0.6299824,-10.20358,113
70,114,-0.11944484,-0.6299824,-10.203583,114
70,115,-0.12220047,-0.6299825,-10.203584,115
70,116,-0.12306883,-0.6299826,-10.203583,116
70,117,-0.12315939,-0.6299826,-10.203584,117
70,118,-0.12322715,-0.62998265,-10.203584,118
70,119,-0.122956745,-0.6299827,-10.203584,119
70,120,-0.122499414,-0.6299826,-10.203583,120
70,121,-0.122175634,-0.6299827,-10.203581,121
70,122,-0.121753946,-0.6299827,-10.20358,122
70,123,-0.122321524,-0.6299826,-10.203575,123
70,124,-0.12236212,-0.62998265,-10.203573,124
70,125,-0.122439824,-0.62998253,-10.203569,125
70,126,-0.12303551,-0.6299824,-10.203565,126
70,127,-0.12426435,-0.6299823,-10.203561,127
70,128,-0.12451021,-0.6299821,-10.203556,128
70,129,-0.12371138,-0.6299821,-10.203555,129
70,130,-0.12243094,-0.62998194,-10.20355,130
70,131,-0.120583005,-0.6299818,-10.203547,131
70,132,-0.11867523,-0.62998176,-10.203544,132
70,133,-0.117559664,-0.6299817,-10.203546,133
70,134,-0.11694168,-0.62998164,-10.203543,134
70,135,-0.11455496,-0.62998164,-10.203547,135
70,136,-0.11353601,-0.6299817,-10.203551,136
70,137,-0.11289717,-0.62998176,-10.203555,137
70,138,-0.11229774,-0.6299819,-10.203558,138
70,139,-0.111756764,-0.629982,-10.203561,139
70,140,-0.11163034,-0.62998205,-10.203565,140
70,141,-0.11190569,-0.6299822,-10.203568,141
70,142,-0.11077098,-0.62998223,-10.203568,142
70,143,-0.11081729,-0.6299823,-10.203569,143
70,144,-0.111241214,-0.6299823,-10.20357,144
70,145,-0.11128039,-0.62998223,-10.203569,145
70,146,-0.109713756,-0.62998223,-10.203571,146
70,147,-0.11131133,-0.62998223,-10.203578,147
70,148,-0.113179065,-0.6299823,-10.20358,148
70,149,-0.114427686,-0.6299824,-10.203583,149
70,150,-0.11525704,-0.6299825,-10.203585,150
70,151,-0.117860876,-0.6299825,-10.203584,151
70,152,-0.11912668,-0.6299825,-10.20358,152
70,153,-0.12002723,-0.6299825,-10.203578,153
70,154,-0.120987095,-0.62998235,-10.203575,154
70,155,-0.12153567,-0.62998223,-10.203571,155
70,156,-0.12163886,-0.6299821,-10.203568,156
70,157,-0.1214666,-0.62998205,-10.203568,157
70,158,-0.12111387,-0.629982,-10.203566,158
70,159,-0.121335395,-0.6299819,-10.203567,159
70,160,-0.12106448,-0.62998194,-10.203568,160
70,161,-0.12057224,-0.629982,-10.203569,161
70,162,-0.1202501,-0.629982,-10.20357,162
70,163,-0.119995065,-0.6299821,-10.20357,163
70,164,-0.11934352,-0.6299822,-10.20357,164
70,165,-0.1183386,-0.62998223,-10.203569,165
70,166,-0.11767383,-0.62998223,-10.20357,166
70,167,-0.11590906,-0.62998223,-10.20357,167
70,168,-0.11443416,-0.62998235,-10.20357,168
70,169,-0.113819174,-0.6299823,-10.203574,169
70,170,-0.113306716,-0.6299823,-10.203575,170
70,171,-0.11294331,-0.6299824,-10.203578,171
70,172,-0.11215653,-0.6299824,-10.203579,172
70,173,-0.10939516,-0.6299825,-10.203583,173
70,174,-0.11001303,-0.62998253,-10.203585,174
70,175,-0.11391004,-0.6299826,-10.203588,175
70,176,-0.11667102,-0.62998265,-10.203588,176
70,177,-0.11827739,-0.6299827,-10.203586,177
70,178,-0.122319765,-0.6299827,-10.203586,178
70,179,-0.12402097,-0.62998265,-10.203583,179
70,180,-0.12531103,-0.62998253,-10.203581,180
70,181,-0.12619631,-0.62998253,-10.203576,181
70,182,-0.12678224,-0.6299825,-10.203571,182
70,183,-0.12602887,-0.6299823,-10.203567,183
70,184,-0.12421439,-0.6299823,-10.203562,184
70,185,-0.12241289,-0.6299821,-10.203558,185
70,186,-0.12111281,-0.629982,-10.203555,186
70,187,-0.117631234,-0.6299819,-10.203555,187
70,188,-0.11327499,-0.6299818,-10.203552,188
70,189,-0.11141662,-0.6299818,-10.203553,189
70,190,-0.11051119,-0.6299818,-10.203556,190
70,191,-0.1078005,-0.6299818,-10.203556,191
70,192,-0.1077136,-0.6299818,-10.203557,192
70,193,-0.10964632,-0.6299818,-10.203558,193
70,194,-0.114936575,-0.62998176,-10.203558,194
70,195,-0.117524356,-0.6299817,-10.203557,195
70,196,-0.11900967,-0.6299817,-10.203557,196
70,197,-0.119705416,-0.6299817,-10.203558,197
70,198,-0.119872816,-0.62998164,-10.203556,198
70,199,-0.120902814,-0.6299817,-10.20356,199
71,0,0.006084672,-0.10378242,-2.2459607,0
71,1,-0.0026852952,-0.22057949,-4.2903056,1
71,2,-0.008056527,-0.34657946,-6.1745405,2
71,3,-0.010001834,-0.45601568,-7.6641374,3
71,4,-0.011935873,-0.53261936,-8.685281,4
71,5,-0.013766593,-0.57915694,-9.33514,5
71,6,-0.01471091,-0.60491747,-9.73627,6
71,7,-0.019632837,-0.6178549,-9.956935,7
71,8,-0.026353735,-0.62413013,-10.075675,8
71,9,-0.034078363,-0.6271254,-10.137892,9
71,10,-0.04267814,-0.62854934,-10.169679,10
71,11,-0.051509947,-0.6292326,-10.185683,11
71,12,-0.059771784,-0.62956804,-10.193759,12
71,13,-0.066693105,-0.6297389,-10.197898,13
71,14,-0.07227141,-0.6298299,-10.200099,14
71,15,-0.07658749,-0.62988055,-10.201322,15
71,16,-0.08014495,-0.62991023,-10.202036,16
71,17,-0.0825275,-0.6299285,-10.202475,17
71,18,-0.08471525,-0.6299403,-10.202755,18
71,19,-0.08813874,-0.6299479,-10.202943,19
71,20,-0.091142386,-0.6299531,-10.203072,20
71,21,-0.092992134,-0.6299567,-10.203167,21
71,22,-0.09423691,-0.62995934,-10.203236,22
71,23,-0.09536956,-0.6299613,-10.203288,23
71,24,-0.095526084,-0.6299629,-10.20333,24
71,25,-0.09694609,-0.6299642,-10.203364,25
71,26,-0.09835358,-0.6299652,-10.203388,26
71,27,-0.09991742,-0.62996596,-10.203409,27
71,28,-0.102301925,-0.62996644,-10.2034235,28
71,29,-0.10381838,-0.62996686,-10.203434,29
71,30,-0.10496636,-0.62996715,-10.203443,30
71,31,-0.10525964,-0.62996745,-10.203449,31
71,32,-0.10487114,-0.6299677,-10.203459,32
71,33,-0.104468696,-0.6299679,-10.203464,33
71,34,-0.103899725,-0.62996817,-10.20347,34
71,35,-0.10355734,-0.6299683,-10.203475,35
71,36,-0.1001998,-0.6299686,-10.203482,36
71,37,-0.09995061,-0.62996894,-10.203489,37
71,38,-0.100069314,-0.6299691,-10.203496,38
71,39,-0.10057186,-0.6299693,-10.203504,39
71,40,-0.10226265,-0.6299694,-10.203507,40
71,41,-0.10438044,-0.6299694,-10.203512,41
71,42,-0.10527247,-0.6299695,-10.203514,42
71,43,-0.10527127,-0.62996954,-10.203513,43
71,44,-0.105023265,-0.6299697,-10.203515,44
71,45,-0.104838,-0.62996966,-10.203517,45
71,46,-0.10229124,-0.62996984,-10.203517,46
71,47,-0.10095817,-0.6299702,-10.203515,47
71,48,-0.10017075,-0.62997025,-10.203517,48
71,49,-0.099110425,-0.62997043,-10.203515,49
71,50,-0.09855049,-0.6299707,-10.203517,50
71,51,-0.09825319,-0.62997085,-10.203517,51
71,52,-0.096600875,-0.629971,-10.203522,52
71,53,-0.095196225,-0.62997115,-10.203528,53
71,54,-0.09620965,-0.6299713,-10.203536,54
71,55,-0.097115695,-0.6299713,-10.203542,55
71,56,-0.097946025,-0.62997127,-10.2035475,56
71,57,-0.09812378,-0.62997144,-10.20355,57
71,58,-0.09807031,-0.6299716,-10.203555,58
71,59,-0.098441385,-0.6299716,-10.203556,59
71,60,-0.09828337,-0.6299719,-10.203556,60
71,61,-0.09843812,-0.62997204,-10.203557,61
71,62,-0.098530576,-0.62997216,-10.203558,62
71,63,-0.100669734,-0.62997234,-10.203557,63
71,64,-0.102473125,-0.62997234,-10.203556,64
71,65,-0.10176529,-0.62997246,-10.203552,65
71,66,-0.10512064,-0.62997234,-10.203548,66
71,67,-0.107717924,-0.62997234,-10.203544,67
71,68,-0.10910795,-0.62997216,-10.203539,68
71,69,-0.110068314,-0.629972,-10.203533,69
71,70,-0.11028897,-0.6299717,-10.203529,70
71,71,-0.10997393,-0.62997156,-10.203525,71
71,72,-0.10952624,-0.6299714,-10.203522,72
71,73,-0.10966505,-0.62997115,-10.203518,73
71,74,-0.109564945,-0.62997097,-10.203513,74
71,75,-0.1098345,-0.6299707,-10.203509,75
71,76,-0.11182105,-0.62997055,-10.203504,76
71,77,-0.112516664,-0.62997025,-10.2035,77
71,78,-0.112064555,-0.62996995,-10.203493,78
71,79,-0.110458784,-0.62996984,-10.203486,79
71,80,-0.10745426,-0.6299697,-10.203485,80
71,81,-0.10468346,-0.62996966,-10.203483,81
71,82,-0.10278685,-0.6299697,-10.203483,82
71,83,-0.09845039,-0.6299698,-10.203487,83
71,84,-0.095418684,-0.62997,-10.203494,84
71,85,-0.09357257,-0.6299702,-10.203501,85
71,86,-0.09273872,-0.62997043,-10.203507,86
71,87,-0.0916787,-0.62997067,-10.203515,87
71,88,-0.09281879,-0.6299709,-10.203522,88
71,89,-0.09454326,-0.6299711,-10.203527,89
71,90,-0.09600996,-0.62997115,-10.203533,90
71,91,-0.09918999,-0.62997127,-10.203534,91
71,92,-0.10129779,-0.6299711,-10.203537,92
71,93,-0.10311538,-0.6299711,-10.203538,93
71,94,-0.105862156,-0.629971,-10.203539,94
71,95,-0.10542784,-0.62997115,-10.203538,95
71,96,-0.10750487,-0.6299711,-10.203533,96
71,97,-0.1081276,-0.6299709,-10.2035265,97
71,98,-0.10805896,-0.6299706,-10.203519,98
71,99,-0.10836103,-0.6299704,-10.203509,99
71,100,-0.106568724,-0.62997,-10.203504,100
71,101,-0.10412138,-0.62996966,-10.203498,101
71,102,-0.10192628,-0.6299695,-10.203491,102
71,103,-0.096394844,-0.62996936,-10.203491,103
71,104,-0.09232586,-0.6299694,-10.203493,104
71,105,-0.08962876,-0.6299695,-10.203494,105
71,106,-0.08656489,-0.6299696,-10.2035,106
71,107,-0.08741682,-0.62996984,-10.203503,107
71,108,-0.08930149,-0.6299699,-10.203505,108
71,109,-0.09133341,-0.6299699,-10.203505,109
71,110,-0.096001945,-0.6299697,-10.203503,110
71,111,-0.09591225,-0.6299696,-10.203503,111
71,112,-0.09373704,-0.62996954,-10.203504,112
71,113,-0.08942233,-0.62996966,-10.2035055,113
71,114,-0.08952974,-0.6299699,-10.20351,114
71,115,-0.09221262,-0.62996984,-10.203509,115
71,116,-0.09685791,-0.6299698,-10.203508,116
71,117,-0.09716704,-0.6299697,-10.2035055,117
71,118,-0.09443295,-0.6299697,-10.2035055,118
71,119,-0.090141796,-0.62996984,-10.203512,119
71,120,-0.090020254,-0.62997,-10.203515,120
71,121,-0.091541424,-0.6299701,-10.203517,121
71,122,-0.093312755,-0.62997013,-10.203519,122
71,123,-0.0950374,-0.62997013,-10.20352,123
71,124,-0.09625541,-0.62997013,-10.20352,124
71,125,-0.09880252,-0.62997013,-10.203515,125
71,126,-0.10078296,-0.6299701,-10.20351,126
71,127,-0.1020503,-0.6299699,-10.203505,127
71,128,-0.10389629,-0.62996984,-10.203495,128
71,129,-0.10478379,-0.62996954,-10.203486,129
71,130,-0.10344351,-0.6299694,-10.20348,130
71,131,-0.1012295,-0.6299691,-10.203472,131
71,132,-0.09902316,-0.629969,-10.203468,132
71,133,-0.097389415,-0.6299688,-10.203464,133
71,134,-0.094053745,-0.6299688,-10.203464,134
71,135,-0.09071209,-0.6299689,-10.203466,135
71,136,-0.08879422,-0.6299691,-10.20347,136
71,137,-0.08756626,-0.6299693,-10.203472,137
71,138,-0.08587053,-0.62996954,-10.203478,138
71,139,-0.08648205,-0.62996984,-10.203482,139
71,140,-0.08778284,-0.6299699,-10.2034855,140
71,141,-0.0890009,-0.6299701,-10.203487,141
71,142,-0.09489395,-0.62997013,-10.203486,142
71,143,-0.09873169,-0.62996984,-10.203485,143
71,144,-0.10112165,-0.6299697,-10.203482,144
71,145,-0.10273795,-0.62996954,-10.203478,145
71,146,-0.103528515,-0.6299693,-10.203473,146
71,147,-0.103958294,-0.62996906,-10.203471,147
71,148,-0.1031003,-0.6299689,-10.203467,148
71,149,-0.10068487,-0.62996864,-10.203467,149
71,150,-0.097299926,-0.6299687,-10.203471,150
71,151,-0.09420665,-0.6299687,-10.203477,151
71,152,-0.09200866,-0.6299689,-10.203482,152
71,153,-0.09084388,-0.629969,-10.203487,153
71,154,-0.090318404,-0.6299691,-10.203494,154
71,155,-0.09033316,-0.6299693,-10.203498,155
71,156,-0.08928675,-0.6299696,-10.203499,156
71,157,-0.08929696,-0.6299698,-10.2035,157
71,158,-0.08938353,-0.62997,-10.203499,158
71,159,-0.08940324,-0.62997013,-10.203498,159
71,160,-0.08856945,-0.6299703,-10.2035,160
71,161,-0.089561045,-0.62997043,-10.203498,161
71,162,-0.091098286,-0.6299705,-10.203495,162
71,163,-0.09021427,-0.62997055,-10.203491,163
71,164,-0.08977383,-0.6299706,-10.203489,164
71,165,-0.09602832,-0.6299705,-10.203483,165
71,166,-0.10024238,-0.62997013,-10.203476,166
71,167,-0.10287427,-0.62996984,-10.203466,167
71,168,-0.10231803,-0.6299694,-10.203461,168
71,169,-0.10054365,-0.629969,-10.203452,169
71,170,-0.098698705,-0.6299687,-10.203446,170
71,171,-0.09460175,-0.6299686,-10.203442,171
71,172,-0.091573566,-0.6299684,-10.203438,172
71,173,-0.08900476,-0.6299684,-10.203434,173
71,174,-0.08490574,-0.6299684,-10.203434,174
71,175,-0.08361326,-0.6299685,-10.203434,175
71,176,-0.08308411,-0.6299687,-10.203438,176
71,177,-0.082978316,-0.6299687,-10.20344,177
71,178,-0.084550776,-0.6299688,-10.203446,178
71,179,-0.08535802,-0.6299688,-10.203451,179
71,180,-0.086209536,-0.6299689,-10.203456,180
71,181,-0.087306306,-0.6299689,-10.203463,181
71,182,-0.08857639,-0.629969,-10.203468,182
71,183,-0.0925075,-0.629969,-10.203468,183
71,184,-0.09489432,-0.6299688,-10.203468,184
71,185,-0.09550508,-0.6299688,-10.203468,185
71,186,-0.09534502,-0.6299687,-10.203467,186
71,187,-0.09499829,-0.6299685,-10.203467,187
71,188,-0.094863094,-0.62996846,-10.203466,188
71,189,-0.094656475,-0.62996835,-10.203465,189
71,190,-0.09453565,-0.6299683,-10.203461,190
71,191,-0.095057674,-0.62996817,-10.203449,191
71,192,-0.0951824,-0.629968,-10.203442,192
71,193,-0.094436765,-0.6299677,-10.203433,193
71,194,-0.09358338,-0.62996745,-10.2034235,194
71,195,-0.09291331,-0.62996715,-10.203415,195
71,196,-0.09078132,-0.6299669,-10.203409,196
71,197,-0.08918237,-0.6299668,-10.2034025,197
71,198,-0.0880167,-0.6299666,-10.2034,198
71,199,-0.086692125,-0.6299665,-10.203395,199
72,0,0.0043752966,-0.105932005,-2.580757,0
72,1,-0.015811142,-0.25018018,-5.4060426,1
72,2,-0.04404525,-0.41981563,-7.961019,2
72,3,-0.07647135,-0.54730105,-9.4390745,3
72,4,-0.10855879,-0.6057045,-9.994532,4
72,5,-0.12931229,-0.6238399,-10.151268,5
72,6,-0.13210219,-0.62838864,-10.189907,6
72,7,-0.13033897,-0.6294792,-10.199256,7
72,8,-0.12664284,-0.6297808,-10.201919,8
72,9,-0.12372542,-0.6298817,-10.202833,9
72,10,-0.12263468,-0.6299226,-10.203211,10
72,11,-0.12287981,-0.62994194,-10.20339,11
72,12,-0.12373844,-0.62995213,-10.203487,12
72,13,-0.124965616,-0.62995815,-10.203544,13
72,14,-0.12605786,-0.6299618,-10.20358,14
72,15,-0.12714687,-0.62996423,-10.203604,15
72,16,-0.12810731,-0.62996584,-10.203618,16
72,17,-0.12840396,-0.6299671,-10.203631,17
72,18,-0.12853934,-0.6299678,-10.20364,18
72,19,-0.12957424,-0.6299684,-10.203644,19
72,20,-0.13069609,-0.6299689,-10.203646,20
72,21,-0.13101216,-0.6299692,-10.20365,21
72,22,-0.13088414,-0.62996954,-10.203653,22
72,23,-0.13073783,-0.6299697,-10.203655,23
72,24,-0.12963961,-0.6299699,-10.203659,24
72,25,-0.12977974,-0.62997,-10.203659,25
72,26,-0.13009769,-0.6299701,-10.203661,26
72,27,-0.13061254,-0.62997013,-10.203661,27
72,28,-0.13191646,-0.6299703,-10.203661,28
72,29,-0.13276872,-0.6299702,-10.203663,29
72,30,-0.13338336,-0.62997025,-10.203664,30
72,31,-0.13334884,-0.62997025,-10.203664,31
72,32,-0.13266376,-0.6299703,-10.203663,32
72,33,-0.13191792,-0.62997043,-10.203664,33
72,34,-0.13099656,-0.62997043,-10.203665,34
72,35,-0.13024038,-0.62997055,-10.203666,35
72,36,-0.12655786,-0.6299707,-10.203669,36
72,37,-0.12539299,-0.6299707,-10.203669,37
72,38,-0.12523188,-0.6299709,-10.20367,38
72,39,-0.12528452,-0.62997085,-10.203669,39
72,40,-0.1265727,-0.6299709,-10.203669,40
72,41,-0.12887228,-0.6299709,-10.203669,41
72,42,-0.12988503,-0.6299709,-10.203669,42
72,43,-0.12983973,-0.62997085,-10.203669,43
72,44,-0.12942669,-0.62997085,-10.203669,44
72,45,-0.12904903,-0.6299709,-10.203669,45
72,46,-0.12657812,-0.62997097,-10.2036705,46
72,47,-0.12412788,-0.629971,-10.203672,47
72,48,-0.12244271,-0.62997115,-10.203672,48
72,49,-0.12062231,-0.6299711,-10.203674,49
72,50,-0.11909031,-0.62997127,-10.203675,50
72,51,-0.11794048,-0.62997127,-10.203674,51
72,52,-0.115275465,-0.62997144,-10.203675,52
72,53,-0.113521725,-0.6299716,-10.203677,53
72,54,-0.11397941,-0.62997174,-10.203677,54
72,55,-0.11465535,-0.62997174,-10.203675,55
72,56,-0.11514571,-0.62997174,-10.203678,56
72,57,-0.11497349,-0.62997186,-10.203678,57
72,58,-0.11418496,-0.6299719,-10.203679,58
72,59,-0.113489375,-0.6299719,-10.20368,59
72,60,-0.1126126,-0.6299719,-10.20368,60
72,61,-0.111916885,-0.6299719,-10.203682,61
72,62,-0.11127124,-0.62997204,-10.20368,62
72,63,-0.11279207,-0.62997186,-10.203682,63
72,64,-0.114123374,-0.6299719,-10.20368,64
72,65,-0.11353193,-0.6299718,-10.20368,65
72,66,-0.11678425,-0.6299716,-10.203679,66
72,67,-0.119894035,-0.62997156,-10.203678,67
72,68,-0.122090295,-0.62997144,-10.203677,68
72,69,-0.12399565,-0.6299713,-10.203673,69
72,70,-0.1255403,-0.62997127,-10.203673,70
72,71,-0.12659307,-0.6299711,-10.2036705,71
72,72,-0.12738822,-0.6299709,-10.2036705,72
72,73,-0.12857163,-0.6299709,-10.2036705,73
72,74,-0.12952396,-0.6299707,-10.20367,74
72,75,-0.1306444,-0.62997067,-10.203668,75
72,76,-0.13306317,-0.6299705,-10.203666,76
72,77,-0.13465935,-0.6299703,-10.203665,77
72,78,-0.13536328,-0.62997025,-10.203665,78
72,79,-0.13475625,-0.6299703,-10.203665,79
72,80,-0.13255686,-0.6299703,-10.203665,80
72,81,-0.13058229,-0.6299703,-10.203666,81
72,82,-0.12915912,-0.6299703,-10.203668,82
72,83,-0.12509643,-0.6299706,-10.203669,83
72,84,-0.12208771,-0.6299707,-10.20367,84
72,85,-0.119645596,-0.6299708,-10.203672,85
72,86,-0.1178697,-0.629971,-10.203673,86
72,87,-0.115589455,-0.62997127,-10.203674,87
72,88,-0.11528369,-0.62997127,-10.203674,88
72,89,-0.11588439,-0.6299714,-10.203674,89
72,90,-0.116470255,-0.6299713,-10.203674,90
72,91,-0.11874714,-0.6299713,-10.203673,91
72,92,-0.12073402,-0.6299714,-10.203673,92
72,93,-0.12254882,-0.6299713,-10.203673,93
72,94,-0.12541135,-0.6299712,-10.2036705,94
72,95,-0.12954926,-0.6299709,-10.20367,95
72,96,-0.13301092,-0.6299705,-10.203668,96
72,97,-0.13607395,-0.62997013,-10.203664,97
72,98,-0.13853477,-0.6299699,-10.203661,98
72,99,-0.14127658,-0.62996954,-10.203659,99
72,100,-0.14230654,-0.6299693,-10.203656,100
72,101,-0.14237458,-0.6299692,-10.203656,101
72,102,-0.14229698,-0.629969,-10.203654,102
72,103,-0.13874856,-0.62996906,-10.203655,103
72,104,-0.13562794,-0.6299691,-10.203656,104
72,105,-0.13319725,-0.6299692,-10.203656,105
72,106,-0.12977429,-0.62996936,-10.20366,106
72,107,-0.12985283,-0.62996936,-10.20366,107
72,108,-0.13136472,-0.62996924,-10.203659,108
72,109,-0.13319574,-0.6299693,-10.203658,109
72,110,-0.13754675,-0.62996894,-10.203655,110
72,111,-0.13822718,-0.629969,-10.203654,111
72,112,-0.13639194,-0.62996906,-10.203655,112
72,113,-0.13173838,-0.62996924,-10.203658,113
72,114,-0.13066746,-0.6299694,-10.203659,114
72,115,-0.13243107,-0.62996936,-10.203658,115
72,116,-0.13637035,-0.6299691,-10.203655,116
72,117,-0.13701119,-0.62996924,-10.203658,117
72,118,-0.13431886,-0.62996936,-10.203658,118
72,119,-0.1292962,-0.6299696,-10.203661,119
72,120,-0.12772992,-0.6299697,-10.203663,120
72,121,-0.12800393,-0.6299698,-10.203661,121
72,122,-0.12922117,-0.62996984,-10.203663,122
72,123,-0.13036,-0.6299699,-10.203663,123
72,124,-0.13118313,-0.62996984,-10.203663,124
72,125,-0.13350354,-0.62996966,-10.203663,125
72,126,-0.13523145,-0.6299696,-10.203659,126
72,127,-0.13668363,-0.6299695,-10.20366,127
72,128,-0.13882333,-0.6299693,-10.203659,128
72,129,-0.14014684,-0.6299693,-10.203656,129
72,130,-0.13973527,-0.6299692,-10.203656,130
72,131,-0.13847584,-0.62996924,-10.203656,131
72,132,-0.13713215,-0.6299693,-10.203659,132
72,133,-0.13611984,-0.6299693,-10.203658,133
72,134,-0.13352036,-0.6299694,-10.20366,134
72,135,-0.13044533,-0.6299696,-10.203661,135
72,136,-0.12822568,-0.6299696,-10.203663,136
72,137,-0.12635155,-0.62996984,-10.203664,137
72,138,-0.12372282,-0.6299699,-10.203665,138
72,139,-0.123097315,-0.62997,-10.203666,139
72,140,-0.12334458,-0.62997,-10.203666,140
72,141,-0.12366733,-0.62996995,-10.203666,141
72,142,-0.12850283,-0.6299699,-10.203664,142
72,143,-0.13256793,-0.6299697,-10.203663,143
72,144,-0.13551559,-0.6299696,-10.20366,144
72,145,-0.13794918,-0.6299695,-10.203656,145
72,146,-0.1397823,-0.62996936,-10.203655,146
72,147,-0.14127101,-0.6299692,-10.203654,147
72,148,-0.14175291,-0.62996906,-10.203654,148
72,149,-0.14076267,-0.62996906,-10.203654,149
72,150,-0.13850774,-0.6299693,-10.203656,150
72,151,-0.1360147,-0.62996924,-10.203658,151
72,152,-0.13390033,-0.6299694,-10.203658,152
72,153,-0.13233018,-0.6299695,-10.203659,153
72,154,-0.13113962,-0.62996954,-10.20366,154
72,155,-0.13026676,-0.62996966,-10.203661,155
72,156,-0.12896524,-0.62996966,-10.203663,156
72,157,-0.12757434,-0.6299697,-10.203664,157
72,158,-0.12669039,-0.6299697,-10.203665,158
72,159,-0.1259788,-0.62996984,-10.203665,159
72,160,-0.124577574,-0.62996984,-10.203666,160
72,161,-0.12512703,-0.62996984,-10.203665,161
72,162,-0.12672721,-0.6299697,-10.203665,162
72,163,-0.12614514,-0.62996966,-10.203664,163
72,164,-0.12572438,-0.62996966,-10.203665,164
72,165,-0.13173018,-0.6299694,-10.203659,165
72,166,-0.13747159,-0.6299692,-10.203655,166
72,167,-0.14237085,-0.6299688,-10.203651,167
72,168,-0.14458531,-0.6299686,-10.20365,168
72,169,-0.1452049,-0.6299684,-10.203649,169
72,170,-0.1453691,-0.6299684,-10.203649,170
72,171,-0.14346135,-0.6299683,-10.203649,171
72,172,-0.14156386,-0.62996835,-10.2036495,172
72,173,-0.13984987,-0.62996835,-10.20365,173
72,174,-0.13651092,-0.6299685,-10.203651,174
72,175,-0.13462225,-0.6299685,-10.203653,175
72,176,-0.13396162,-0.6299685,-10.203651,176
72,177,-0.13363451,-0.6299686,-10.203653,177
72,178,-0.13439916,-0.6299686,-10.20365,178
72,179,-0.13535644,-0.6299685,-10.20365,179
72,180,-0.13612479,-0.6299685,-10.20365,180
72,181,-0.13705643,-0.6299685,-10.2036495,181
72,182,-0.13843144,-0.6299684,-10.2036495,182
72,183,-0.14255151,-0.6299682,-10.203647,183
72,184,-0.14544426,-0.629968,-10.203645,184
72,185,-0.14694741,-0.62996787,-10.203644,185
72,186,-0.14781518,-0.6299678,-10.203644,186
72,187,-0.14834554,-0.6299678,-10.203642,187
72,188,-0.14896515,-0.6299677,-10.203642,188
72,189,-0.14934398,-0.6299676,-10.203641,189
72,190,-0.15011992,-0.6299674,-10.203641,190
72,191,-0.15063067,-0.6299674,-10.203641,191
72,192,-0.15085906,-0.62996733,-10.203641,192
72,193,-0.1506271,-0.6299674,-10.203639,193
72,194,-0.15036702,-0.6299673,-10.20364,194
72,195,-0.15036187,-0.6299672,-10.203639,195
72,196,-0.14905944,-0.6299674,-10.20364,196
72,197,-0.14767651,-0.6299674,-10.20364,197
72,198,-0.14667782,-0.6299674,-10.20364,198
72,199,-0.14546895,-0.6299676,-10.203641,199
73,0,0.0021001932,-0.112623215,-2.378425,0
73,1,-0.023611411,-0.2491987,-4.8193126,1
73,2,-0.054061327,-0.39632928,-7.080784,2
73,3,-0.08105911,-0.5133917,-8.666145,3
73,4,-0.10099089,-0.58137596,-9.533221,4
73,5,-0.11327359,-0.61223733,-9.937884,5
73,6,-0.11587811,-0.62399185,-10.105307,6
73,7,-0.11600258,-0.62793905,-10.166885,7
73,8,-0.11690766,-0.6292223,-10.188938,8
73,9,-0.11824147,-0.62966007,-10.197057,9
73,10,-0.12020987,-0.62982476,-10.200281,10
73,11,-0.12264691,-0.6298946,-10.201697,11
73,12,-0.1252849,-0.6299277,-10.202386,12
73,13,-0.12825193,-0.629945,-10.202753,13
73,14,-0.13099541,-0.6299548,-10.202964,14
73,15,-0.13366129,-0.62996083,-10.203094,15
73,16,-0.13604717,-0.6299647,-10.203178,16
73,17,-0.13769485,-0.6299673,-10.203233,17
73,18,-0.13891721,-0.62996906,-10.203273,18
73,19,-0.14056553,-0.6299703,-10.203301,19
73,20,-0.14232163,-0.6299713,-10.203321,20
73,21,-0.14346337,-0.62997204,-10.203337,21
73,22,-0.144183,-0.62997246,-10.20335,22
73,23,-0.14478725,-0.62997293,-10.203358,23
73,24,-0.14462338,-0.6299733,-10.203366,24
73,25,-0.14525424,-0.6299736,-10.203374,25
73,26,-0.14603087,-0.62997377,-10.203381,26
73,27,-0.14685817,-0.6299739,-10.203383,27
73,28,-0.1482126,-0.62997407,-10.203387,28
73,29,-0.14926253,-0.6299742,-10.20339,29
73,30,-0.15007359,-0.62997425,-10.203392,30
73,31,-0.1503957,-0.62997425,-10.203391,31
73,32,-0.15019983,-0.6299744,-10.203393,32
73,33,-0.14989167,-0.62997437,-10.203396,33
73,34,-0.1494284,-0.62997437,-10.203395,34
73,35,-0.14903091,-0.6299745,-10.203397,35
73,36,-0.14659613,-0.6299746,-10.203397,36
73,37,-0.14559594,-0.6299748,-10.203401,37
73,38,-0.14569443,-0.6299748,-10.2034025,38
73,39,-0.14593023,-0.6299749,-10.203405,39
73,40,-0.14697646,-0.629975,-10.203409,40
73,41,-0.14890864,-0.629975,-10.203411,41
73,42,-0.14987995,-0.62997496,-10.203411,42
73,43,-0.14988758,-0.629975,-10.20341,43
73,44,-0.14951898,-0.6299751,-10.20341,44
73,45,-0.14915143,-0.629975,-10.20341,45
73,46,-0.14738144,-0.62997496,-10.203407,46
73,47,-0.14509647,-0.62997496,-10.203407,47
73,48,-0.14334697,-0.62997496,-10.203405,48
73,49,-0.14150505,-0.629975,-10.203405,49
73,50,-0.13972437,-0.6299752,-10.203405,50
73,51,-0.13821891,-0.62997526,-10.203405,51
73,52,-0.13590845,-0.6299755,-10.203409,52
73,53,-0.13460925,-0.6299756,-10.203412,53
73,54,-0.13503705,-0.6299757,-10.203416,54
73,55,-0.13584542,-0.6299758,-10.203421,55
73,56,-0.13644227,-0.6299759,-10.2034235,56
73,57,-0.13646738,-0.62997603,-10.203424,57
73,58,-0.13579479,-0.62997603,-10.203424,58
73,59,-0.13492733,-0.6299761,-10.203424,59
73,60,-0.13393524,-0.6299762,-10.203424,60
73,61,-0.13297854,-0.6299762,-10.203425,61
73,62,-0.13205674,-0.6299763,-10.203424,62
73,63,-0.13257012,-0.6299762,-10.203424,63
73,64,-0.13298872,-0.6299762,-10.203424,64
73,65,-0.13212216,-0.62997633,-10.203424,65
73,66,-0.133839,-0.6299763,-10.203423,66
73,67,-0.13574833,-0.6299762,-10.203421,67
73,68,-0.13706529,-0.6299761,-10.203419,68
73,69,-0.13828982,-0.62997603,-10.203416,69
73,70,-0.13944602,-0.629976,-10.203415,70
73,71,-0.140356,-0.6299758,-10.203412,71
73,72,-0.14112394,-0.6299757,-10.203411,72
73,73,-0.1422073,-0.62997556,-10.203409,73
73,74,-0.1431747,-0.6299755,-10.203407,74
73,75,-0.144264,-0.6299753,-10.203405,75
73,76,-0.14637412,-0.62997514,-10.203404,76
73,77,-0.14799128,-0.6299751,-10.203402,77
73,78,-0.14885959,-0.62997496,-10.203401,78
73,79,-0.14859009,-0.6299748,-10.203396,79
73,80,-0.14702958,-0.62997466,-10.203393,80
73,81,-0.14560792,-0.6299746,-10.203392,81
73,82,-0.1446186,-0.6299746,-10.203392,82
73,83,-0.14183491,-0.62997466,-10.203393,83
73,84,-0.1397145,-0.6299748,-10.203395,84
73,85,-0.13804004,-0.6299749,-10.203397,85
73,86,-0.13676806,-0.62997496,-10.2034,86
73,87,-0.1351288,-0.6299751,-10.203402,87
73,88,-0.13472527,-0.6299752,-10.203406,88
73,89,-0.13511363,-0.6299755,-10.20341,89
73,90,-0.13554507,-0.6299755,-10.203414,90
73,91,-0.13712603,-0.6299757,-10.203416,91
73,92,-0.13874376,-0.62997574,-10.203417,92
73,93,-0.14023782,-0.6299758,-10.203419,93
73,94,-0.14252791,-0.62997574,-10.203421,94
73,95,-0.14576545,-0.6299753,-10.203412,95
73,96,-0.14800042,-0.62997514,-10.203409,96
73,97,-0.14987014,-0.62997484,-10.203404,97
73,98,-0.15131888,-0.6299745,-10.203401,98
73,99,-0.15306728,-0.6299742,-10.203396,99
73,100,-0.15358904,-0.62997395,-10.203391,100
73,101,-0.15336035,-0.62997365,-10.203386,101
73,102,-0.1530601,-0.6299735,-10.203385,102
73,103,-0.150179,-0.6299735,-10.203381,103
73,104,-0.14745007,-0.6299733,-10.203379,104
73,105,-0.14532138,-0.6299733,-10.203382,105
73,106,-0.14253105,-0.62997335,-10.203379,106
73,107,-0.14193535,-0.6299735,-10.203383,107
73,108,-0.14268358,-0.6299736,-10.203386,108
73,109,-0.14374256,-0.62997365,-10.203386,109
73,110,-0.14679472,-0.6299737,-10.20339,110
73,111,-0.14737403,-0.62997365,-10.203388,111
73,112,-0.14593671,-0.62997365,-10.203387,112
73,113,-0.1425767,-0.62997377,-10.203386,113
73,114,-0.14147924,-0.6299739,-10.203388,114
73,115,-0.14274101,-0.62997395,-10.203393,115
73,116,-0.1458247,-0.62997395,-10.203395,116
73,117,-0.14662865,-0.62997407,-10.203393,117
73,118,-0.14484526,-0.62997395,-10.203392,118
73,119,-0.14139642,-0.6299741,-10.203392,119
73,120,-0.14012402,-0.6299742,-10.203395,120
73,121,-0.14032383,-0.62997437,-10.203398,121
73,122,-0.14142649,-0.62997437,-10.2034,122
73,123,-0.14246845,-0.6299745,-10.203401,123
73,124,-0.14321665,-0.6299745,-10.203401,124
73,125,-0.14515033,-0.62997437,-10.2034,125
73,126,-0.14659902,-0.6299744,-10.203401,126
73,127,-0.14780132,-0.62997437,-10.203397,127
73,128,-0.14961228,-0.6299742,-10.203395,128
73,129,-0.15079696,-0.62997407,-10.203392,129
73,130,-0.1505993,-0.62997395,-10.203387,130
73,131,-0.14969401,-0.62997377,-10.203383,131
73,132,-0.14871159,-0.6299737,-10.2033825,132
73,133,-0.14796366,-0.62997365,-10.203381,133
73,134,-0.1460482,-0.6299736,-10.203379,134
73,135,-0.14369279,-0.62997353,-10.203379,135
73,136,-0.14187829,-0.6299736,-10.203379,136
73,137,-0.1402995,-0.6299737,-10.203381,137
73,138,-0.13818571,-0.62997377,-10.203382,138
73,139,-0.137281,-0.6299739,-10.203383,139
73,140,-0.13711435,-0.62997407,-10.203387,140
73,141,-0.13704471,-0.6299741,-10.203387,141
73,142,-0.14011605,-0.6299742,-10.203388,142
73,143,-0.14315975,-0.6299742,-10.203391,143
73,144,-0.14546512,-0.6299742,-10.20339,144
73,145,-0.14747961,-0.6299741,-10.203388,145
73,146,-0.14913724,-0.62997395,-10.203387,146
73,147,-0.15058804,-0.6299738,-10.203386,147
73,148,-0.1513085,-0.62997365,-10.203383,148
73,149,-0.15088916,-0.62997365,-10.2033825,149
73,150,-0.14946237,-0.62997365,-10.2033825,150
73,151,-0.14780268,-0.6299736,-10.2033825,151
73,152,-0.1463992,-0.62997353,-10.203383,152
73,153,-0.14533441,-0.6299736,-10.203385,153
73,154,-0.1444841,-0.62997365,-10.203385,154
73,155,-0.14376387,-0.62997377,-10.203387,155
73,156,-0.14290331,-0.62997365,-10.203385,156
73,157,-0.14151631,-0.6299739,-10.203385,157
73,158,-0.14041987,-0.6299738,-10.203386,158
73,159,-0.13944604,-0.6299738,-10.203385,159
73,160,-0.13795483,-0.62997395,-10.203385,160
73,161,-0.13764167,-0.6299739,-10.203386,161
73,162,-0.13820262,-0.62997395,-10.203385,162
73,163,-0.13728635,-0.6299739,-10.203383,163
73,164,-0.13621955,-0.6299739,-10.2033825,164
73,165,-0.13959219,-0.6299739,-10.203383,165
73,166,-0.14356309,-0.62997377,-10.203383,166
73,167,-0.14732054,-0.6299736,-10.203381,167
73,168,-0.14919806,-0.62997335,-10.203377,168
73,169,-0.14979716,-0.6299732,-10.203372,169
73,170,-0.15003107,-0.62997293,-10.203368,170
73,171,-0.14871724,-0.6299728,-10.203363,171
73,172,-0.14721464,-0.6299726,-10.2033615,172
73,173,-0.14582144,-0.6299725,-10.20336,173
73,174,-0.14328103,-0.6299725,-10.203358,174
73,175,-0.14134389,-0.6299726,-10.203359,175
73,176,-0.14049964,-0.6299727,-10.2033615,176
73,177,-0.14001644,-0.6299727,-10.203362,177
73,178,-0.14014049,-0.6299729,-10.203366,178
73,179,-0.14075005,-0.62997293,-10.203368,179
73,180,-0.14128584,-0.629973,-10.203369,180
73,181,-0.14190973,-0.62997305,-10.203373,181
73,182,-0.14295752,-0.62997305,-10.203374,182
73,183,-0.14628966,-0.62997305,-10.203376,183
73,184,-0.148817,-0.62997305,-10.203376,184
73,185,-0.15021071,-0.62997293,-10.203376,185
73,186,-0.15115382,-0.62997293,-10.203373,186
73,187,-0.15185913,-0.62997293,-10.203373,187
73,188,-0.15269679,-0.6299728,-10.203373,188
73,189,-0.15331525,-0.6299728,-10.203371,189
73,190,-0.15452553,-0.6299726,-10.203368,190
73,191,-0.15545985,-0.62997246,-10.203366,191
73,192,-0.15595289,-0.62997234,-10.203363,192
73,193,-0.15596782,-0.62997216,-10.20336,193
73,194,-0.15596859,-0.62997216,-10.20336,194
73,195,-0.15622826,-0.629972,-10.203359,195
73,196,-0.15544789,-0.6299719,-10.203354,196
73,197,-0.15446584,-0.62997186,-10.203353,197
73,198,-0.15372998,-0.6299717,-10.203352,198
73,199,-0.15279439,-0.62997174,-10.203352,199
74,0,0.015255082,-0.070869006,-1.4431072,0
74,1,0.014051673,-0.124224775,-2.2569127,1
74,2,0.013309894,-0.17296143,-2.8718119,2
74,3,0.012961782,-0.22052893,-3.4497828,3
74,4,0.0147859035,-0.26217455,-3.936577,4
74,5,0.018389655,-0.29827377,-4.355092,5
74,6,0.022942975,-0.33185804,-4.7716155,6
74,7,0.029106084,-0.3586297,-5.0929284,7
74,8,0.035048217,-0.38077965,-5.344739,8
74,9,0.040434264,-0.3992471,-5.5490775,9
74,10,0.045362942,-0.41199026,-5.655213,10
74,11,0.048097577,-0.4254032,-5.796959,11
74,12,0.050621416,-0.4396827,-5.9968004,12
74,13,0.052853517,-0.45718324,-6.293752,13
74,14,0.055846687,-0.47345793,-6.5797563,14
74,15,0.057832647,-0.4883345,-6.830584,15
74,16,0.05849495,-0.50083387,-7.031063,16
74,17,0.057213616,-0.513957,-7.2620025,17
74,18,0.055756416,-0.5281128,-7.548096,18
74,19,0.05461923,-0.5435472,-7.889326,19
74,20,0.053819425,-0.55778223,-8.214847,20
74,21,0.051716328,-0.5708941,-8.520959,21
74,22,0.047833115,-0.5825307,-8.8021965,22
74,23,0.04236755,-0.592685,-9.059739,23
74,24,0.035328917,-0.60136116,-9.293081,24
74,25,0.026387611,-0.60835063,-9.489516,25
74,26,0.015505991,-0.61398107,-9.6567,26
74,27,0.002857254,-0.61838365,-9.795535,27
74,28,-0.011688061,-0.62170154,-9.90518,28
74,29,-0.027750976,-0.62417656,-9.990773,29
74,30,-0.044384133,-0.6259984,-10.056358,30
74,31,-0.061076295,-0.62729704,-10.104639,31
74,32,-0.07773485,-0.62819433,-10.138518,32
74,33,-0.09414792,-0.6287965,-10.16131,33
74,34,-0.10924721,-0.6291986,-10.176411,34
74,35,-0.12226794,-0.629462,-10.186122,35
74,36,-0.13350664,-0.62963164,-10.192208,36
74,37,-0.1425792,-0.62974095,-10.196002,37
74,38,-0.14867894,-0.6298125,-10.198399,38
74,39,-0.1530635,-0.6298587,-10.199914,39
74,40,-0.15598862,-0.62988913,-10.200885,40
74,41,-0.15730552,-0.6299096,-10.201527,41
74,42,-0.1596831,-0.6299229,-10.201947,42
74,43,-0.16150008,-0.6299321,-10.202228,43
74,44,-0.16215742,-0.62993866,-10.202425,44
74,45,-0.16237837,-0.62994325,-10.202566,45
74,46,-0.16233635,-0.62994665,-10.202667,46
74,47,-0.16220938,-0.6299492,-10.202744,47
74,48,-0.16170034,-0.6299511,-10.202803,48
74,49,-0.16039844,-0.62995267,-10.202854,49
74,50,-0.15833616,-0.62995416,-10.202899,50
74,51,-0.15601172,-0.62995535,-10.202941,51
74,52,-0.15392298,-0.62995654,-10.202978,52
74,53,-0.15228349,-0.62995756,-10.20301,53
74,54,-0.15101682,-0.6299584,-10.203038,54
74,55,-0.15004471,-0.6299592,-10.203062,55
74,56,-0.1490392,-0.62996006,-10.203081,56
74,57,-0.14826865,-0.6299607,-10.2031,57
74,58,-0.14772303,-0.62996113,-10.2031145,58
74,59,-0.14729525,-0.6299616,-10.203129,59
74,60,-0.14654708,-0.6299619,-10.203142,60
74,61,-0.14670911,-0.629962,-10.203155,61
74,62,-0.14754418,-0.6299622,-10.203157,62
74,63,-0.14731415,-0.6299623,-10.203162,63
74,64,-0.14689335,-0.6299623,-10.203171,64
74,65,-0.15006039,-0.629962,-10.203167,65
74,66,-0.15354022,-0.6299615,-10.203159,66
74,67,-0.15575573,-0.6299611,-10.203146,67
74,68,-0.15671033,-0.6299608,-10.20313,68
74,69,-0.1567951,-0.62996054,-10.203117,69
74,70,-0.15675022,-0.6299601,-10.203105,70
74,71,-0.15580766,-0.62996006,-10.203095,71
74,72,-0.15482198,-0.62996006,-10.203092,72
74,73,-0.15405878,-0.62995994,-10.20309,73
74,74,-0.15249433,-0.62996006,-10.203089,74
74,75,-0.15165047,-0.62996006,-10.203095,75
74,76,-0.15131073,-0.62996006,-10.203101,76
74,77,-0.15108474,-0.6299602,-10.203105,77
74,78,-0.15143105,-0.62996006,-10.203111,78
74,79,-0.15149339,-0.62996006,-10.2031145,79
74,80,-0.1514371,-0.6299602,-10.203118,80
74,81,-0.15140282,-0.62996006,-10.203119,81
74,82,-0.1515237,-0.62996024,-10.20312,82
74,83,-0.15316364,-0.62996,-10.203114,83
74,84,-0.15470381,-0.6299599,-10.203105,84
74,85,-0.15529016,-0.6299597,-10.203098,85
74,86,-0.15554932,-0.6299597,-10.20309,86
74,87,-0.1557364,-0.6299595,-10.203082,87
74,88,-0.15604436,-0.62995946,-10.203074,88
74,89,-0.15638208,-0.6299593,-10.203067,89
74,90,-0.15694779,-0.6299593,-10.203054,90
74,91,-0.15796438,-0.62995934,-10.20304,91
74,92,-0.15888931,-0.62995917,-10.203028,92
74,93,-0.15946327,-0.62995887,-10.203014,93
74,94,-0.15981428,-0.6299586,-10.203005,94
74,95,-0.16025335,-0.62995833,-10.202992,95
74,96,-0.16005194,-0.6299583,-10.202983,96
74,97,-0.15974206,-0.62995815,-10.202977,97
74,98,-0.15959202,-0.62995803,-10.202973,98
74,99,-0.15929571,-0.629958,-10.202972,99
74,100,-0.15901588,-0.6299579,-10.202971,100
74,101,-0.15822923,-0.629958,-10.202973,101
74,102,-0.15756927,-0.6299581,-10.202979,102
74,103,-0.15608588,-0.6299583,-10.202991,103
74,104,-0.15438202,-0.6299586,-10.203006,104
74,105,-0.15311344,-0.62995887,-10.203021,105
74,106,-0.15185419,-0.62995917,-10.203037,106
74,107,-0.15085079,-0.6299595,-10.203054,107
74,108,-0.15024678,-0.6299597,-10.20307,108
74,109,-0.14944316,-0.62996006,-10.203084,109
74,110,-0.14945419,-0.6299605,-10.203092,110
74,111,-0.15029171,-0.6299606,-10.203101,111
74,112,-0.15087499,-0.6299606,-10.203105,112
74,113,-0.15119743,-0.6299607,-10.20311,113
74,114,-0.15200517,-0.6299605,-10.203117,114
74,115,-0.15297225,-0.62996036,-10.203117,115
74,116,-0.1535872,-0.6299603,-10.203115,116
74,117,-0.15381417,-0.6299601,-10.2031145,117
74,118,-0.15398097,-0.62996006,-10.20311,118
74,119,-0.15408935,-0.62996006,-10.203106,119
74,120,-0.15414736,-0.62996006,-10.203101,120
74,121,-0.15429226,-0.6299601,-10.203098,121
74,122,-0.1544925,-0.62996,-10.203092,122
74,123,-0.15507235,-0.62996,-10.203084,123
74,124,-0.15586868,-0.6299599,-10.203075,124
74,125,-0.15654883,-0.62995976,-10.203065,125
74,126,-0.15742536,-0.6299596,-10.2030525,126
74,127,-0.15871955,-0.6299592,-10.203039,127
74,128,-0.15971042,-0.62995887,-10.203024,128
74,129,-0.16029587,-0.62995857,-10.2030115,129
74,130,-0.16051644,-0.6299583,-10.202999,130
74,131,-0.16043489,-0.6299581,-10.202987,131
74,132,-0.16025002,-0.62995785,-10.202981,132
74,133,-0.15990902,-0.6299577,-10.202976,133
74,134,-0.15970533,-0.62995756,-10.202972,134
74,135,-0.15892214,-0.6299574,-10.202978,135
74,136,-0.15771966,-0.6299574,-10.202986,136
74,137,-0.15680301,-0.6299574,-10.202994,137
74,138,-0.15581535,-0.6299576,-10.203004,138
74,139,-0.154824,-0.6299579,-10.2030115,139
74,140,-0.15408172,-0.6299582,-10.203021,140
74,141,-0.15352973,-0.62995857,-10.2030325,141
74,142,-0.15286249,-0.62995905,-10.203037,142
74,143,-0.15246865,-0.6299594,-10.203044,143
74,144,-0.15225743,-0.6299596,-10.203053,144
74,145,-0.15201777,-0.6299598,-10.20306,145
74,146,-0.1512349,-0.62996,-10.203072,146
74,147,-0.15061766,-0.6299599,-10.203089,147
74,148,-0.15051265,-0.62996,-10.203095,148
74,149,-0.15064459,-0.6299601,-10.203103,149
74,150,-0.1506686,-0.6299603,-10.203108,150
74,151,-0.15142988,-0.62996054,-10.203106,151
74,152,-0.15252364,-0.6299605,-10.203101,152
74,153,-0.15332258,-0.6299605,-10.203098,153
74,154,-0.15415563,-0.6299605,-10.203092,154
74,155,-0.15502171,-0.6299603,-10.203085,155
74,156,-0.15564948,-0.62996,-10.203079,156
74,157,-0.15610105,-0.62995976,-10.203073,157
74,158,-0.15640485,-0.6299595,-10.203066,158
74,159,-0.1567981,-0.6299592,-10.203066,159
74,160,-0.15664928,-0.62995887,-10.203063,160
74,161,-0.15642422,-0.6299587,-10.203061,161
74,162,-0.15613337,-0.6299586,-10.203061,162
74,163,-0.15589923,-0.62995857,-10.203056,163
74,164,-0.15573551,-0.6299586,-10.203053,164
74,165,-0.15541509,-0.62995875,-10.2030525,165
74,166,-0.15510835,-0.62995887,-10.203052,166
74,167,-0.15455627,-0.62995905,-10.203052,167
74,168,-0.15377145,-0.62995917,-10.203056,168
74,169,-0.15310483,-0.6299593,-10.203061,169
74,170,-0.15252198,-0.6299594,-10.203066,170
74,171,-0.15191084,-0.6299595,-10.203073,171
74,172,-0.15113762,-0.62995976,-10.20308,172
74,173,-0.14954543,-0.62996006,-10.203091,173
74,174,-0.148418,-0.6299603,-10.203103,174
74,175,-0.14901213,-0.6299605,-10.203109,175
74,176,-0.15015799,-0.6299604,-10.20311,176
74,177,-0.15099125,-0.6299606,-10.203111,177
74,178,-0.15254301,-0.6299605,-10.203106,178
74,179,-0.15416352,-0.62996036,-10.203099,179
74,180,-0.15542762,-0.6299601,-10.203089,180
74,181,-0.15663807,-0.62995994,-10.203076,181
74,182,-0.15784751,-0.6299597,-10.20306,182
74,183,-0.15880065,-0.62995934,-10.203044,183
74,184,-0.15921052,-0.62995917,-10.2030325,184
74,185,-0.15927254,-0.6299589,-10.20302,185
74,186,-0.15930577,-0.6299586,-10.20301,186
74,187,-0.15866354,-0.62995845,-10.203005,187
74,188,-0.15711355,-0.62995857,-10.203007,188
74,189,-0.15586746,-0.62995875,-10.20301,189
74,190,-0.15504764,-0.62995887,-10.203016,190
74,191,-0.15364538,-0.62995917,-10.203024,191
74,192,-0.15260638,-0.6299594,-10.203034,192
74,193,-0.15256651,-0.62995946,-10.203044,193
74,194,-0.15394126,-0.62995946,-10.203047,194
74,195,-0.15538836,-0.62995934,-10.203047,195
74,196,-0.15628238,-0.6299592,-10.203045,196
74,197,-0.1568227,-0.62995905,-10.203043,197
74,198,-0.15711154,-0.6299589,-10.203039,198
74,199,-0.15761049,-0.6299586,-10.203043,199
75,0,-1.7154905e-05,-0.15826352,-2.8250062,0
75,1,-0.03020584,-0.3617411,-6.0727,1
75,2,-0.066754624,-0.5286986,-8.648693,2
75,3,-0.09669189,-0.60384095,-9.800395,3
75,4,-0.11088353,-0.62448585,-10.11743,4
75,5,-0.109124444,-0.628809,-10.184977,5
75,6,-0.09800597,-0.62967896,-10.198826,6
75,7,-0.09061247,-0.62988144,-10.20205,7
75,8,-0.08774033,-0.62994057,-10.202999,8
75,9,-0.08854905,-0.6299622,-10.203345,9
75,10,-0.09458077,-0.6299719,-10.203503,10
75,11,-0.09548279,-0.62997675,-10.203583,11
75,12,-0.095156424,-0.62997943,-10.203629,12
75,13,-0.091991745,-0.6299811,-10.203658,13
75,14,-0.093982324,-0.6299821,-10.203678,14
75,15,-0.09765278,-0.629983,-10.2036915,15
75,16,-0.10329337,-0.62998354,-10.203699,16
75,17,-0.10354076,-0.62998384,-10.203704,17
75,18,-0.101076365,-0.62998414,-10.203711,18
75,19,-0.09679852,-0.62998426,-10.203716,19
75,20,-0.09728109,-0.6299845,-10.20372,20
75,21,-0.098672606,-0.6299846,-10.203722,21
75,22,-0.10025094,-0.62998474,-10.203724,22
75,23,-0.10152695,-0.6299848,-10.203727,23
75,24,-0.102458,-0.6299849,-10.203729,24
75,25,-0.10506117,-0.62998486,-10.203727,25
75,26,-0.106837034,-0.629985,-10.203727,26
75,27,-0.108547464,-0.6299849,-10.203727,27
75,28,-0.11113247,-0.62998503,-10.203727,28
75,29,-0.11265201,-0.62998503,-10.203725,29
75,30,-0.11223647,-0.629985,-10.203726,30
75,31,-0.1113003,-0.62998486,-10.203726,31
75,32,-0.11036947,-0.6299849,-10.203726,32
75,33,-0.109812476,-0.6299849,-10.203725,33
75,34,-0.107070334,-0.6299849,-10.203726,34
75,35,-0.10438681,-0.6299849,-10.203727,35
75,36,-0.10273237,-0.62998486,-10.203727,36
75,37,-0.10123011,-0.62998486,-10.203727,37
75,38,-0.0988787,-0.6299849,-10.20373,38
75,39,-0.09895917,-0.6299849,-10.203729,39
75,40,-0.0993036,-0.6299848,-10.203729,40
75,41,-0.09954103,-0.62998486,-10.203729,41
75,42,-0.10502311,-0.6299849,-10.203729,42
75,43,-0.10790575,-0.6299849,-10.203727,43
75,44,-0.110052735,-0.62998486,-10.203727,44
75,45,-0.11185208,-0.629985,-10.203727,45
75,46,-0.113099806,-0.629985,-10.203727,46
75,47,-0.11428642,-0.6299849,-10.203727,47
75,48,-0.11427119,-0.62998503,-10.203729,48
75,49,-0.112773016,-0.62998503,-10.20373,49
75,50,-0.110217705,-0.62998503,-10.20373,50
75,51,-0.1077474,-0.62998503,-10.203732,51
75,52,-0.10571142,-0.6299851,-10.203733,52
75,53,-0.104262784,-0.62998515,-10.203734,53
75,54,-0.10313242,-0.62998515,-10.203734,54
75,55,-0.10245185,-0.62998503,-10.203734,55
75,56,-0.100389294,-0.62998503,-10.203734,56
75,57,-0.099611945,-0.6299849,-10.203733,57
75,58,-0.09920882,-0.629985,-10.203734,58
75,59,-0.09888644,-0.6299849,-10.203733,59
75,60,-0.097675964,-0.6299849,-10.203732,60
75,61,-0.09875499,-0.6299848,-10.20373,61
75,62,-0.100294724,-0.62998486,-10.20373,62
75,63,-0.099198714,-0.6299846,-10.203727,63
75,64,-0.09909742,-0.6299846,-10.203726,64
75,65,-0.10609208,-0.6299848,-10.203724,65
75,66,-0.11034986,-0.62998474,-10.203722,66
75,67,-0.114028476,-0.6299848,-10.203721,67
75,68,-0.114342146,-0.62998474,-10.203721,68
75,69,-0.113897115,-0.6299847,-10.203721,69
75,70,-0.1135094,-0.62998474,-10.203722,70
75,71,-0.11054602,-0.6299846,-10.203721,71
75,72,-0.108892955,-0.6299847,-10.203721,72
75,73,-0.10730531,-0.6299846,-10.203721,73
75,74,-0.10376137,-0.62998456,-10.20372,74
75,75,-0.10290746,-0.6299847,-10.203721,75
75,76,-0.102452636,-0.6299846,-10.203721,76
75,77,-0.10203922,-0.6299846,-10.203721,77
75,78,-0.102939256,-0.6299848,-10.203722,78
75,79,-0.103141636,-0.62998474,-10.203724,79
75,80,-0.10322287,-0.6299848,-10.203725,80
75,81,-0.103580065,-0.6299848,-10.203725,81
75,82,-0.10434518,-0.6299849,-10.203726,82
75,83,-0.10850843,-0.6299849,-10.203726,83
75,84,-0.110457525,-0.62998503,-10.203726,84
75,85,-0.111363955,-0.6299849,-10.203726,85
75,86,-0.11182575,-0.62998503,-10.203726,86
75,87,-0.11218737,-0.62998503,-10.203727,87
75,88,-0.11286406,-0.62998503,-10.203727,88
75,89,-0.11335618,-0.6299851,-10.203727,89
75,90,-0.11399545,-0.62998503,-10.203727,90
75,91,-0.11491789,-0.629985,-10.203726,91
75,92,-0.11577191,-0.629985,-10.203726,92
75,93,-0.11610511,-0.629985,-10.203725,93
75,94,-0.11655836,-0.629985,-10.203725,94
75,95,-0.11703668,-0.6299849,-10.203724,95
75,96,-0.11556567,-0.62998486,-10.203725,96
75,97,-0.11471589,-0.6299849,-10.203724,97
75,98,-0.11414116,-0.62998486,-10.203722,98
75,99,-0.11320644,-0.6299848,-10.203722,99
75,100,-0.11256321,-0.6299848,-10.203722,100
75,101,-0.11067562,-0.62998486,-10.203724,101
75,102,-0.10978259,-0.62998486,-10.203724,102
75,103,-0.10580765,-0.62998474,-10.203725,103
75,104,-0.10362243,-0.62998486,-10.203725,104
75,105,-0.101752646,-0.62998474,-10.203725,105
75,106,-0.09988571,-0.62998474,-10.203725,106
75,107,-0.09884399,-0.62998474,-10.203726,107
75,108,-0.0984912,-0.6299848,-10.203725,108
75,109,-0.09732143,-0.62998474,-10.203725,109
75,110,-0.09812972,-0.6299846,-10.203725,110
75,111,-0.09970244,-0.62998474,-10.203725,111
75,112,-0.10081232,-0.6299847,-10.203724,112
75,113,-0.10142116,-0.6299846,-10.203721,113
75,114,-0.103471495,-0.62998474,-10.203722,114
75,115,-0.1056325,-0.6299848,-10.203724,115
75,116,-0.106627256,-0.62998486,-10.203724,116
75,117,-0.10713464,-0.6299848,-10.203724,117
75,118,-0.10771319,-0.6299848,-10.203724,118
75,119,-0.10809233,-0.62998486,-10.203724,119
75,120,-0.10833077,-0.62998486,-10.203726,120
75,121,-0.10865327,-0.6299849,-10.203726,121
75,122,-0.10892088,-0.62998486,-10.203726,122
75,123,-0.10994897,-0.6299849,-10.203725,123
75,124,-0.11077727,-0.62998486,-10.203725,124
75,125,-0.11170794,-0.62998486,-10.203725,125
75,126,-0.11312205,-0.6299848,-10.203725,126
75,127,-0.11518282,-0.62998486,-10.203722,127
75,128,-0.11651049,-0.6299848,-10.20372,128
75,129,-0.11686004,-0.6299848,-10.203721,129
75,130,-0.11660832,-0.6299848,-10.20372,130
75,131,-0.1156802,-0.62998474,-10.20372,131
75,132,-0.11455357,-0.62998474,-10.20372,132
75,133,-0.113808,-0.62998474,-10.203721,133
75,134,-0.11328345,-0.62998474,-10.20372,134
75,135,-0.111161165,-0.62998486,-10.203721,135
75,136,-0.10970894,-0.62998486,-10.203721,136
75,137,-0.108383246,-0.6299849,-10.203724,137
75,138,-0.107050255,-0.629985,-10.203725,138
75,139,-0.105621,-0.6299849,-10.203726,139
75,140,-0.10452792,-0.629985,-10.203727,140
75,141,-0.10385637,-0.6299849,-10.203727,141
75,142,-0.10195348,-0.6299849,-10.203727,142
75,143,-0.10120489,-0.6299848,-10.203727,143
75,144,-0.100934006,-0.62998486,-10.203727,144
75,145,-0.10039748,-0.62998474,-10.203726,145
75,146,-0.0987928,-0.62998474,-10.203725,146
75,147,-0.099409506,-0.6299848,-10.203725,147
75,148,-0.09988272,-0.62998474,-10.203726,148
75,149,-0.10004304,-0.62998474,-10.203726,149
75,150,-0.10011496,-0.62998474,-10.203726,150
75,151,-0.101664476,-0.62998474,-10.203726,151
75,152,-0.10285155,-0.62998474,-10.203725,152
75,153,-0.104071245,-0.6299846,-10.203722,153
75,154,-0.10551366,-0.6299846,-10.203721,154
75,155,-0.10678021,-0.62998456,-10.203719,155
75,156,-0.107660055,-0.62998456,-10.203717,156
75,157,-0.108211264,-0.6299845,-10.203717,157
75,158,-0.10850176,-0.62998456,-10.203716,158
75,159,-0.10910007,-0.6299846,-10.203716,159
75,160,-0.10911814,-0.6299846,-10.203717,160
75,161,-0.10885435,-0.62998474,-10.203717,161
75,162,-0.10871033,-0.62998486,-10.20372,162
75,163,-0.10858117,-0.62998486,-10.203722,163
75,164,-0.10818607,-0.62998486,-10.203722,164
75,165,-0.10750308,-0.6299848,-10.203722,165
75,166,-0.107052244,-0.62998486,-10.203725,166
75,167,-0.105624355,-0.6299849,-10.203724,167
75,168,-0.10430534,-0.6299849,-10.203724,168
75,169,-0.10349508,-0.62998486,-10.203726,169
75,170,-0.10269212,-0.62998486,-10.203726,170
75,171,-0.10192765,-0.6299849,-10.203726,171
75,172,-0.10074817,-0.62998486,-10.203726,172
75,173,-0.09796375,-0.62998474,-10.203727,173
75,174,-0.09749166,-0.62998486,-10.203726,174
75,175,-0.09953348,-0.6299849,-10.203727,175
75,176,-0.101240285,-0.6299849,-10.203727,176
75,177,-0.10245124,-0.6299849,-10.203727,177
75,178,-0.105842166,-0.6299849,-10.203726,178
75,179,-0.107981324,-0.6299849,-10.203725,179
75,180,-0.11005378,-0.62998486,-10.203724,180
75,181,-0.11199807,-0.6299849,-10.203724,181
75,182,-0.11382852,-0.62998486,-10.203721,182
75,183,-0.11465233,-0.6299849,-10.203721,183
75,184,-0.11448551,-0.62998474,-10.203721,184
75,185,-0.11405719,-0.62998486,-10.20372,185
75,186,-0.11377392,-0.62998486,-10.203721,186
75,187,-0.11140325,-0.6299848,-10.20372,187
75,188,-0.10775296,-0.62998474,-10.20372,188
75,189,-0.10568303,-0.62998474,-10.20372,189
75,190,-0.104196586,-0.62998474,-10.20372,190
75,191,-0.1010555,-0.6299846,-10.20372,191
75,192,-0.09981333,-0.62998456,-10.20372,192
75,193,-0.10028816,-0.62998456,-10.203719,193
75,194,-0.10373484,-0.62998456,-10.203717,194
75,195,-0.105613485,-0.62998456,-10.203716,195
75,196,-0.10686372,-0.62998456,-10.203716,196
75,197,-0.10758921,-0.62998456,-10.203714,197
75,198,-0.10793417,-0.6299845,-10.203715,198
75,199,-0.1089447,-0.6299846,-10.203715,199
76,0,0.035863962,-0.076335624,-1.6897559,0
76,1,0.065230094,-0.15535083,-3.1630602,1
76,2,0.09548496,-0.25377655,-4.7966547,2
76,3,0.123749524,-0.36381966,-6.472569,3
76,4,0.14459634,-0.46403408,-7.89879,4
76,5,0.15603401,-0.5389047,-8.928515,5
76,6,0.15789531,-0.5855499,-9.571653,6
76,7,0.14490683,-0.6099216,-9.913263,7
76,8,0.12096415,-0.6213433,-10.076527,8
76,9,0.08934889,-0.62630606,-10.14876,9
76,10,0.05151911,-0.628368,-10.179147,10
76,11,0.022525568,-0.6292375,-10.192073,11
76,12,-0.00018423071,-0.6296121,-10.197738,12
76,13,-0.014504179,-0.6297828,-10.200352,13
76,14,-0.030865071,-0.62986416,-10.201635,14
76,15,-0.04580675,-0.6299059,-10.202304,15
76,16,-0.06075465,-0.6299286,-10.20268,16
76,17,-0.06692989,-0.62994254,-10.202906,17
76,18,-0.06859163,-0.6299514,-10.203054,18
76,19,-0.06734186,-0.6299574,-10.203159,19
76,20,-0.07171512,-0.62996125,-10.203233,20
76,21,-0.07645381,-0.629964,-10.203284,21
76,22,-0.08084871,-0.62996596,-10.203321,22
76,23,-0.08461925,-0.6299674,-10.203352,23
76,24,-0.08753311,-0.6299685,-10.203372,24
76,25,-0.092509426,-0.6299693,-10.203388,25
76,26,-0.096117035,-0.6299698,-10.203401,26
76,27,-0.09921782,-0.62997,-10.203409,27
76,28,-0.10352811,-0.62997025,-10.203417,28
76,29,-0.10623736,-0.62997025,-10.20342,29
76,30,-0.10602439,-0.62997043,-10.2034235,30
76,31,-0.105010994,-0.62997055,-10.203427,31
76,32,-0.10396573,-0.6299706,-10.203429,32
76,33,-0.10346025,-0.6299707,-10.203432,33
76,34,-0.0999251,-0.62997085,-10.203433,34
76,35,-0.096492596,-0.62997115,-10.203438,35
76,36,-0.094638236,-0.62997127,-10.203439,36
76,37,-0.092991896,-0.62997144,-10.203442,37
76,38,-0.090172656,-0.62997174,-10.2034445,38
76,39,-0.09064991,-0.629972,-10.203447,39
76,40,-0.09143458,-0.6299722,-10.203449,40
76,41,-0.092029184,-0.6299722,-10.203449,41
76,42,-0.09971247,-0.62997216,-10.203449,42
76,43,-0.10382877,-0.62997204,-10.203451,43
76,44,-0.106973425,-0.62997186,-10.203449,44
76,45,-0.109669335,-0.62997174,-10.203448,45
76,46,-0.11154607,-0.62997156,-10.203446,46
76,47,-0.113210045,-0.6299713,-10.2034445,47
76,48,-0.11306077,-0.62997115,-10.2034445,48
76,49,-0.11076386,-0.6299711,-10.203444,49
76,50,-0.10703856,-0.62997127,-10.203446,50
76,51,-0.10355059,-0.6299713,-10.203448,51
76,52,-0.10083377,-0.62997144,-10.203451,52
76,53,-0.09901123,-0.62997156,-10.203453,53
76,54,-0.09763526,-0.62997174,-10.203454,54
76,55,-0.09678441,-0.62997186,-10.203456,55
76,56,-0.09444794,-0.62997204,-10.203457,56
76,57,-0.09354333,-0.6299723,-10.203458,57
76,58,-0.092803456,-0.6299723,-10.203457,58
76,59,-0.09212085,-0.6299724,-10.203457,59
76,60,-0.09027616,-0.6299726,-10.203454,60
76,61,-0.09148814,-0.62997246,-10.203454,61
76,62,-0.093301885,-0.6299726,-10.203451,62
76,63,-0.09156809,-0.62997246,-10.203448,63
76,64,-0.09116037,-0.62997246,-10.203446,64
76,65,-0.10065492,-0.62997216,-10.203444,65
76,66,-0.106568925,-0.62997174,-10.203439,66
76,67,-0.11182385,-0.6299713,-10.203435,67
76,68,-0.11271247,-0.6299709,-10.203429,68
76,69,-0.11249338,-0.62997067,-10.203424,69
76,70,-0.112183005,-0.62997043,-10.203421,70
76,71,-0.108117715,-0.6299703,-10.203417,71
76,72,-0.105775505,-0.6299703,-10.203417,72
76,73,-0.10339247,-0.62997025,-10.203414,73
76,74,-0.09826864,-0.62997043,-10.203414,74
76,75,-0.09695818,-0.62997043,-10.203412,75
76,76,-0.09618125,-0.62997055,-10.203414,76
76,77,-0.09571499,-0.6299706,-10.203415,77
76,78,-0.09730785,-0.6299706,-10.203415,78
76,79,-0.097868785,-0.6299706,-10.203415,79
76,80,-0.09848752,-0.62997067,-10.203416,80
76,81,-0.09941969,-0.6299707,-10.203417,81
76,82,-0.10070968,-0.6299706,-10.203417,82
76,83,-0.10638831,-0.6299704,-10.203419,83
76,84,-0.10882086,-0.62997025,-10.203416,84
76,85,-0.10963563,-0.62997013,-10.203414,85
76,86,-0.10986156,-0.62996995,-10.203412,86
76,87,-0.10992834,-0.62996984,-10.20341,87
76,88,-0.1103475,-0.6299696,-10.20341,88
76,89,-0.11050893,-0.62996954,-10.203407,89
76,90,-0.110946946,-0.6299694,-10.203406,90
76,91,-0.112130165,-0.62996924,-10.203404,91
76,92,-0.11290336,-0.6299692,-10.203402,92
76,93,-0.11278752,-0.62996894,-10.203398,93
76,94,-0.11284949,-0.62996876,-10.203395,94
76,95,-0.11318807,-0.6299685,-10.203393,95
76,96,-0.11096252,-0.6299685,-10.203392,96
76,97,-0.109809056,-0.62996846,-10.203391,97
76,98,-0.108946525,-0.62996846,-10.20339,98
76,99,-0.107567854,-0.62996846,-10.20339,99
76,100,-0.10667784,-0.6299685,-10.203391,100
76,101,-0.10405065,-0.6299687,-10.203392,101
76,102,-0.102941684,-0.6299688,-10.203393,102
76,103,-0.097765245,-0.62996906,-10.203393,103
76,104,-0.09501356,-0.6299694,-10.203398,104
76,105,-0.09284258,-0.6299697,-10.203402,105
76,106,-0.090701975,-0.6299699,-10.203405,106
76,107,-0.08966007,-0.62997025,-10.203407,107
76,108,-0.08954246,-0.62997055,-10.203411,108
76,109,-0.088284805,-0.6299707,-10.203414,109
76,110,-0.089562416,-0.6299709,-10.203416,110
76,111,-0.09166131,-0.62997097,-10.203416,111
76,112,-0.092944205,-0.629971,-10.203416,112
76,113,-0.09379915,-0.6299711,-10.203415,113
76,114,-0.09689084,-0.629971,-10.203414,114
76,115,-0.10013468,-0.6299709,-10.203417,115
76,116,-0.10193351,-0.6299707,-10.203415,116
76,117,-0.10302079,-0.6299706,-10.203416,117
76,118,-0.104057774,-0.6299706,-10.203416,118
76,119,-0.1046405,-0.62997055,-10.203416,119
76,120,-0.10491051,-0.62997043,-10.203416,120
76,121,-0.105216995,-0.62997025,-10.203415,121
76,122,-0.10538085,-0.6299702,-10.203415,122
76,123,-0.10654148,-0.6299701,-10.203414,123
76,124,-0.107434675,-0.62997,-10.20341,124
76,125,-0.108260736,-0.62996984,-10.203409,125
76,126,-0.10983346,-0.6299697,-10.203406,126
76,127,-0.112308286,-0.6299694,-10.2034025,127
76,128,-0.1136222,-0.62996906,-10.2034,128
76,129,-0.11384353,-0.6299688,-10.203396,129
76,130,-0.11337786,-0.6299686,-10.203393,130
76,131,-0.11216262,-0.6299686,-10.203391,131
76,132,-0.11059534,-0.62996846,-10.203387,132
76,133,-0.10932833,-0.6299684,-10.203386,133
76,134,-0.10853713,-0.6299683,-10.203385,134
76,135,-0.10561558,-0.6299683,-10.203385,135
76,136,-0.10368189,-0.6299685,-10.203387,136
76,137,-0.10233815,-0.6299687,-10.203391,137
76,138,-0.10097687,-0.6299689,-10.203393,138
76,139,-0.099451415,-0.62996906,-10.203397,139
76,140,-0.09843503,-0.62996924,-10.203401,140
76,141,-0.09778953,-0.6299694,-10.203402,141
76,142,-0.09545731,-0.6299697,-10.203405,142
76,143,-0.09462541,-0.62997,-10.203405,143
76,144,-0.093943946,-0.62997013,-10.203407,144
76,145,-0.09279425,-0.6299703,-10.203409,145
76,146,-0.09043966,-0.62997043,-10.203406,146
76,147,-0.09119052,-0.62997055,-10.20341,147
76,148,-0.09200059,-0.62997067,-10.203411,148
76,149,-0.09283698,-0.6299707,-10.203414,149
76,150,-0.09340595,-0.6299708,-10.203414,150
76,151,-0.09561581,-0.6299708,-10.203415,151
76,152,-0.097240806,-0.6299708,-10.203412,152
76,153,-0.098456316,-0.6299708,-10.20341,153
76,154,-0.09990614,-0.6299706,-10.203406,154
76,155,-0.101182945,-0.6299703,-10.2034025,155
76,156,-0.101967044,-0.6299703,-10.2034,156
76,157,-0.10251429,-0.6299701,-10.203396,157
76,158,-0.102856494,-0.62996984,-10.203395,158
76,159,-0.10400024,-0.6299698,-10.203392,159
76,160,-0.10420963,-0.6299695,-10.203391,160
76,161,-0.10439091,-0.6299694,-10.203392,161
76,162,-0.10467024,-0.62996936,-10.203392,162
76,163,-0.104725845,-0.62996924,-10.203393,163
76,164,-0.10441603,-0.6299692,-10.203392,164
76,165,-0.10351851,-0.62996924,-10.203393,165
76,166,-0.10282959,-0.62996936,-10.203393,166
76,167,-0.100792535,-0.6299694,-10.203395,167
76,168,-0.09893928,-0.62996954,-10.203397,168
76,169,-0.09770658,-0.62996966,-10.203397,169
76,170,-0.09654501,-0.62996984,-10.203401,170
76,171,-0.09548034,-0.6299699,-10.203402,171
76,172,-0.09391737,-0.62997013,-10.203404,172
76,173,-0.090520754,-0.6299703,-10.203407,173
76,174,-0.090108536,-0.62997055,-10.20341,174
76,175,-0.09280454,-0.62997067,-10.203412,175
76,176,-0.09500371,-0.62997067,-10.203415,176
76,177,-0.09643492,-0.6299707,-10.203414,177
76,178,-0.100623414,-0.62997055,-10.203414,178
76,179,-0.1031662,-0.62997043,-10.203411,179
76,180,-0.105531126,-0.6299702,-10.203407,180
76,181,-0.107776724,-0.6299699,-10.203404,181
76,182,-0.10992655,-0.6299697,-10.203401,182
76,183,-0.11080322,-0.6299693,-10.203396,183
76,184,-0.110309996,-0.6299691,-10.203393,184
76,185,-0.10946634,-0.6299689,-10.20339,185
76,186,-0.1088992,-0.6299688,-10.203386,186
76,187,-0.105561435,-0.6299687,-10.203385,187
76,188,-0.10063529,-0.6299689,-10.203385,188
76,189,-0.09805433,-0.629969,-10.203387,189
76,190,-0.09609467,-0.6299692,-10.203387,190
76,191,-0.091848955,-0.6299694,-10.203388,191
76,192,-0.09019173,-0.6299697,-10.203391,192
76,193,-0.090684906,-0.6299699,-10.203391,193
76,194,-0.095114365,-0.6299699,-10.203392,194
76,195,-0.09757056,-0.6299697,-10.20339,195
76,196,-0.09933972,-0.6299697,-10.203388,196
76,197,-0.100540236,-0.6299696,-10.203387,197
76,198,-0.10131246,-0.6299694,-10.203385,198
76,199,-0.10331477,-0.6299693,-10.203385,199
77,0,0.0047344784,-0.15022579,-3.1921768,0
77,1,-0.010589501,-0.33993006,-6.4960666,1
77,2,-0.02952147,-0.5028297,-8.77986,2
77,3,-0.051592194,-0.5881194,-9.769071,3
77,4,-0.078350954,-0.61805314,-10.080528,4
77,5,-0.10375459,-0.62663925,-10.16766,5
77,6,-0.119423725,-0.62896615,-10.192099,6
77,7,-0.12980592,-0.6296188,-10.199284,7
77,8,-0.13262671,-0.6298276,-10.201713,8
77,9,-0.13163984,-0.62990516,-10.202665,9
77,10,-0.12969373,-0.62993854,-10.203094,10
77,11,-0.12807421,-0.62995493,-10.203308,11
77,12,-0.12701707,-0.62996376,-10.203427,12
77,13,-0.12663919,-0.629969,-10.2035,13
77,14,-0.12645318,-0.6299724,-10.203547,14
77,15,-0.12654047,-0.6299746,-10.203576,15
77,16,-0.12669694,-0.6299762,-10.203598,16
77,17,-0.1263922,-0.6299773,-10.203613,17
77,18,-0.12611653,-0.6299782,-10.203624,18
77,19,-0.12657166,-0.6299788,-10.203632,19
77,20,-0.1270636,-0.62997913,-10.20364,20
77,21,-0.1270913,-0.6299795,-10.203644,21
77,22,-0.1269823,-0.6299797,-10.203647,22
77,23,-0.1269503,-0.62997985,-10.20365,23
77,24,-0.12629606,-0.6299801,-10.203653,24
77,25,-0.1267296,-0.62998015,-10.203658,25
77,26,-0.12709084,-0.62998027,-10.203658,26
77,27,-0.12761754,-0.6299804,-10.203659,27
77,28,-0.12867856,-0.62998044,-10.20366,28
77,29,-0.1292488,-0.6299804,-10.203661,29
77,30,-0.12972711,-0.6299804,-10.203661,30
77,31,-0.12973839,-0.6299804,-10.203663,31
77,32,-0.12938794,-0.6299805,-10.203663,32
77,33,-0.12902123,-0.62998044,-10.203661,33
77,34,-0.12853037,-0.62998056,-10.203663,34
77,35,-0.1281799,-0.62998044,-10.203664,35
77,36,-0.12581,-0.6299807,-10.203666,36
77,37,-0.12558477,-0.6299806,-10.203666,37
77,38,-0.12579226,-0.6299806,-10.20367,38
77,39,-0.12619475,-0.6299806,-10.20367,39
77,40,-0.12740764,-0.6299807,-10.2036705,40
77,41,-0.12906411,-0.6299806,-10.20367,41
77,42,-0.12968853,-0.62998056,-10.20367,42
77,43,-0.12966435,-0.62998056,-10.2036705,43
77,44,-0.12939063,-0.62998056,-10.20367,44
77,45,-0.12912665,-0.62998056,-10.2036705,45
77,46,-0.12726218,-0.6299807,-10.203672,46
77,47,-0.12556714,-0.6299808,-10.203673,47
77,48,-0.124169424,-0.62998086,-10.203673,48
77,49,-0.122529656,-0.62998104,-10.203673,49
77,50,-0.12104404,-0.62998116,-10.203674,50
77,51,-0.119763255,-0.6299813,-10.203677,51
77,52,-0.1178676,-0.62998134,-10.203678,52
77,53,-0.117335804,-0.6299814,-10.20368,53
77,54,-0.11857308,-0.62998134,-10.203682,54
77,55,-0.11975141,-0.6299813,-10.203684,55
77,56,-0.120712206,-0.6299813,-10.203685,56
77,57,-0.12090971,-0.6299813,-10.203687,57
77,58,-0.12040531,-0.6299814,-10.203689,58
77,59,-0.11983143,-0.6299814,-10.203689,59
77,60,-0.11890075,-0.62998164,-10.2036915,60
77,61,-0.118069395,-0.6299816,-10.203692,61
77,62,-0.11717679,-0.62998176,-10.2036915,62
77,63,-0.11761834,-0.6299818,-10.2036915,63
77,64,-0.11766432,-0.62998194,-10.203692,64
77,65,-0.1163254,-0.629982,-10.2036915,65
77,66,-0.11812712,-0.629982,-10.203689,66
77,67,-0.11946304,-0.62998194,-10.203689,67
77,68,-0.12030139,-0.629982,-10.203687,68
77,69,-0.12116044,-0.62998194,-10.203685,69
77,70,-0.12193738,-0.6299818,-10.203683,70
77,71,-0.12249812,-0.6299819,-10.203682,71
77,72,-0.122976646,-0.6299817,-10.20368,72
77,73,-0.123852916,-0.6299816,-10.203679,73
77,74,-0.124484055,-0.6299816,-10.203678,74
77,75,-0.12531859,-0.6299815,-10.203677,75
77,76,-0.12718248,-0.6299814,-10.203675,76
77,77,-0.12815168,-0.6299814,-10.203672,77
77,78,-0.12853059,-0.6299812,-10.2036705,78
77,79,-0.12791632,-0.6299812,-10.2036705,79
77,80,-0.12617561,-0.6299812,-10.203669,80
77,81,-0.12485897,-0.62998116,-10.203669,81
77,82,-0.12400133,-0.6299812,-10.20367,82
77,83,-0.12131297,-0.62998116,-10.2036705,83
77,84,-0.11993269,-0.62998116,-10.203673,84
77,85,-0.11888516,-0.6299813,-10.203675,85
77,86,-0.11828213,-0.6299813,-10.203678,86
77,87,-0.117289305,-0.6299813,-10.20368,87
77,88,-0.11777141,-0.6299814,-10.203682,88
77,89,-0.11862504,-0.6299814,-10.203683,89
77,90,-0.119371355,-0.6299814,-10.203684,90
77,91,-0.121329136,-0.6299814,-10.203684,91
77,92,-0.12278173,-0.6299813,-10.203684,92
77,93,-0.12418026,-0.6299813,-10.203685,93
77,94,-0.12626505,-0.62998116,-10.203683,94
77,95,-0.12756492,-0.6299811,-10.203684,95
77,96,-0.1296859,-0.62998104,-10.20368,96
77,97,-0.13101701,-0.629981,-10.203678,97
77,98,-0.13203925,-0.62998086,-10.203674,98
77,99,-0.13333856,-0.62998074,-10.203672,99
77,100,-0.13330774,-0.6299807,-10.20367,100
77,101,-0.13292976,-0.6299806,-10.203668,101
77,102,-0.13256897,-0.6299805,-10.203666,102
77,103,-0.12977666,-0.62998044,-10.203666,103
77,104,-0.12795964,-0.62998044,-10.203668,104
77,105,-0.12651134,-0.62998044,-10.203669,105
77,106,-0.12445337,-0.62998044,-10.20367,106
77,107,-0.12492212,-0.6299805,-10.2036705,107
77,108,-0.12591103,-0.6299805,-10.2036705,108
77,109,-0.12703823,-0.6299805,-10.2036705,109
77,110,-0.12991516,-0.6299805,-10.203669,110
77,111,-0.12977545,-0.62998044,-10.20367,111
77,112,-0.12858689,-0.6299804,-10.203669,112
77,113,-0.12577237,-0.62998056,-10.2036705,113
77,114,-0.12567203,-0.62998056,-10.203673,114
77,115,-0.12692168,-0.6299805,-10.203672,115
77,116,-0.12948059,-0.62998044,-10.2036705,116
77,117,-0.12944482,-0.6299804,-10.203669,117
77,118,-0.12774852,-0.6299805,-10.20367,118
77,119,-0.12490022,-0.6299805,-10.2036705,119
77,120,-0.12455081,-0.62998056,-10.203673,120
77,121,-0.12503082,-0.62998056,-10.203673,121
77,122,-0.12597059,-0.62998056,-10.203674,122
77,123,-0.12670507,-0.6299807,-10.203674,123
77,124,-0.12718394,-0.62998056,-10.203673,124
77,125,-0.1285803,-0.6299806,-10.203673,125
77,126,-0.12927684,-0.6299807,-10.2036705,126
77,127,-0.12988044,-0.6299807,-10.203669,127
77,128,-0.13103789,-0.6299806,-10.203668,128
77,129,-0.13144211,-0.62998056,-10.203665,129
77,130,-0.13062479,-0.62998056,-10.203661,130
77,131,-0.12940954,-0.62998056,-10.203661,131
77,132,-0.12827298,-0.6299806,-10.20366,132
77,133,-0.12746961,-0.6299807,-10.203661,133
77,134,-0.1254316,-0.6299807,-10.203663,134
77,135,-0.12345039,-0.6299808,-10.203664,135
77,136,-0.122147925,-0.62998074,-10.203666,136
77,137,-0.12100107,-0.62998086,-10.203668,137
77,138,-0.119313,-0.6299809,-10.20367,138
77,139,-0.1191495,-0.629981,-10.203673,139
77,140,-0.119348004,-0.6299811,-10.203673,140
77,141,-0.11955022,-0.6299811,-10.203675,141
77,142,-0.12311565,-0.6299811,-10.203674,142
77,143,-0.12551191,-0.6299811,-10.203672,143
77,144,-0.12735769,-0.62998104,-10.203672,144
77,145,-0.12889104,-0.62998086,-10.203669,145
77,146,-0.13000727,-0.62998086,-10.203668,146
77,147,-0.1309564,-0.62998074,-10.203665,147
77,148,-0.1311803,-0.62998056,-10.203663,148
77,149,-0.13053972,-0.6299806,-10.203663,149
77,150,-0.12928775,-0.62998056,-10.203661,150
77,151,-0.12813471,-0.6299804,-10.203665,151
77,152,-0.1272923,-0.6299803,-10.203666,152
77,153,-0.12674543,-0.6299804,-10.203668,153
77,154,-0.12631495,-0.62998044,-10.203669,154
77,155,-0.12601303,-0.62998044,-10.20367,155
77,156,-0.12498337,-0.62998056,-10.2036705,156
77,157,-0.12391261,-0.62998074,-10.203672,157
77,158,-0.12296787,-0.6299808,-10.203673,158
77,159,-0.12200488,-0.6299809,-10.203675,159
77,160,-0.12043589,-0.6299811,-10.203677,160
77,161,-0.120320596,-0.6299811,-10.203675,161
77,162,-0.12065712,-0.6299812,-10.203675,162
77,163,-0.11919411,-0.6299813,-10.203677,163
77,164,-0.11815005,-0.6299814,-10.203677,164
77,165,-0.12220518,-0.6299814,-10.203675,165
77,166,-0.12549102,-0.62998116,-10.203672,166
77,167,-0.12870654,-0.6299811,-10.203669,167
77,168,-0.129773,-0.629981,-10.203666,168
77,169,-0.12997052,-0.62998086,-10.203665,169
77,170,-0.12994312,-0.6299808,-10.203663,170
77,171,-0.12821804,-0.62998074,-10.203663,171
77,172,-0.12683882,-0.62998074,-10.203661,172
77,173,-0.12546305,-0.6299808,-10.203663,173
77,174,-0.122733176,-0.6299808,-10.203664,174
77,175,-0.12149217,-0.6299809,-10.203664,175
77,176,-0.12111599,-0.6299809,-10.203665,176
77,177,-0.12101778,-0.62998086,-10.203668,177
77,178,-0.121951446,-0.62998086,-10.203668,178
77,179,-0.123006545,-0.62998086,-10.203668,179
77,180,-0.12397872,-0.62998074,-10.203669,180
77,181,-0.12508027,-0.62998074,-10.203669,181
77,182,-0.12643139,-0.62998056,-10.20367,182
77,183,-0.12953399,-0.6299805,-10.203668,183
77,184,-0.13130571,-0.6299804,-10.203665,184
77,185,-0.13231242,-0.6299804,-10.203663,185
77,186,-0.13296269,-0.62998027,-10.203661,186
77,187,-0.13341887,-0.6299801,-10.20366,187
77,188,-0.13394985,-0.62998,-10.203656,188
77,189,-0.13426931,-0.62997997,-10.203658,189
77,190,-0.13480768,-0.6299799,-10.203655,190
77,191,-0.13502464,-0.62997985,-10.203654,191
77,192,-0.13494177,-0.62997985,-10.20365,192
77,193,-0.13452429,-0.62997985,-10.203649,193
77,194,-0.13424982,-0.6299798,-10.203647,194
77,195,-0.13418205,-0.6299797,-10.203646,195
77,196,-0.13310528,-0.6299797,-10.203645,196
77,197,-0.13213396,-0.6299798,-10.203645,197
77,198,-0.13138963,-0.62997985,-10.203645,198
77,199,-0.1304852,-0.62997985,-10.203645,199
78,0,-0.0013122282,-0.15508899,-3.2095256,0
78,1,-0.027123058,-0.3517424,-6.596496,1
78,2,-0.055008516,-0.5191425,-8.943246,2
78,3,-0.07708466,-0.5997795,-9.884686,3
78,4,-0.09369265,-0.62334037,-10.134133,4
78,5,-0.100216046,-0.62853366,-10.188116,5
78,6,-0.09409002,-0.6296089,-10.199598,6
78,7,-0.09404564,-0.6298562,-10.202312,7
78,8,-0.09347232,-0.62992847,-10.203118,8
78,9,-0.09484583,-0.6299548,-10.203416,9
78,10,-0.098144695,-0.6299663,-10.203546,10
78,11,-0.10227931,-0.6299721,-10.203609,11
78,12,-0.10634207,-0.6299754,-10.203649,12
78,13,-0.110172786,-0.6299773,-10.20367,13
78,14,-0.113489725,-0.62997854,-10.203684,14
78,15,-0.116345935,-0.6299793,-10.203692,15
78,16,-0.11882275,-0.62997985,-10.203698,16
78,17,-0.1199639,-0.6299804,-10.203701,17
78,18,-0.121092625,-0.62998056,-10.203704,18
78,19,-0.12379146,-0.62998074,-10.203708,19
78,20,-0.12558377,-0.62998086,-10.20371,20
78,21,-0.12589894,-0.629981,-10.2037115,21
78,22,-0.12569042,-0.6299811,-10.203715,22
78,23,-0.12551619,-0.62998116,-10.203714,23
78,24,-0.12404854,-0.6299814,-10.203716,24
78,25,-0.12465924,-0.62998134,-10.203719,25
78,26,-0.1249583,-0.62998134,-10.203719,26
78,27,-0.125658,-0.6299814,-10.203721,27
78,28,-0.12753882,-0.6299814,-10.20372,28
78,29,-0.1282489,-0.62998134,-10.20372,29
78,30,-0.12889676,-0.62998134,-10.20372,30
78,31,-0.12857474,-0.62998134,-10.203721,31
78,32,-0.1275591,-0.6299814,-10.203722,32
78,33,-0.12674606,-0.6299814,-10.203722,33
78,34,-0.12570979,-0.62998146,-10.203724,34
78,35,-0.12506144,-0.62998146,-10.203724,35
78,36,-0.12005457,-0.6299816,-10.203726,36
78,37,-0.120363705,-0.6299817,-10.203727,37
78,38,-0.12017052,-0.62998164,-10.20373,38
78,39,-0.12035939,-0.62998176,-10.20373,39
78,40,-0.12226099,-0.6299817,-10.203731,40
78,41,-0.12448146,-0.6299816,-10.203731,41
78,42,-0.124835126,-0.6299816,-10.203731,42
78,43,-0.12441811,-0.6299816,-10.203731,43
78,44,-0.12398471,-0.6299817,-10.20373,44
78,45,-0.12377848,-0.6299816,-10.20373,45
78,46,-0.1200526,-0.62998164,-10.203731,46
78,47,-0.11856493,-0.6299818,-10.20373,47
78,48,-0.11759324,-0.62998194,-10.20373,48
78,49,-0.11608525,-0.6299819,-10.20373,49
78,50,-0.11527242,-0.629982,-10.203729,50
78,51,-0.11471957,-0.62998205,-10.203729,51
78,52,-0.112377405,-0.62998223,-10.203732,52
78,53,-0.11075315,-0.6299823,-10.203735,53
78,54,-0.11204605,-0.6299823,-10.203736,54
78,55,-0.11245265,-0.62998235,-10.203739,55
78,56,-0.11265787,-0.6299824,-10.203739,56
78,57,-0.11186237,-0.62998235,-10.20374,57
78,58,-0.110792376,-0.6299825,-10.20374,58
78,59,-0.11049573,-0.6299825,-10.20374,59
78,60,-0.10961882,-0.6299826,-10.203739,60
78,61,-0.109334916,-0.62998253,-10.203738,61
78,62,-0.10897936,-0.6299826,-10.203739,62
78,63,-0.11148416,-0.62998265,-10.203738,63
78,64,-0.11318782,-0.6299825,-10.203735,64
78,65,-0.11188967,-0.62998265,-10.203735,65
78,66,-0.116938435,-0.6299826,-10.203733,66
78,67,-0.12018575,-0.6299824,-10.20373,67
78,68,-0.122202344,-0.62998235,-10.203729,68
78,69,-0.1241304,-0.62998223,-10.203727,69
78,70,-0.12525694,-0.6299821,-10.203726,70
78,71,-0.12573412,-0.62998205,-10.203726,71
78,72,-0.12606473,-0.629982,-10.203725,72
78,73,-0.1271047,-0.62998194,-10.203725,73
78,74,-0.12761053,-0.6299819,-10.203722,74
78,75,-0.12861764,-0.62998176,-10.203722,75
78,76,-0.13173985,-0.6299816,-10.203722,76
78,77,-0.13276248,-0.6299815,-10.20372,77
78,78,-0.1326628,-0.62998146,-10.203719,78
78,79,-0.13119629,-0.62998146,-10.203719,79
78,80,-0.12818897,-0.6299815,-10.203719,80
78,81,-0.12584874,-0.6299816,-10.20372,81
78,82,-0.12433865,-0.62998164,-10.203721,82
78,83,-0.11900962,-0.6299819,-10.203724,83
78,84,-0.11594934,-0.629982,-10.203726,84
78,85,-0.11357635,-0.629982,-10.20373,85
78,86,-0.112098865,-0.62998205,-10.203731,86
78,87,-0.10983618,-0.6299822,-10.203733,87
78,88,-0.110690385,-0.6299823,-10.203735,88
78,89,-0.111873694,-0.62998223,-10.203735,89
78,90,-0.112671494,-0.6299823,-10.203735,90
78,91,-0.11604839,-0.6299822,-10.203736,91
78,92,-0.11779021,-0.62998223,-10.203735,92
78,93,-0.11954008,-0.6299821,-10.203734,93
78,94,-0.12282398,-0.6299821,-10.203734,94
78,95,-0.12404794,-0.629982,-10.203734,95
78,96,-0.12857158,-0.6299819,-10.203732,96
78,97,-0.13113737,-0.6299817,-10.203731,97
78,98,-0.13311753,-0.62998146,-10.203729,98
78,99,-0.13569891,-0.6299814,-10.203727,99
78,100,-0.13508607,-0.62998116,-10.203726,100
78,101,-0.13396613,-0.6299812,-10.203725,101
78,102,-0.13304204,-0.6299811,-10.203726,102
78,103,-0.12672774,-0.6299812,-10.203727,103
78,104,-0.12321468,-0.6299813,-10.203729,104
78,105,-0.12053879,-0.6299814,-10.203732,105
78,106,-0.11646087,-0.62998146,-10.203733,106
78,107,-0.1181846,-0.6299815,-10.203733,107
78,108,-0.12019679,-0.6299814,-10.203732,108
78,109,-0.122275606,-0.6299814,-10.203733,109
78,110,-0.12822783,-0.6299813,-10.20373,110
78,111,-0.12668477,-0.6299813,-10.20373,111
78,112,-0.123666964,-0.6299814,-10.203732,112
78,113,-0.117554195,-0.62998164,-10.203733,113
78,114,-0.118380636,-0.62998146,-10.203733,114
78,115,-0.12148289,-0.62998146,-10.203733,115
78,116,-0.12692158,-0.6299814,-10.20373,116
78,117,-0.12587193,-0.62998134,-10.20373,117
78,118,-0.12178354,-0.62998146,-10.20373,118
78,119,-0.1158281,-0.6299817,-10.203733,119
78,120,-0.11615244,-0.6299817,-10.203733,120
78,121,-0.11741614,-0.62998164,-10.203733,121
78,122,-0.11905619,-0.6299816,-10.203733,122
78,123,-0.12049067,-0.6299817,-10.203732,123
78,124,-0.12143835,-0.6299816,-10.203732,124
78,125,-0.12470616,-0.6299816,-10.20373,125
78,126,-0.12681875,-0.62998146,-10.203729,126
78,127,-0.12861398,-0.62998134,-10.203727,127
78,128,-0.13158962,-0.6299812,-10.203722,128
78,129,-0.13316067,-0.6299811,-10.20372,129
78,130,-0.13217011,-0.62998116,-10.203719,130
78,131,-0.13058521,-0.62998116,-10.203717,131
78,132,-0.12905662,-0.6299811,-10.203717,132
78,133,-0.12808366,-0.6299811,-10.203717,133
78,134,-0.12439325,-0.6299813,-10.20372,134
78,135,-0.12085916,-0.6299814,-10.203721,135
78,136,-0.118870124,-0.62998146,-10.203725,136
78,137,-0.11713023,-0.6299816,-10.203726,137
78,138,-0.1142792,-0.62998164,-10.203727,138
78,139,-0.11474976,-0.62998176,-10.203727,139
78,140,-0.115545146,-0.6299818,-10.203729,140
78,141,-0.11615068,-0.6299818,-10.20373,141
78,142,-0.12358636,-0.6299817,-10.203729,142
78,143,-0.12732196,-0.62998146,-10.203725,143
78,144,-0.12996167,-0.62998146,-10.203722,144
78,145,-0.13206811,-0.6299814,-10.203722,145
78,146,-0.13336442,-0.6299813,-10.20372,146
78,147,-0.13443711,-0.62998116,-10.203719,147
78,148,-0.13384709,-0.6299811,-10.203719,148
78,149,-0.13134114,-0.62998116,-10.20372,149
78,150,-0.12759347,-0.62998116,-10.203722,150
78,151,-0.124166325,-0.6299813,-10.203726,151
78,152,-0.121600166,-0.6299814,-10.203727,152
78,153,-0.12001363,-0.62998134,-10.20373,153
78,154,-0.11897863,-0.6299814,-10.20373,154
78,155,-0.11849718,-0.62998146,-10.203732,155
78,156,-0.11686118,-0.6299816,-10.203731,156
78,157,-0.11654191,-0.6299817,-10.20373,157
78,158,-0.11642599,-0.6299817,-10.20373,158
78,159,-0.116326205,-0.62998176,-10.203731,159
78,160,-0.11504128,-0.6299818,-10.203731,160
78,161,-0.11679609,-0.6299818,-10.20373,161
78,162,-0.11904102,-0.62998176,-10.203729,162
78,163,-0.1176819,-0.6299818,-10.203727,163
78,164,-0.11757774,-0.6299818,-10.203726,164
78,165,-0.12704737,-0.6299816,-10.203722,165
78,166,-0.13251902,-0.62998134,-10.203721,166
78,167,-0.13686119,-0.6299812,-10.203719,167
78,168,-0.13704425,-0.6299811,-10.203716,168
78,169,-0.13627745,-0.62998104,-10.203715,169
78,170,-0.13552973,-0.629981,-10.203714,170
78,171,-0.13157095,-0.629981,-10.203715,171
78,172,-0.12937516,-0.629981,-10.203715,172
78,173,-0.12726767,-0.629981,-10.203715,173
78,174,-0.122730784,-0.6299811,-10.203716,174
78,175,-0.12177307,-0.62998116,-10.203717,175
78,176,-0.12126764,-0.62998116,-10.203719,176
78,177,-0.12097246,-0.6299813,-10.203721,177
78,178,-0.12230343,-0.6299813,-10.20372,178
78,179,-0.12267097,-0.6299813,-10.203721,179
78,180,-0.12300936,-0.6299814,-10.203722,180
78,181,-0.12356872,-0.6299813,-10.203725,181
78,182,-0.12455891,-0.6299813,-10.203724,182
78,183,-0.1297532,-0.62998116,-10.203722,183
78,184,-0.13174228,-0.62998104,-10.203721,184
78,185,-0.13219808,-0.629981,-10.203721,185
78,186,-0.13218376,-0.629981,-10.20372,186
78,187,-0.1320611,-0.62998086,-10.20372,187
78,188,-0.13237065,-0.6299808,-10.20372,188
78,189,-0.13238616,-0.62998074,-10.20372,189
78,190,-0.13321954,-0.6299807,-10.203719,190
78,191,-0.1345854,-0.62998056,-10.203714,191
78,192,-0.1355413,-0.6299805,-10.203712,192
78,193,-0.13562779,-0.62998044,-10.203712,193
78,194,-0.1357673,-0.6299804,-10.2037115,194
78,195,-0.13607827,-0.6299804,-10.20371,195
78,196,-0.13413481,-0.6299804,-10.20371,196
78,197,-0.13315867,-0.6299804,-10.20371,197
78,198,-0.13248254,-0.62998044,-10.20371,198
78,199,-0.13133396,-0.62998044,-10.203711,199
79,0,0.0063011874,-0.12895076,-2.561789,0
79,1,-0.014707559,-0.28854182,-5.2030177,1
79,2,-0.04393915,-0.44753912,-7.567648,2
79,3,-0.07400719,-0.5561478,-9.1170435,3
79,4,-0.099966526,-0.6062261,-9.831747,4
79,5,-0.1178826,-0.62332785,-10.090139,5
79,6,-0.12532187,-0.62816775,-10.170177,6
79,7,-0.12871057,-0.62943244,-10.19291,7
79,8,-0.12899132,-0.6297827,-10.199668,8
79,9,-0.12803373,-0.629894,-10.20191,9
79,10,-0.13055994,-0.62993556,-10.20276,10
79,11,-0.12811854,-0.6299542,-10.203142,11
79,12,-0.12438529,-0.6299637,-10.203337,12
79,13,-0.118531205,-0.6299691,-10.203448,13
79,14,-0.11878276,-0.6299724,-10.203513,14
79,15,-0.12200524,-0.6299743,-10.203552,15
79,16,-0.12772094,-0.6299755,-10.203576,16
79,17,-0.12788571,-0.6299764,-10.203594,17
79,18,-0.12456584,-0.6299771,-10.203607,18
79,19,-0.11924791,-0.6299777,-10.203618,19
79,20,-0.11926167,-0.6299781,-10.203627,20
79,21,-0.12028547,-0.6299784,-10.203631,21
79,22,-0.12241832,-0.62997866,-10.203637,22
79,23,-0.124152996,-0.6299788,-10.20364,23
79,24,-0.12531272,-0.6299789,-10.203642,24
79,25,-0.12929665,-0.62997884,-10.203642,25
79,26,-0.1317861,-0.6299788,-10.20364,26
79,27,-0.1339802,-0.62997884,-10.20364,27
79,28,-0.13756737,-0.6299788,-10.203639,28
79,29,-0.13956712,-0.62997866,-10.203632,29
79,30,-0.13903323,-0.6299786,-10.203631,30
79,31,-0.13753203,-0.6299786,-10.20363,31
79,32,-0.13609183,-0.62997866,-10.20363,32
79,33,-0.1352175,-0.62997866,-10.203628,33
79,34,-0.13166101,-0.6299787,-10.20363,34
79,35,-0.12821256,-0.62997895,-10.20363,35
79,36,-0.1261551,-0.629979,-10.203632,36
79,37,-0.12445839,-0.62997913,-10.203635,37
79,38,-0.121765085,-0.62997925,-10.203637,38
79,39,-0.12178247,-0.6299794,-10.203636,39
79,40,-0.1224531,-0.6299794,-10.20364,40
79,41,-0.12300617,-0.62997943,-10.203639,41
79,42,-0.12926689,-0.6299794,-10.20364,42
79,43,-0.13329905,-0.6299792,-10.203639,43
79,44,-0.13592264,-0.6299791,-10.203637,44
79,45,-0.13793872,-0.62997895,-10.203636,45
79,46,-0.13916348,-0.62997884,-10.203635,46
79,47,-0.1399574,-0.62997866,-10.203635,47
79,48,-0.1391438,-0.6299787,-10.203635,48
79,49,-0.13647257,-0.6299786,-10.203633,49
79,50,-0.1324812,-0.6299786,-10.203636,50
79,51,-0.12878193,-0.62997884,-10.203639,51
79,52,-0.12607798,-0.62997895,-10.20364,52
79,53,-0.124386325,-0.62997895,-10.203642,53
79,54,-0.123331964,-0.62997913,-10.203644,54
79,55,-0.12274513,-0.6299791,-10.203644,55
79,56,-0.12196253,-0.6299793,-10.203646,56
79,57,-0.12151415,-0.62997925,-10.203644,57
79,58,-0.12160318,-0.6299794,-10.203642,58
79,59,-0.12185045,-0.62997943,-10.203642,59
79,60,-0.12084669,-0.62997943,-10.203642,60
79,61,-0.122344606,-0.62997943,-10.203641,61
79,62,-0.1250099,-0.62997943,-10.203636,62
79,63,-0.12448478,-0.62997955,-10.203635,63
79,64,-0.1246098,-0.6299795,-10.203635,64
79,65,-0.1325088,-0.62997925,-10.203631,65
79,66,-0.13764477,-0.62997913,-10.20363,66
79,67,-0.14211372,-0.6299789,-10.203629,67
79,68,-0.1427734,-0.62997854,-10.203626,68
79,69,-0.14208935,-0.62997854,-10.203623,69
79,70,-0.14135078,-0.6299783,-10.203623,70
79,71,-0.13807285,-0.62997836,-10.203621,71
79,72,-0.13582823,-0.6299784,-10.203621,72
79,73,-0.13396469,-0.6299784,-10.203622,73
79,74,-0.13019128,-0.62997854,-10.203619,74
79,75,-0.12830542,-0.6299788,-10.203621,75
79,76,-0.1276198,-0.6299788,-10.203622,76
79,77,-0.12718216,-0.6299788,-10.203622,77
79,78,-0.12720563,-0.62997884,-10.203626,78
79,79,-0.1272882,-0.62997884,-10.203629,79
79,80,-0.12704806,-0.62997884,-10.203628,80
79,81,-0.12685327,-0.62997884,-10.203631,81
79,82,-0.12734264,-0.62997884,-10.203633,82
79,83,-0.13199481,-0.6299787,-10.203633,83
79,84,-0.1341246,-0.62997866,-10.203631,84
79,85,-0.13461113,-0.6299785,-10.20363,85
79,86,-0.13460737,-0.6299785,-10.20363,86
79,87,-0.13443917,-0.62997836,-10.20363,87
79,88,-0.13484636,-0.6299783,-10.203631,88
79,89,-0.13478853,-0.6299783,-10.203631,89
79,90,-0.13665931,-0.6299781,-10.203628,90
79,91,-0.13844264,-0.62997806,-10.203624,91
79,92,-0.13958262,-0.629978,-10.203622,92
79,93,-0.1397109,-0.62997794,-10.203619,93
79,94,-0.13991651,-0.6299778,-10.203617,94
79,95,-0.1403232,-0.6299779,-10.203616,95
79,96,-0.13910337,-0.6299778,-10.203616,96
79,97,-0.13810986,-0.6299778,-10.203613,97
79,98,-0.13755892,-0.6299777,-10.203612,98
79,99,-0.13667293,-0.6299778,-10.203613,99
79,100,-0.1360969,-0.62997794,-10.203612,100
79,101,-0.1342684,-0.629978,-10.203612,101
79,102,-0.13334028,-0.6299782,-10.203614,102
79,103,-0.1289614,-0.62997824,-10.203614,103
79,104,-0.12648599,-0.62997854,-10.203617,104
79,105,-0.12465835,-0.62997866,-10.203619,105
79,106,-0.12285381,-0.6299788,-10.203623,106
79,107,-0.12197909,-0.6299789,-10.203626,107
79,108,-0.1216894,-0.629979,-10.203627,108
79,109,-0.12136011,-0.6299791,-10.203629,109
79,110,-0.123435214,-0.62997913,-10.203628,110
79,111,-0.12534891,-0.6299791,-10.203628,111
79,112,-0.12698796,-0.62997913,-10.203627,112
79,113,-0.12800802,-0.6299791,-10.203627,113
79,114,-0.12919293,-0.6299791,-10.203628,114
79,115,-0.1314007,-0.62997895,-10.20363,115
79,116,-0.1323598,-0.6299787,-10.203631,116
79,117,-0.13262017,-0.6299788,-10.20363,117
79,118,-0.13279766,-0.62997866,-10.203631,118
79,119,-0.13279787,-0.6299786,-10.20363,119
79,120,-0.13271934,-0.62997866,-10.20363,120
79,121,-0.13295019,-0.6299785,-10.203631,121
79,122,-0.13303573,-0.6299785,-10.20363,122
79,123,-0.13490865,-0.6299784,-10.203629,123
79,124,-0.1360186,-0.6299785,-10.203627,124
79,125,-0.1372571,-0.6299784,-10.203624,125
79,126,-0.13950469,-0.6299783,-10.203623,126
79,127,-0.14136463,-0.62997806,-10.203618,127
79,128,-0.14269388,-0.62997806,-10.203616,128
79,129,-0.14273456,-0.6299779,-10.203614,129
79,130,-0.14216906,-0.6299779,-10.203612,130
79,131,-0.14188284,-0.6299778,-10.203609,131
79,132,-0.14005494,-0.6299778,-10.2036085,132
79,133,-0.13891989,-0.6299779,-10.2036085,133
79,134,-0.1382391,-0.6299779,-10.2036085,134
79,135,-0.13418539,-0.629978,-10.203612,135
79,136,-0.13187382,-0.62997806,-10.203614,136
79,137,-0.12993176,-0.62997824,-10.203617,137
79,138,-0.12780848,-0.62997824,-10.203621,138
79,139,-0.12649882,-0.62997836,-10.203624,139
79,140,-0.12556376,-0.6299784,-10.203626,140
79,141,-0.1250607,-0.62997854,-10.203628,141
79,142,-0.124803565,-0.6299786,-10.203627,142
79,143,-0.124593355,-0.6299787,-10.203626,143
79,144,-0.1249811,-0.6299788,-10.203627,144
79,145,-0.12555768,-0.62997884,-10.203624,145
79,146,-0.12300629,-0.62997884,-10.203626,146
79,147,-0.12215107,-0.629979,-10.203629,147
79,148,-0.12321903,-0.62997895,-10.20363,148
79,149,-0.123791434,-0.6299789,-10.203631,149
79,150,-0.12414999,-0.6299789,-10.203632,150
79,151,-0.12747258,-0.6299789,-10.203629,151
79,152,-0.12959556,-0.6299787,-10.203628,152
79,153,-0.1315799,-0.62997884,-10.203624,153
79,154,-0.13394658,-0.6299787,-10.203623,154
79,155,-0.1355606,-0.62997866,-10.203621,155
79,156,-0.1366419,-0.62997854,-10.203618,156
79,157,-0.1372247,-0.62997854,-10.203617,157
79,158,-0.13753398,-0.62997836,-10.203618,158
79,159,-0.13633263,-0.6299785,-10.203618,159
79,160,-0.13556089,-0.6299783,-10.203618,160
79,161,-0.134417,-0.6299784,-10.203622,161
79,162,-0.13308571,-0.6299783,-10.203623,162
79,163,-0.1326695,-0.62997824,-10.203624,163
79,164,-0.13190256,-0.6299783,-10.203623,164
79,165,-0.13093826,-0.62997836,-10.203626,165
79,166,-0.13018763,-0.62997824,-10.203624,166
79,167,-0.12875889,-0.6299784,-10.203626,167
79,168,-0.1269731,-0.62997836,-10.203628,168
79,169,-0.12593003,-0.6299784,-10.203627,169
79,170,-0.12491402,-0.62997854,-10.203629,170
79,171,-0.12395265,-0.62997866,-10.203628,171
79,172,-0.122832626,-0.62997866,-10.20363,172
79,173,-0.11952298,-0.62997884,-10.203633,173
79,174,-0.1186064,-0.62997895,-10.203632,174
79,175,-0.12133336,-0.62997884,-10.203636,175
79,176,-0.123797275,-0.6299788,-10.203635,176
79,177,-0.1254719,-0.6299787,-10.203635,177
79,178,-0.12975681,-0.6299788,-10.203631,178
79,179,-0.13255632,-0.62997866,-10.203631,179
79,180,-0.13500245,-0.62997854,-10.203629,180
79,181,-0.13721009,-0.62997836,-10.203627,181
79,182,-0.1396014,-0.62997824,-10.203623,182
79,183,-0.14073166,-0.62997806,-10.203621,183
79,184,-0.14033267,-0.6299781,-10.203618,184
79,185,-0.1395356,-0.62997794,-10.203614,185
79,186,-0.1389523,-0.62997794,-10.203613,186
79,187,-0.13600294,-0.62997794,-10.203616,187
79,188,-0.13231425,-0.6299781,-10.203614,188
79,189,-0.1300753,-0.6299781,-10.203616,189
79,190,-0.12880711,-0.6299783,-10.203614,190
79,191,-0.12627688,-0.62997836,-10.203617,191
79,192,-0.12532312,-0.62997854,-10.203616,192
79,193,-0.12620087,-0.6299787,-10.203616,193
79,194,-0.1307818,-0.62997854,-10.203616,194
79,195,-0.1337558,-0.62997854,-10.203614,195
79,196,-0.13549356,-0.62997866,-10.203613,196
79,197,-0.13650177,-0.62997854,-10.203613,197
79,198,-0.13702796,-0.62997836,-10.203612,198
79,199,-0.13641399,-0.62997836,-10.203614,199
80,0,0.020570355,-0.14279273,-2.345556,0
80,1,0.025751367,-0.30472144,-4.735917,1
80,2,0.027919427,-0.4533461,-7.0403075,2
80,3,0.026926883,-0.5525462,-8.709251,3
80,4,0.018074442,-0.6014714,-9.600541,4
80,5,0.0051557445,-0.6206906,-9.9885,5
80,6,-0.005472204,-0.62711143,-10.132875,6
80,7,-0.02920918,-0.6290582,-10.179673,7
80,8,-0.05081965,-0.62965083,-10.194818,8
80,9,-0.06886628,-0.62984425,-10.199937,9
80,10,-0.08246616,-0.62991565,-10.201846,10
80,11,-0.0919499,-0.62994576,-10.202649,11
80,12,-0.09827007,-0.6299602,-10.2030325,12
80,13,-0.103229925,-0.62996787,-10.203236,13
80,14,-0.10693422,-0.6299724,-10.20335,14
80,15,-0.11018418,-0.6299751,-10.2034235,15
80,16,-0.11307234,-0.62997687,-10.203468,16
80,17,-0.11459318,-0.62997806,-10.203501,17
80,18,-0.116287336,-0.629979,-10.203523,18
80,19,-0.1191756,-0.6299795,-10.203539,19
80,20,-0.1209954,-0.6299799,-10.203552,20
80,21,-0.12128643,-0.62998027,-10.203562,21
80,22,-0.12116264,-0.62998044,-10.20357,22
80,23,-0.12119468,-0.6299807,-10.203578,23
80,24,-0.11955562,-0.6299809,-10.203583,24
80,25,-0.120497264,-0.629981,-10.203588,25
80,26,-0.1209697,-0.62998116,-10.20359,26
80,27,-0.121857874,-0.62998116,-10.203595,27
80,28,-0.124007754,-0.6299813,-10.203598,28
80,29,-0.124717325,-0.6299813,-10.2036,29
80,30,-0.12539667,-0.6299814,-10.203604,30
80,31,-0.12499942,-0.62998134,-10.203607,31
80,32,-0.12400698,-0.6299814,-10.203608,32
80,33,-0.12328919,-0.62998146,-10.2036085,33
80,34,-0.122312024,-0.62998146,-10.203611,34
80,35,-0.121766895,-0.62998146,-10.203612,35
80,36,-0.116393246,-0.6299816,-10.203613,36
80,37,-0.116469935,-0.6299816,-10.203613,37
80,38,-0.11609753,-0.62998164,-10.203616,38
80,39,-0.1161794,-0.6299817,-10.203618,39
80,40,-0.11786585,-0.6299817,-10.203621,40
80,41,-0.12040091,-0.6299818,-10.203623,41
80,42,-0.120730735,-0.6299818,-10.203624,42
80,43,-0.120354645,-0.6299818,-10.203624,43
80,44,-0.11999351,-0.6299818,-10.203624,44
80,45,-0.11984517,-0.6299818,-10.203626,45
80,46,-0.116723076,-0.6299818,-10.203627,46
80,47,-0.115753055,-0.6299818,-10.203626,47
80,48,-0.11513989,-0.6299819,-10.203624,48
80,49,-0.11414336,-0.6299818,-10.203622,49
80,50,-0.11366011,-0.6299818,-10.203622,50
80,51,-0.11324803,-0.62998194,-10.203622,51
80,52,-0.10886953,-0.6299819,-10.203619,52
80,53,-0.10600996,-0.629982,-10.203622,53
80,54,-0.10657282,-0.629982,-10.203624,54
80,55,-0.10644995,-0.6299821,-10.203624,55
80,56,-0.10641879,-0.6299821,-10.203627,56
80,57,-0.1059448,-0.6299822,-10.203629,57
80,58,-0.10558924,-0.62998223,-10.20363,58
80,59,-0.10567119,-0.6299823,-10.20363,59
80,60,-0.10524677,-0.6299823,-10.203629,60
80,61,-0.105389126,-0.62998223,-10.20363,61
80,62,-0.10535023,-0.6299823,-10.203629,62
80,63,-0.10907689,-0.62998223,-10.20363,63
80,64,-0.111115426,-0.62998235,-10.203628,64
80,65,-0.10983459,-0.6299823,-10.203629,65
80,66,-0.11546339,-0.62998223,-10.203627,66
80,67,-0.11874317,-0.62998223,-10.203627,67
80,68,-0.12069891,-0.6299822,-10.203626,68
80,69,-0.12218018,-0.6299821,-10.203624,69
80,70,-0.12298293,-0.62998205,-10.203622,70
80,71,-0.12332312,-0.62998205,-10.203623,71
80,72,-0.123517156,-0.6299821,-10.203622,72
80,73,-0.12459279,-0.629982,-10.203619,73
80,74,-0.12508708,-0.6299819,-10.203618,74
80,75,-0.12614147,-0.6299819,-10.203617,75
80,76,-0.12941177,-0.6299818,-10.203618,76
80,77,-0.13027288,-0.6299819,-10.203617,77
80,78,-0.13034129,-0.62998176,-10.203614,78
80,79,-0.12909476,-0.62998176,-10.203613,79
80,80,-0.12580787,-0.62998176,-10.203613,80
80,81,-0.12341374,-0.62998176,-10.203612,81
80,82,-0.121989086,-0.62998176,-10.203609,82
80,83,-0.11558365,-0.62998176,-10.203609,83
80,84,-0.11228601,-0.6299818,-10.203611,84
80,85,-0.10965467,-0.6299818,-10.203611,85
80,86,-0.10801749,-0.6299819,-10.203612,86
80,87,-0.10524627,-0.6299819,-10.203613,87
80,88,-0.1059464,-0.6299819,-10.203614,88
80,89,-0.106918246,-0.629982,-10.203617,89
80,90,-0.10750328,-0.629982,-10.203618,90
80,91,-0.11087856,-0.629982,-10.203619,91
80,92,-0.11241408,-0.6299821,-10.203622,92
80,93,-0.114089906,-0.629982,-10.203623,93
80,94,-0.11752833,-0.629982,-10.203624,94
80,95,-0.11921614,-0.6299822,-10.203626,95
80,96,-0.12392803,-0.62998205,-10.203623,96
80,97,-0.12621246,-0.629982,-10.203621,97
80,98,-0.12800957,-0.6299819,-10.203617,98
80,99,-0.13058436,-0.6299819,-10.203616,99
80,100,-0.12949045,-0.6299817,-10.203612,100
80,101,-0.12815042,-0.6299816,-10.2036085,101
80,102,-0.12716198,-0.6299816,-10.203608,102
80,103,-0.119654514,-0.6299816,-10.203605,103
80,104,-0.115859516,-0.6299815,-10.203603,104
80,105,-0.11285754,-0.6299816,-10.203604,105
80,106,-0.107906714,-0.6299815,-10.203602,106
80,107,-0.10987202,-0.62998146,-10.203603,107
80,108,-0.11194531,-0.6299815,-10.2036,108
80,109,-0.114124425,-0.6299815,-10.203602,109
80,110,-0.121169895,-0.6299814,-10.2036,110
80,111,-0.118715726,-0.6299815,-10.203602,111
80,112,-0.11512181,-0.62998146,-10.203602,112
80,113,-0.10790386,-0.6299816,-10.203602,113
80,114,-0.10942942,-0.62998146,-10.203602,114
80,115,-0.11329591,-0.6299814,-10.203603,115
80,116,-0.11984803,-0.62998146,-10.203604,116
80,117,-0.11816406,-0.6299815,-10.203603,117
80,118,-0.11331783,-0.62998146,-10.203604,118
80,119,-0.10645349,-0.62998164,-10.203604,119
80,120,-0.10740484,-0.62998164,-10.203607,120
80,121,-0.10855008,-0.6299815,-10.203607,121
80,122,-0.11073188,-0.62998164,-10.203607,122
80,123,-0.11258491,-0.6299816,-10.2036085,123
80,124,-0.113749295,-0.62998164,-10.2036085,124
80,125,-0.118486196,-0.6299816,-10.2036085,125
80,126,-0.12107344,-0.62998146,-10.2036085,126
80,127,-0.1232854,-0.6299816,-10.203608,127
80,128,-0.12708254,-0.6299815,-10.2036085,128
80,129,-0.12887195,-0.62998146,-10.203608,129
80,130,-0.12780727,-0.62998146,-10.203604,130
80,131,-0.12614769,-0.62998146,-10.203603,131
80,132,-0.12461144,-0.6299814,-10.203602,132
80,133,-0.12372946,-0.6299814,-10.203598,133
80,134,-0.119567215,-0.62998134,-10.203598,134
80,135,-0.115788594,-0.62998146,-10.203595,135
80,136,-0.113802284,-0.6299814,-10.203597,136
80,137,-0.11198593,-0.62998146,-10.203597,137
80,138,-0.1088125,-0.6299816,-10.203595,138
80,139,-0.10940927,-0.6299815,-10.203595,139
80,140,-0.11020161,-0.6299815,-10.203597,140
80,141,-0.110752136,-0.6299816,-10.203597,141
80,142,-0.11888378,-0.6299815,-10.203597,142
80,143,-0.122475825,-0.6299815,-10.203598,143
80,144,-0.12507181,-0.6299816,-10.203599,144
80,145,-0.12718555,-0.62998146,-10.2036,145
80,146,-0.12845252,-0.6299814,-10.2036,146
80,147,-0.1294462,-0.6299814,-10.203598,147
80,148,-0.12849918,-0.62998146,-10.203599,148
80,149,-0.1254582,-0.6299814,-10.203599,149
80,150,-0.121029526,-0.62998134,-10.2036,150
80,151,-0.11706425,-0.62998146,-10.203599,151
80,152,-0.11422884,-0.62998146,-10.2036,152
80,153,-0.11255998,-0.6299815,-10.2036,153
80,154,-0.1115226,-0.6299814,-10.203602,154
80,155,-0.11099743,-0.6299815,-10.203604,155
80,156,-0.1101234,-0.6299816,-10.203604,156
80,157,-0.110206746,-0.6299816,-10.203602,157
80,158,-0.11039246,-0.6299816,-10.2036,158
80,159,-0.11066363,-0.62998164,-10.203602,159
80,160,-0.10937834,-0.6299817,-10.203599,160
80,161,-0.1114722,-0.62998164,-10.203598,161
80,162,-0.11428574,-0.62998164,-10.203598,162
80,163,-0.11297742,-0.6299817,-10.203597,163
80,164,-0.113035046,-0.6299816,-10.203593,164
80,165,-0.1228433,-0.62998146,-10.203592,165
80,166,-0.12748751,-0.6299814,-10.20359,166
80,167,-0.13174623,-0.62998146,-10.203592,167
80,168,-0.1316901,-0.6299814,-10.203589,168
80,169,-0.13090752,-0.6299814,-10.203588,169
80,170,-0.13023084,-0.6299813,-10.203588,170
80,171,-0.12621395,-0.6299813,-10.203585,171
80,172,-0.12417661,-0.6299812,-10.203581,172
80,173,-0.12213392,-0.6299813,-10.20358,173
80,174,-0.11759516,-0.6299813,-10.203578,174
80,175,-0.116105415,-0.6299813,-10.203578,175
80,176,-0.11515106,-0.62998116,-10.203575,176
80,177,-0.11459166,-0.6299813,-10.203576,177
80,178,-0.11497806,-0.62998116,-10.203575,178
80,179,-0.11477317,-0.6299813,-10.203576,179
80,180,-0.114663824,-0.6299813,-10.203578,180
80,181,-0.11468303,-0.6299813,-10.203579,181
80,182,-0.11547276,-0.6299812,-10.203581,182
80,183,-0.121920794,-0.62998116,-10.203581,183
80,184,-0.123807475,-0.62998116,-10.203583,184
80,185,-0.12408477,-0.62998116,-10.203584,185
80,186,-0.124044605,-0.6299813,-10.203583,186
80,187,-0.12393814,-0.6299812,-10.203584,187
80,188,-0.12451193,-0.62998116,-10.203584,188
80,189,-0.124520436,-0.6299811,-10.203585,189
80,190,-0.12639837,-0.62998104,-10.203586,190
80,191,-0.12857124,-0.6299811,-10.203583,191
80,192,-0.129801,-0.629981,-10.20358,192
80,193,-0.12981136,-0.629981,-10.20358,193
80,194,-0.12995005,-0.62998086,-10.203578,194
80,195,-0.13036755,-0.62998086,-10.203576,195
80,196,-0.12845661,-0.6299808,-10.203574,196
80,197,-0.12762362,-0.6299808,-10.203574,197
80,198,-0.12700392,-0.6299808,-10.203571,198
80,199,-0.12582222,-0.62998074,-10.20357,199
81,0,0.015927287,-0.09574945,-2.499023,0
81,1,0.017890567,-0.2152832,-5.0726776,1
81,2,0.020276373,-0.3611335,-7.4150167,2
81,3,0.02341432,-0.49264666,-8.98758,3
81,4,0.022326058,-0.57519174,-9.758625,4
81,5,0.016025893,-0.61198115,-10.058563,5
81,6,0.0063208253,-0.624648,-10.158838,6
81,7,-0.010600411,-0.6283755,-10.189277,7
81,8,-0.028711028,-0.62943906,-10.198531,8
81,9,-0.045744054,-0.62976456,-10.201554,9
81,10,-0.06418402,-0.62987787,-10.202656,10
81,11,-0.07414344,-0.6299239,-10.203123,11
81,12,-0.0819763,-0.62994546,-10.203348,12
81,13,-0.085746534,-0.6299567,-10.203468,13
81,14,-0.095182054,-0.62996316,-10.203537,14
81,15,-0.104629226,-0.62996715,-10.203579,15
81,16,-0.114647515,-0.62996954,-10.203605,16
81,17,-0.117133975,-0.6299713,-10.203622,17
81,18,-0.1166445,-0.62997264,-10.203635,18
81,19,-0.114098385,-0.6299736,-10.203646,19
81,20,-0.11761366,-0.6299742,-10.203655,20
81,21,-0.12003442,-0.6299747,-10.20366,21
81,22,-0.123206034,-0.6299751,-10.203664,22
81,23,-0.12553447,-0.6299754,-10.203668,23
81,24,-0.12707765,-0.6299756,-10.203669,24
81,25,-0.13191426,-0.6299757,-10.203669,25
81,26,-0.1343377,-0.62997586,-10.2036705,26
81,27,-0.13665685,-0.6299759,-10.203669,27
81,28,-0.14051859,-0.629976,-10.203666,28
81,29,-0.14248113,-0.6299761,-10.203666,29
81,30,-0.14220166,-0.6299761,-10.203666,30
81,31,-0.14143163,-0.6299763,-10.203666,31
81,32,-0.14073454,-0.62997633,-10.203666,32
81,33,-0.1404511,-0.62997633,-10.203666,33
81,34,-0.13712983,-0.62997645,-10.203666,34
81,35,-0.134249,-0.6299765,-10.203669,35
81,36,-0.13275167,-0.62997663,-10.20367,36
81,37,-0.13118386,-0.6299766,-10.2036705,37
81,38,-0.12831967,-0.6299768,-10.203672,38
81,39,-0.12874782,-0.6299768,-10.203672,39
81,40,-0.1291417,-0.62997675,-10.203673,40
81,41,-0.1292443,-0.6299768,-10.203673,41
81,42,-0.13569117,-0.6299768,-10.203675,42
81,43,-0.13808827,-0.6299768,-10.203673,43
81,44,-0.1398137,-0.62997687,-10.203672,44
81,45,-0.14138243,-0.62997675,-10.203672,45
81,46,-0.14240623,-0.6299767,-10.2036705,46
81,47,-0.1432615,-0.62997663,-10.2036705,47
81,48,-0.14257838,-0.62997663,-10.203672,48
81,49,-0.14028007,-0.62997663,-10.2036705,49
81,50,-0.13686098,-0.62997663,-10.203672,50
81,51,-0.13387218,-0.6299765,-10.203672,51
81,52,-0.13180175,-0.6299765,-10.203675,52
81,53,-0.13056043,-0.62997645,-10.203675,53
81,54,-0.12973851,-0.62997645,-10.203677,54
81,55,-0.1292211,-0.6299765,-10.203678,55
81,56,-0.12873046,-0.62997645,-10.203678,56
81,57,-0.12859319,-0.6299765,-10.203675,57
81,58,-0.12871625,-0.62997645,-10.203678,58
81,59,-0.12889215,-0.6299766,-10.203678,59
81,60,-0.12760091,-0.6299766,-10.203677,60
81,61,-0.12937808,-0.6299767,-10.203677,61
81,62,-0.1316932,-0.6299767,-10.203675,62
81,63,-0.13017987,-0.6299767,-10.203675,63
81,64,-0.13014144,-0.6299768,-10.203675,64
81,65,-0.13846679,-0.6299767,-10.203674,65
81,66,-0.14174858,-0.6299767,-10.203673,66
81,67,-0.14513709,-0.62997663,-10.203672,67
81,68,-0.14508815,-0.6299765,-10.2036705,68
81,69,-0.14470407,-0.6299764,-10.2036705,69
81,70,-0.14457111,-0.62997633,-10.20367,70
81,71,-0.14175661,-0.6299762,-10.2036705,71
81,72,-0.14056201,-0.6299762,-10.2036705,72
81,73,-0.13929355,-0.6299762,-10.2036705,73
81,74,-0.13573787,-0.62997615,-10.20367,74
81,75,-0.13456154,-0.62997633,-10.203672,75
81,76,-0.13397071,-0.62997633,-10.203672,76
81,77,-0.1334883,-0.62997633,-10.203674,77
81,78,-0.13343786,-0.6299764,-10.203674,78
81,79,-0.1332511,-0.62997633,-10.203677,79
81,80,-0.13295414,-0.6299762,-10.203678,80
81,81,-0.13272674,-0.6299762,-10.203678,81
81,82,-0.1332935,-0.6299762,-10.203679,82
81,83,-0.1385804,-0.62997603,-10.203678,83
81,84,-0.13967484,-0.629976,-10.203678,84
81,85,-0.13975027,-0.62997586,-10.203678,85
81,86,-0.13986257,-0.6299757,-10.203678,86
81,87,-0.13997172,-0.6299756,-10.203677,87
81,88,-0.14077014,-0.62997556,-10.203675,88
81,89,-0.14091249,-0.6299755,-10.203674,89
81,90,-0.143428,-0.62997526,-10.203673,90
81,91,-0.1456505,-0.6299752,-10.203672,91
81,92,-0.14702283,-0.6299753,-10.20367,92
81,93,-0.14740026,-0.62997526,-10.203668,93
81,94,-0.14793359,-0.6299753,-10.203666,94
81,95,-0.14864838,-0.62997526,-10.203665,95
81,96,-0.14758068,-0.62997526,-10.203664,96
81,97,-0.14713694,-0.6299753,-10.203665,97
81,98,-0.14685763,-0.6299754,-10.203663,98
81,99,-0.14603034,-0.62997544,-10.203664,99
81,100,-0.14554538,-0.62997556,-10.203664,100
81,101,-0.14352717,-0.6299756,-10.203665,101
81,102,-0.14274117,-0.6299757,-10.203665,102
81,103,-0.13798124,-0.6299758,-10.203666,103
81,104,-0.13586515,-0.6299759,-10.203668,104
81,105,-0.13396135,-0.6299759,-10.20367,105
81,106,-0.13185301,-0.62997603,-10.20367,106
81,107,-0.13076611,-0.6299761,-10.203673,107
81,108,-0.13007286,-0.6299762,-10.203672,108
81,109,-0.1293048,-0.62997615,-10.203674,109
81,110,-0.13143858,-0.6299762,-10.203673,110
81,111,-0.13249257,-0.62997633,-10.203673,111
81,112,-0.13316505,-0.62997633,-10.203674,112
81,113,-0.13350356,-0.6299764,-10.203674,113
81,114,-0.13422236,-0.62997645,-10.203675,114
81,115,-0.13617988,-0.6299764,-10.203677,115
81,116,-0.13674605,-0.62997633,-10.203675,116
81,117,-0.13694987,-0.6299763,-10.203675,117
81,118,-0.13727915,-0.6299762,-10.203677,118
81,119,-0.13744164,-0.62997615,-10.203677,119
81,120,-0.13761188,-0.62997603,-10.203677,120
81,121,-0.13819557,-0.62997586,-10.203677,121
81,122,-0.1385396,-0.6299759,-10.203674,122
81,123,-0.14094232,-0.62997574,-10.203674,123
81,124,-0.14212081,-0.6299757,-10.203672,124
81,125,-0.14349878,-0.6299757,-10.2036705,125
81,126,-0.14595056,-0.6299757,-10.2036705,126
81,127,-0.14782727,-0.6299756,-10.203668,127
81,128,-0.14904717,-0.6299757,-10.203666,128
81,129,-0.14923277,-0.6299757,-10.203665,129
81,130,-0.14904813,-0.62997556,-10.203665,130
81,131,-0.14926958,-0.6299755,-10.203661,131
81,132,-0.1478596,-0.6299756,-10.203664,132
81,133,-0.14710519,-0.6299756,-10.203663,133
81,134,-0.14666322,-0.6299757,-10.203663,134
81,135,-0.142379,-0.62997574,-10.203665,135
81,136,-0.14046822,-0.6299758,-10.203666,136
81,137,-0.13872766,-0.62997574,-10.20367,137
81,138,-0.13651146,-0.62997574,-10.20367,138
81,139,-0.13531825,-0.62997574,-10.203672,139
81,140,-0.13445541,-0.6299757,-10.203673,140
81,141,-0.13387388,-0.6299757,-10.203674,141
81,142,-0.13375658,-0.62997556,-10.203673,142
81,143,-0.133654,-0.6299757,-10.203674,143
81,144,-0.1338322,-0.62997574,-10.203674,144
81,145,-0.13413955,-0.62997574,-10.203672,145
81,146,-0.1306264,-0.629976,-10.203673,146
81,147,-0.12942924,-0.6299761,-10.203675,147
81,148,-0.13059863,-0.6299761,-10.203678,148
81,149,-0.13097699,-0.62997603,-10.203677,149
81,150,-0.13106094,-0.6299761,-10.203678,150
81,151,-0.13482219,-0.6299759,-10.203678,151
81,152,-0.13629854,-0.6299759,-10.203677,152
81,153,-0.13770139,-0.629976,-10.203675,153
81,154,-0.13965024,-0.6299759,-10.203673,154
81,155,-0.14071868,-0.6299761,-10.203673,155
81,156,-0.14138627,-0.6299759,-10.2036705,156
81,157,-0.14176665,-0.6299761,-10.2036705,157
81,158,-0.14203428,-0.6299759,-10.20367,158
81,159,-0.14077057,-0.62997603,-10.2036705,159
81,160,-0.14026757,-0.629976,-10.203672,160
81,161,-0.13960464,-0.6299759,-10.203674,161
81,162,-0.13868885,-0.6299758,-10.203674,162
81,163,-0.13886511,-0.62997574,-10.203674,163
81,164,-0.13846047,-0.6299756,-10.203674,164
81,165,-0.13781202,-0.6299755,-10.203674,165
81,166,-0.1374238,-0.62997556,-10.203675,166
81,167,-0.13620143,-0.62997544,-10.203675,167
81,168,-0.13466682,-0.62997556,-10.203675,168
81,169,-0.13394247,-0.62997556,-10.203677,169
81,170,-0.13300258,-0.6299756,-10.203675,170
81,171,-0.13205433,-0.6299755,-10.203677,171
81,172,-0.13089909,-0.6299756,-10.203679,172
81,173,-0.12713294,-0.6299757,-10.20368,173
81,174,-0.12676908,-0.62997574,-10.20368,174
81,175,-0.13018766,-0.6299757,-10.203682,175
81,176,-0.13215114,-0.6299757,-10.20368,176
81,177,-0.133203,-0.6299757,-10.20368,177
81,178,-0.13756232,-0.62997556,-10.203679,178
81,179,-0.13954015,-0.62997544,-10.203677,179
81,180,-0.1415912,-0.62997544,-10.203677,180
81,181,-0.14359212,-0.6299754,-10.203675,181
81,182,-0.14597061,-0.6299753,-10.203672,182
81,183,-0.14710099,-0.6299753,-10.20367,183
81,184,-0.14692897,-0.6299753,-10.203669,184
81,185,-0.1466202,-0.6299753,-10.203668,185
81,186,-0.1465491,-0.6299752,-10.203668,186
81,187,-0.14381249,-0.6299753,-10.203668,187
81,188,-0.14071828,-0.6299754,-10.203668,188
81,189,-0.13922805,-0.62997544,-10.203668,189
81,190,-0.13811958,-0.6299756,-10.203669,190
81,191,-0.13529176,-0.6299756,-10.203669,191
81,192,-0.13441111,-0.6299757,-10.203669,192
81,193,-0.13490283,-0.6299758,-10.203669,193
81,194,-0.13897523,-0.6299759,-10.203669,194
81,195,-0.1404641,-0.629976,-10.20367,195
81,196,-0.1411658,-0.62997603,-10.203669,196
81,197,-0.14154242,-0.6299759,-10.20367,197
81,198,-0.14174072,-0.629976,-10.203669,198
81,199,-0.14094867,-0.6299761,-10.20367,199
82,0,0.015135524,-0.13844822,-3.1011138,0
82,1,0.011147113,-0.31988072,-6.34299,1
82,2,-0.00043526094,-0.49038464,-8.70193,2
82,3,-0.020187,-0.5855431,-9.764071,3
82,4,-0.04619241,-0.6187192,-10.09353,4
82,5,-0.07046266,-0.62730855,-10.176938,5
82,6,-0.08497803,-0.62928665,-10.196672,6
82,7,-0.0964336,-0.6297576,-10.201472,7
82,8,-0.10464366,-0.6298915,-10.202845,8
82,9,-0.11121968,-0.62993777,-10.20332,9
82,10,-0.11733842,-0.629957,-10.203514,10
82,11,-0.12298431,-0.62996614,-10.203608,11
82,12,-0.12795939,-0.62997115,-10.203659,12
82,13,-0.13208483,-0.629974,-10.203688,13
82,14,-0.13557278,-0.629976,-10.203704,14
82,15,-0.13839082,-0.6299771,-10.203717,15
82,16,-0.14071298,-0.62997794,-10.203725,16
82,17,-0.14214729,-0.6299786,-10.20373,17
82,18,-0.14323062,-0.6299791,-10.203733,18
82,19,-0.14521655,-0.62997925,-10.203736,19
82,20,-0.1468458,-0.6299795,-10.203739,20
82,21,-0.14760011,-0.6299797,-10.20374,21
82,22,-0.14785658,-0.62997997,-10.203743,22
82,23,-0.14797916,-0.62998,-10.203743,23
82,24,-0.14748974,-0.6299802,-10.203746,24
82,25,-0.14777061,-0.62998027,-10.203746,25
82,26,-0.14806771,-0.62998027,-10.203746,26
82,27,-0.14850706,-0.6299804,-10.203748,27
82,28,-0.14952905,-0.6299804,-10.203749,28
82,29,-0.15012053,-0.6299804,-10.203749,29
82,30,-0.15056778,-0.6299804,-10.203749,30
82,31,-0.15053067,-0.6299804,-10.203749,31
82,32,-0.14999223,-0.6299803,-10.203749,32
82,33,-0.14948808,-0.62998044,-10.203749,33
82,34,-0.14887683,-0.6299804,-10.20375,34
82,35,-0.14842266,-0.62998044,-10.20375,35
82,36,-0.14572677,-0.6299805,-10.203751,36
82,37,-0.14559765,-0.62998056,-10.2037525,37
82,38,-0.14556034,-0.62998056,-10.203754,38
82,39,-0.14566502,-0.6299806,-10.203753,39
82,40,-0.14684598,-0.6299807,-10.203754,40
82,41,-0.14811759,-0.62998056,-10.203754,41
82,42,-0.14844081,-0.62998056,-10.203754,42
82,43,-0.14813636,-0.62998056,-10.203754,43
82,44,-0.14774865,-0.62998056,-10.203753,44
82,45,-0.1475043,-0.62998056,-10.203753,45
82,46,-0.14510621,-0.62998056,-10.203753,46
82,47,-0.14360169,-0.6299807,-10.203753,47
82,48,-0.14262186,-0.62998074,-10.203753,48
82,49,-0.14131758,-0.62998074,-10.203754,49
82,50,-0.14042377,-0.6299808,-10.203753,50
82,51,-0.13982257,-0.629981,-10.203753,51
82,52,-0.1390193,-0.629981,-10.203755,52
82,53,-0.13821031,-0.6299813,-10.203755,53
82,54,-0.13907355,-0.6299813,-10.203758,54
82,55,-0.13949752,-0.6299814,-10.203759,55
82,56,-0.13961041,-0.6299814,-10.203762,56
82,57,-0.13885562,-0.6299814,-10.203762,57
82,58,-0.1376998,-0.62998146,-10.203762,58
82,59,-0.13711986,-0.6299814,-10.203762,59
82,60,-0.13624707,-0.62998146,-10.203763,60
82,61,-0.13570252,-0.62998146,-10.203763,61
82,62,-0.13520965,-0.6299816,-10.203762,62
82,63,-0.13621354,-0.62998146,-10.203762,63
82,64,-0.13728963,-0.6299814,-10.203759,64
82,65,-0.13664438,-0.6299815,-10.20376,65
82,66,-0.13948259,-0.62998146,-10.203759,66
82,67,-0.14183661,-0.6299816,-10.203758,67
82,68,-0.14341894,-0.6299814,-10.203755,68
82,69,-0.1450513,-0.6299814,-10.203755,69
82,70,-0.14616917,-0.6299814,-10.203755,70
82,71,-0.146784,-0.6299813,-10.203754,71
82,72,-0.14726765,-0.62998134,-10.203755,72
82,73,-0.14804247,-0.6299812,-10.203753,73
82,74,-0.14857228,-0.6299811,-10.203753,74
82,75,-0.1492932,-0.6299811,-10.203754,75
82,76,-0.1511152,-0.6299809,-10.203751,76
82,77,-0.15207577,-0.62998086,-10.203751,77
82,78,-0.15214525,-0.6299808,-10.20375,78
82,79,-0.15135238,-0.6299808,-10.20375,79
82,80,-0.14983827,-0.62998074,-10.203749,80
82,81,-0.1484318,-0.62998074,-10.20375,81
82,82,-0.1474295,-0.6299808,-10.20375,82
82,83,-0.14473622,-0.62998086,-10.203751,83
82,84,-0.14259782,-0.6299809,-10.2037525,84
82,85,-0.1409172,-0.629981,-10.203753,85
82,86,-0.13971049,-0.6299811,-10.203755,86
82,87,-0.1381331,-0.6299812,-10.203755,87
82,88,-0.1382546,-0.6299813,-10.203755,88
82,89,-0.13884878,-0.6299813,-10.203758,89
82,90,-0.13927662,-0.6299813,-10.203759,90
82,91,-0.1412384,-0.6299813,-10.203759,91
82,92,-0.14254044,-0.6299813,-10.203759,92
82,93,-0.1437363,-0.6299812,-10.20376,93
82,94,-0.14581601,-0.62998116,-10.203762,94
82,95,-0.14736591,-0.6299811,-10.203758,95
82,96,-0.14992645,-0.6299809,-10.203757,96
82,97,-0.15180308,-0.6299808,-10.203754,97
82,98,-0.15319182,-0.6299807,-10.203753,98
82,99,-0.15481116,-0.62998056,-10.2037525,99
82,100,-0.15493512,-0.62998044,-10.203751,100
82,101,-0.15442452,-0.6299804,-10.20375,101
82,102,-0.1538898,-0.62998027,-10.20375,102
82,103,-0.1507537,-0.6299803,-10.20375,103
82,104,-0.1482208,-0.6299804,-10.203751,104
82,105,-0.1462834,-0.62998027,-10.203751,105
82,106,-0.1436786,-0.6299804,-10.2037525,106
82,107,-0.14391015,-0.6299803,-10.203753,107
82,108,-0.14488341,-0.6299804,-10.203753,108
82,109,-0.14599003,-0.62998027,-10.203754,109
82,110,-0.14906365,-0.62998015,-10.203753,110
82,111,-0.14893393,-0.62998015,-10.203753,111
82,112,-0.14721948,-0.62998015,-10.203754,112
82,113,-0.14361429,-0.62998027,-10.203753,113
82,114,-0.14311258,-0.62998027,-10.203754,114
82,115,-0.14460962,-0.6299801,-10.203754,115
82,116,-0.14763659,-0.62997997,-10.203753,116
82,117,-0.1477944,-0.6299801,-10.203754,117
82,118,-0.1456604,-0.6299801,-10.203753,118
82,119,-0.14206202,-0.62998027,-10.203754,119
82,120,-0.14138119,-0.62998027,-10.203755,120
82,121,-0.14211784,-0.62998027,-10.203757,121
82,122,-0.14298944,-0.62998015,-10.203755,122
82,123,-0.14384182,-0.62998027,-10.203757,123
82,124,-0.14449945,-0.62998027,-10.203757,124
82,125,-0.14604095,-0.62998027,-10.203754,125
82,126,-0.14750767,-0.62998015,-10.203754,126
82,127,-0.14874372,-0.6299801,-10.2037525,127
82,128,-0.15042312,-0.6299801,-10.2037525,128
82,129,-0.15166016,-0.62997997,-10.20375,129
82,130,-0.15153776,-0.62997997,-10.203749,130
82,131,-0.15088014,-0.62997997,-10.203748,131
82,132,-0.15013617,-0.62998,-10.203746,132
82,133,-0.14961636,-0.62998,-10.203748,133
82,134,-0.14785643,-0.62998015,-10.203749,134
82,135,-0.14570108,-0.6299803,-10.203748,135
82,136,-0.14422783,-0.6299804,-10.20375,136
82,137,-0.14298068,-0.62998044,-10.20375,137
82,138,-0.14111222,-0.62998056,-10.203751,138
82,139,-0.14091866,-0.62998056,-10.203751,139
82,140,-0.14123756,-0.6299806,-10.2037525,140
82,141,-0.1415253,-0.62998074,-10.2037525,141
82,142,-0.14565209,-0.62998056,-10.2037525,142
82,143,-0.14848511,-0.62998056,-10.20375,143
82,144,-0.15043595,-0.62998044,-10.203751,144
82,145,-0.15198448,-0.6299805,-10.203751,145
82,146,-0.15307094,-0.62998044,-10.20375,146
82,147,-0.15399227,-0.62998027,-10.203749,147
82,148,-0.1541014,-0.6299803,-10.203749,148
82,149,-0.15306537,-0.62998015,-10.203748,149
82,150,-0.15115614,-0.62998027,-10.203749,150
82,151,-0.14913578,-0.62998027,-10.203751,151
82,152,-0.147403,-0.62998027,-10.20375,152
82,153,-0.146135,-0.62998027,-10.2037525,153
82,154,-0.14517768,-0.6299802,-10.2037525,154
82,155,-0.14456297,-0.6299804,-10.203753,155
82,156,-0.14308909,-0.6299804,-10.2037525,156
82,157,-0.14232445,-0.6299804,-10.203753,157
82,158,-0.14187631,-0.6299803,-10.2037525,158
82,159,-0.14147422,-0.62998044,-10.2037525,159
82,160,-0.14055765,-0.62998044,-10.203753,160
82,161,-0.14126383,-0.6299805,-10.2037525,161
82,162,-0.14244261,-0.6299805,-10.2037525,162
82,163,-0.14178815,-0.62998056,-10.203751,163
82,164,-0.14154993,-0.6299806,-10.203751,164
82,165,-0.14716296,-0.62998044,-10.20375,165
82,166,-0.15171887,-0.6299805,-10.203748,166
82,167,-0.15496276,-0.6299804,-10.203748,167
82,168,-0.15582177,-0.62998027,-10.203745,168
82,169,-0.15571818,-0.6299802,-10.203745,169
82,170,-0.15546367,-0.62998015,-10.203745,170
82,171,-0.15342888,-0.62998015,-10.203744,171
82,172,-0.15191229,-0.6299801,-10.203744,172
82,173,-0.15054595,-0.62998015,-10.203744,173
82,174,-0.1477441,-0.62998015,-10.203743,174
82,175,-0.14692794,-0.6299801,-10.203745,175
82,176,-0.14655094,-0.62998015,-10.203744,176
82,177,-0.14623901,-0.6299802,-10.203746,177
82,178,-0.1472059,-0.6299802,-10.203746,178
82,179,-0.1475326,-0.62998027,-10.203748,179
82,180,-0.14771758,-0.62998015,-10.203749,180
82,181,-0.14806882,-0.6299802,-10.203749,181
82,182,-0.14857228,-0.6299802,-10.203751,182
82,183,-0.15113513,-0.62998,-10.20375,183
82,184,-0.15273423,-0.6299799,-10.203749,184
82,185,-0.1532486,-0.6299798,-10.203749,185
82,186,-0.15330106,-0.6299798,-10.20375,186
82,187,-0.15322372,-0.62997967,-10.203749,187
82,188,-0.15327914,-0.6299795,-10.203748,188
82,189,-0.1533059,-0.62997943,-10.203748,189
82,190,-0.15340602,-0.6299794,-10.203746,190
82,191,-0.15399237,-0.62997925,-10.203745,191
82,192,-0.15463777,-0.62997913,-10.203743,192
82,193,-0.15492944,-0.62997913,-10.20374,193
82,194,-0.15510775,-0.6299791,-10.20374,194
82,195,-0.15537098,-0.6299791,-10.203738,195
82,196,-0.15445966,-0.6299791,-10.203739,196
82,197,-0.15383017,-0.6299791,-10.203739,197
82,198,-0.15346085,-0.62997913,-10.203738,198
82,199,-0.15287292,-0.6299791,-10.203738,199
83,0,0.00725973,-0.08322604,-1.6878928,0
83,1,0.0016961102,-0.16439867,-3.0591242,1
83,2,0.0016068534,-0.25376013,-4.4561024,2
83,3,0.0059393942,-0.34217346,-5.778848,3
83,4,0.01369347,-0.41693902,-6.8575406,4
83,5,0.023092963,-0.4763997,-7.7023745,5
83,6,0.033291765,-0.5230615,-8.401282,6
83,7,0.044176064,-0.55635536,-8.900071,7
83,8,0.054639794,-0.5795504,-9.255513,8
83,9,0.06500633,-0.5958151,-9.517234,9
83,10,0.07521844,-0.60712934,-9.712215,10
83,11,0.08513659,-0.61491674,-9.857268,11
83,12,0.09438234,-0.6201919,-9.963947,12
83,13,0.10292982,-0.6237315,-10.041243,13
83,14,0.1096615,-0.6260404,-10.095962,14
83,15,0.11431021,-0.62752426,-10.13375,15
83,16,0.11595808,-0.6284567,-10.159132,16
83,17,0.11430408,-0.62903315,-10.17574,17
83,18,0.109018706,-0.629386,-10.1863165,18
83,19,0.09887831,-0.6295986,-10.192841,19
83,20,0.08555694,-0.629728,-10.196808,20
83,21,0.07023408,-0.6298078,-10.199221,21
83,22,0.053590998,-0.6298581,-10.200699,22
83,23,0.036145,-0.6298905,-10.201616,23
83,24,0.019048793,-0.62991166,-10.2022,24
83,25,0.0022218649,-0.6299262,-10.202579,25
83,26,-0.013477974,-0.6299362,-10.202827,26
83,27,-0.027600924,-0.6299433,-10.202999,27
83,28,-0.04071427,-0.6299484,-10.203117,28
83,29,-0.051611166,-0.6299521,-10.2032,29
83,30,-0.060655884,-0.6299548,-10.203261,30
83,31,-0.06767837,-0.6299567,-10.203308,31
83,32,-0.07278937,-0.62995833,-10.203343,32
83,33,-0.07702844,-0.6299596,-10.203372,33
83,34,-0.08033798,-0.6299606,-10.203393,34
83,35,-0.08320289,-0.6299614,-10.203412,35
83,36,-0.08248597,-0.6299621,-10.203429,36
83,37,-0.08464463,-0.6299628,-10.2034445,37
83,38,-0.08635081,-0.6299633,-10.203458,38
83,39,-0.088004254,-0.6299638,-10.203468,39
83,40,-0.090886496,-0.62996423,-10.203477,40
83,41,-0.09344859,-0.6299644,-10.203481,41
83,42,-0.09470737,-0.6299647,-10.203485,42
83,43,-0.09495583,-0.6299648,-10.203486,43
83,44,-0.095092244,-0.6299648,-10.20349,44
83,45,-0.095398314,-0.62996495,-10.20349,45
83,46,-0.09276876,-0.62996507,-10.203491,46
83,47,-0.09203403,-0.62996525,-10.203494,47
83,48,-0.09196873,-0.62996536,-10.203496,48
83,49,-0.09153523,-0.62996554,-10.2035,49
83,50,-0.09169598,-0.6299657,-10.203504,50
83,51,-0.092065886,-0.6299659,-10.2035055,51
83,52,-0.09108653,-0.62996596,-10.203512,52
83,53,-0.0891308,-0.62996626,-10.203518,53
83,54,-0.08972865,-0.62996656,-10.203525,54
83,55,-0.08995472,-0.6299668,-10.203527,55
83,56,-0.08997004,-0.629967,-10.203532,56
83,57,-0.0891957,-0.6299673,-10.203533,57
83,58,-0.0883994,-0.6299674,-10.203534,58
83,59,-0.088457845,-0.62996745,-10.203536,59
83,60,-0.088085376,-0.6299676,-10.203537,60
83,61,-0.08818455,-0.6299677,-10.203537,61
83,62,-0.088302076,-0.62996775,-10.203537,62
83,63,-0.0907726,-0.6299678,-10.203538,63
83,64,-0.09327664,-0.62996787,-10.203537,64
83,65,-0.093016386,-0.6299678,-10.203536,65
83,66,-0.0972109,-0.62996775,-10.203536,66
83,67,-0.100872114,-0.6299676,-10.203532,67
83,68,-0.10320459,-0.6299674,-10.203531,68
83,69,-0.10524283,-0.62996715,-10.203527,69
83,70,-0.10634852,-0.62996686,-10.203525,70
83,71,-0.10676421,-0.6299667,-10.203522,71
83,72,-0.10699851,-0.62996644,-10.20352,72
83,73,-0.10764853,-0.62996614,-10.203517,73
83,74,-0.10807916,-0.6299661,-10.203514,74
83,75,-0.10878048,-0.62996584,-10.20351,75
83,76,-0.11109438,-0.62996566,-10.203507,76
83,77,-0.11233179,-0.6299655,-10.203505,77
83,78,-0.11219002,-0.62996525,-10.2035,78
83,79,-0.111082405,-0.6299651,-10.203495,79
83,80,-0.10903468,-0.62996495,-10.203491,80
83,81,-0.10680776,-0.6299649,-10.203493,81
83,82,-0.105272785,-0.62996495,-10.203494,82
83,83,-0.10131958,-0.6299649,-10.203495,83
83,84,-0.09758959,-0.62996507,-10.203499,84
83,85,-0.09492279,-0.62996536,-10.203504,85
83,86,-0.09305192,-0.6299656,-10.2035055,86
83,87,-0.09073913,-0.62996584,-10.20351,87
83,88,-0.09079807,-0.62996614,-10.203515,88
83,89,-0.091685146,-0.6299664,-10.203522,89
83,90,-0.09235108,-0.62996656,-10.203524,90
83,91,-0.095102414,-0.6299666,-10.203525,91
83,92,-0.09682347,-0.6299666,-10.2035265,92
83,93,-0.09825037,-0.6299666,-10.2035265,93
83,94,-0.10085418,-0.62996656,-10.2035265,94
83,95,-0.10225851,-0.6299664,-10.203517,95
83,96,-0.1053319,-0.62996584,-10.203509,96
83,97,-0.107396744,-0.6299652,-10.203501,97
83,98,-0.10871057,-0.62996465,-10.203491,98
83,99,-0.11039564,-0.62996405,-10.203483,99
83,100,-0.10990022,-0.6299634,-10.203473,100
83,101,-0.1083732,-0.629963,-10.203465,101
83,102,-0.10694668,-0.6299625,-10.203459,102
83,103,-0.10180055,-0.62996215,-10.203453,103
83,104,-0.09736406,-0.62996215,-10.203453,104
83,105,-0.09425557,-0.62996215,-10.203452,105
83,106,-0.09020639,-0.6299623,-10.203454,106
83,107,-0.0905982,-0.62996244,-10.203458,107
83,108,-0.09230517,-0.6299625,-10.203458,108
83,109,-0.09416201,-0.6299625,-10.203458,109
83,110,-0.09903014,-0.6299623,-10.203456,110
83,111,-0.09876652,-0.62996215,-10.203452,111
83,112,-0.09575106,-0.629962,-10.203452,112
83,113,-0.08993751,-0.6299621,-10.203452,113
83,114,-0.08924081,-0.6299624,-10.203456,114
83,115,-0.09190279,-0.6299624,-10.203458,115
83,116,-0.096803665,-0.6299624,-10.203454,116
83,117,-0.09704808,-0.6299622,-10.203454,117
83,118,-0.09348531,-0.6299622,-10.203454,118
83,119,-0.08776985,-0.6299624,-10.203458,119
83,120,-0.08686382,-0.6299626,-10.203463,120
83,121,-0.08817712,-0.6299628,-10.203466,121
83,122,-0.08956708,-0.62996304,-10.20347,122
83,123,-0.091142096,-0.62996316,-10.20347,123
83,124,-0.0922944,-0.62996316,-10.203471,124
83,125,-0.09483412,-0.6299632,-10.203468,125
83,126,-0.09754816,-0.62996304,-10.203465,126
83,127,-0.099524565,-0.62996304,-10.203463,127
83,128,-0.102077365,-0.6299628,-10.203459,128
83,129,-0.104214594,-0.62996244,-10.203452,129
83,130,-0.104202114,-0.62996227,-10.203447,130
83,131,-0.103303716,-0.629962,-10.203446,131
83,132,-0.10222438,-0.62996197,-10.2034445,132
83,133,-0.10149691,-0.6299619,-10.203444,133
83,134,-0.09902335,-0.62996185,-10.203444,134
83,135,-0.09575262,-0.629962,-10.203447,135
83,136,-0.09365164,-0.6299623,-10.203449,136
83,137,-0.09205066,-0.6299625,-10.203454,137
83,138,-0.08959651,-0.6299628,-10.203458,138
83,139,-0.08957627,-0.6299631,-10.203463,139
83,140,-0.09045144,-0.6299634,-10.203467,140
83,141,-0.091248095,-0.62996364,-10.20347,141
83,142,-0.09751087,-0.62996364,-10.203471,142
83,143,-0.10190187,-0.62996346,-10.203471,143
83,144,-0.10464278,-0.62996334,-10.203468,144
83,145,-0.106639385,-0.6299631,-10.203465,145
83,146,-0.10784248,-0.6299628,-10.203461,146
83,147,-0.10871738,-0.62996256,-10.203457,147
83,148,-0.10830174,-0.6299622,-10.203453,148
83,149,-0.10604716,-0.6299619,-10.203449,149
83,150,-0.10243122,-0.62996185,-10.203449,150
83,151,-0.09863744,-0.6299619,-10.203449,151
83,152,-0.095480636,-0.629962,-10.203452,152
83,153,-0.09334855,-0.62996215,-10.203454,153
83,154,-0.091949336,-0.6299623,-10.203457,154
83,155,-0.091233924,-0.6299625,-10.203459,155
83,156,-0.08959601,-0.6299628,-10.203459,156
83,157,-0.08950147,-0.6299629,-10.203462,157
83,158,-0.089676805,-0.6299631,-10.203461,158
83,159,-0.08991096,-0.6299632,-10.203462,159
83,160,-0.08927598,-0.6299633,-10.203462,160
83,161,-0.09075651,-0.6299634,-10.203465,161
83,162,-0.09304701,-0.62996346,-10.203462,162
83,163,-0.09268555,-0.6299635,-10.203461,163
83,164,-0.092614956,-0.6299635,-10.203462,164
83,165,-0.10049782,-0.62996334,-10.203459,165
83,166,-0.1066946,-0.6299628,-10.203456,166
83,167,-0.11060574,-0.62996227,-10.203448,167
83,168,-0.11120641,-0.6299618,-10.20344,168
83,169,-0.11033097,-0.6299613,-10.203435,169
83,170,-0.10932314,-0.62996083,-10.203427,170
83,171,-0.10588884,-0.6299605,-10.20342,171
83,172,-0.1033629,-0.62996036,-10.203416,172
83,173,-0.101259805,-0.62996036,-10.203412,173
83,174,-0.0973029,-0.62996036,-10.203412,174
83,175,-0.095967986,-0.6299605,-10.203412,175
83,176,-0.09512145,-0.6299606,-10.203417,176
83,177,-0.094583705,-0.6299608,-10.203419,177
83,178,-0.09568266,-0.6299608,-10.203424,178
83,179,-0.09569641,-0.62996083,-10.203425,179
83,180,-0.09572626,-0.6299609,-10.203428,180
83,181,-0.09594489,-0.6299609,-10.203427,181
83,182,-0.096371844,-0.62996083,-10.203429,182
83,183,-0.100201175,-0.6299608,-10.203424,183
83,184,-0.10256295,-0.62996036,-10.203421,184
83,185,-0.10280358,-0.62996,-10.203416,185
83,186,-0.10223961,-0.6299597,-10.203411,186
83,187,-0.101549886,-0.62995934,-10.203406,187
83,188,-0.101113655,-0.62995917,-10.2034025,188
83,189,-0.10080962,-0.6299589,-10.203397,189
83,190,-0.10036997,-0.6299588,-10.20339,190
83,191,-0.101540424,-0.62995845,-10.2033825,191
83,192,-0.10289216,-0.62995815,-10.203376,192
83,193,-0.10358911,-0.6299578,-10.203369,193
83,194,-0.10395224,-0.6299575,-10.203366,194
83,195,-0.10438801,-0.6299573,-10.203362,195
83,196,-0.10310104,-0.62995726,-10.203359,196
83,197,-0.10244254,-0.62995714,-10.203358,197
83,198,-0.1021278,-0.629957,-10.203359,198
83,199,-0.101484075,-0.62995714,-10.203359,199
84,0,-0.0063638594,-0.1498894,-2.6880817,0
84,1,-0.039455477,-0.3444211,-5.7138667,1
84,2,-0.071517006,-0.51135737,-8.22912,2
84,3,-0.09085177,-0.5946885,-9.540495,3
84,4,-0.095679805,-0.6212666,-10.012901,4
84,5,-0.08756234,-0.62787354,-10.150782,5
84,6,-0.071174614,-0.62941146,-10.188035,6
84,7,-0.060390826,-0.62979436,-10.198318,7
84,8,-0.057832234,-0.62990713,-10.201482,8
84,9,-0.063374326,-0.62994725,-10.202625,9
84,10,-0.07689415,-0.6299641,-10.203106,10
84,11,-0.086805545,-0.6299726,-10.203341,11
84,12,-0.0954047,-0.62997735,-10.20347,12
84,13,-0.10084142,-0.6299803,-10.203548,13
84,14,-0.10986037,-0.6299821,-10.2036,14
84,15,-0.119225636,-0.6299832,-10.203633,15
84,16,-0.1290125,-0.6299839,-10.203653,16
84,17,-0.13294116,-0.62998456,-10.20367,17
84,18,-0.13360901,-0.629985,-10.20368,18
84,19,-0.13221546,-0.62998545,-10.2036915,19
84,20,-0.13466531,-0.62998563,-10.203698,20
84,21,-0.13712373,-0.6299859,-10.203707,21
84,22,-0.14011602,-0.62998605,-10.20371,22
84,23,-0.14251506,-0.62998617,-10.2037115,23
84,24,-0.1442795,-0.6299863,-10.203715,24
84,25,-0.14820552,-0.6299862,-10.203715,25
84,26,-0.15071951,-0.6299862,-10.203715,26
84,27,-0.15302986,-0.6299863,-10.203717,27
84,28,-0.15639909,-0.62998617,-10.203717,28
84,29,-0.15845105,-0.6299861,-10.203715,29
84,30,-0.15856645,-0.62998605,-10.203715,30
84,31,-0.1579572,-0.62998605,-10.203716,31
84,32,-0.15734918,-0.62998605,-10.203716,32
84,33,-0.1571231,-0.629986,-10.203717,33
84,34,-0.15467167,-0.62998617,-10.203717,34
84,35,-0.1523878,-0.6299862,-10.203719,35
84,36,-0.15112928,-0.6299863,-10.20372,36
84,37,-0.1500754,-0.62998635,-10.203721,37
84,38,-0.14821985,-0.62998646,-10.203724,38
84,39,-0.14854576,-0.62998646,-10.203725,39
84,40,-0.1492453,-0.62998646,-10.203724,40
84,41,-0.14983435,-0.6299865,-10.203725,41
84,42,-0.15495606,-0.62998646,-10.203725,42
84,43,-0.1579366,-0.62998646,-10.203724,43
84,44,-0.15996064,-0.6299864,-10.203724,44
84,45,-0.16150543,-0.62998635,-10.203722,45
84,46,-0.16241282,-0.62998617,-10.20372,46
84,47,-0.16300502,-0.62998605,-10.203719,47
84,48,-0.16229361,-0.6299861,-10.203717,48
84,49,-0.16010262,-0.6299863,-10.203719,49
84,50,-0.15681359,-0.62998617,-10.203719,50
84,51,-0.15369704,-0.62998617,-10.203719,51
84,52,-0.15131278,-0.6299863,-10.20372,52
84,53,-0.14973328,-0.62998635,-10.203722,53
84,54,-0.14870116,-0.62998646,-10.203724,54
84,55,-0.14810638,-0.6299865,-10.203722,55
84,56,-0.14749554,-0.6299866,-10.203725,56
84,57,-0.14740983,-0.6299866,-10.203724,57
84,58,-0.14772663,-0.6299866,-10.203726,58
84,59,-0.14818048,-0.6299866,-10.203725,59
84,60,-0.14762004,-0.62998664,-10.203727,60
84,61,-0.14908828,-0.62998664,-10.203727,61
84,62,-0.15137878,-0.62998664,-10.203727,62
84,63,-0.15107125,-0.6299866,-10.203727,63
84,64,-0.15140848,-0.6299865,-10.203729,64
84,65,-0.15790676,-0.62998646,-10.203727,65
84,66,-0.16183366,-0.62998635,-10.203725,66
84,67,-0.16550969,-0.62998617,-10.203722,67
84,68,-0.16604996,-0.6299861,-10.203721,68
84,69,-0.16563466,-0.62998605,-10.203719,69
84,70,-0.16514474,-0.629986,-10.203719,70
84,71,-0.16253126,-0.62998605,-10.203717,71
84,72,-0.16087185,-0.62998605,-10.203717,72
84,73,-0.1594236,-0.629986,-10.203719,73
84,74,-0.1564106,-0.62998605,-10.203719,74
84,75,-0.15507048,-0.62998617,-10.203721,75
84,76,-0.1546051,-0.62998617,-10.20372,76
84,77,-0.15434805,-0.6299863,-10.203722,77
84,78,-0.1544721,-0.6299863,-10.203721,78
84,79,-0.15454623,-0.62998635,-10.203721,79
84,80,-0.15433128,-0.6299863,-10.203721,80
84,81,-0.15405563,-0.62998635,-10.203721,81
84,82,-0.15424792,-0.6299864,-10.203722,82
84,83,-0.15779977,-0.6299863,-10.203721,83
84,84,-0.15902767,-0.6299863,-10.20372,84
84,85,-0.15905511,-0.6299863,-10.203719,85
84,86,-0.1587035,-0.6299862,-10.203719,86
84,87,-0.1582139,-0.6299862,-10.203719,87
84,88,-0.15822619,-0.6299862,-10.203716,88
84,89,-0.15783037,-0.62998617,-10.203715,89
84,90,-0.1592675,-0.62998605,-10.203716,90
84,91,-0.16076818,-0.629986,-10.203715,91
84,92,-0.1618545,-0.629986,-10.203714,92
84,93,-0.16216858,-0.6299859,-10.203712,93
84,94,-0.16256985,-0.629986,-10.203714,94
84,95,-0.16308211,-0.62998587,-10.203711,95
84,96,-0.16227731,-0.6299858,-10.2037115,96
84,97,-0.1617146,-0.62998575,-10.203712,97
84,98,-0.16146632,-0.62998575,-10.203711,98
84,99,-0.16092508,-0.62998575,-10.203712,99
84,100,-0.16062827,-0.62998575,-10.203712,100
84,101,-0.15928511,-0.62998575,-10.2037115,101
84,102,-0.15867957,-0.62998575,-10.203714,102
84,103,-0.15514438,-0.62998587,-10.203715,103
84,104,-0.15334478,-0.6299859,-10.203717,104
84,105,-0.1519432,-0.6299861,-10.203719,105
84,106,-0.15055402,-0.6299863,-10.20372,106
84,107,-0.14995795,-0.6299863,-10.203722,107
84,108,-0.14981441,-0.62998635,-10.203722,108
84,109,-0.14961395,-0.62998646,-10.203725,109
84,110,-0.1514242,-0.62998635,-10.203726,110
84,111,-0.15300898,-0.62998635,-10.203725,111
84,112,-0.15434264,-0.6299864,-10.203726,112
84,113,-0.15519536,-0.62998635,-10.203724,113
84,114,-0.15624726,-0.62998635,-10.203724,114
84,115,-0.15796238,-0.62998635,-10.203725,115
84,116,-0.15862033,-0.62998635,-10.203722,116
84,117,-0.15870383,-0.62998635,-10.203724,117
84,118,-0.15867703,-0.6299863,-10.203721,118
84,119,-0.15844434,-0.6299863,-10.20372,119
84,120,-0.15813547,-0.6299863,-10.20372,120
84,121,-0.1580978,-0.62998635,-10.20372,121
84,122,-0.15795812,-0.6299863,-10.203721,122
84,123,-0.15937293,-0.6299862,-10.20372,123
84,124,-0.16019844,-0.6299862,-10.203719,124
84,125,-0.16121316,-0.62998617,-10.203719,125
84,126,-0.16309717,-0.629986,-10.203716,126
84,127,-0.16469547,-0.6299859,-10.203715,127
84,128,-0.16588469,-0.62998587,-10.203715,128
84,129,-0.16606443,-0.6299858,-10.203712,129
84,130,-0.1657633,-0.62998575,-10.203712,130
84,131,-0.16564341,-0.62998563,-10.2037115,131
84,132,-0.1643552,-0.62998563,-10.2037115,132
84,133,-0.16359016,-0.6299857,-10.203712,133
84,134,-0.16315387,-0.62998563,-10.2037115,134
84,135,-0.15992679,-0.62998575,-10.203712,135
84,136,-0.15805352,-0.62998587,-10.203712,136
84,137,-0.15635501,-0.6299859,-10.203715,137
84,138,-0.15440026,-0.62998605,-10.203715,138
84,139,-0.15311238,-0.62998617,-10.203717,139
84,140,-0.15218353,-0.6299862,-10.203717,140
84,141,-0.15162872,-0.6299862,-10.203719,141
84,142,-0.15146568,-0.6299863,-10.20372,142
84,143,-0.15149446,-0.6299863,-10.203721,143
84,144,-0.15196532,-0.6299863,-10.203721,144
84,145,-0.15259495,-0.62998635,-10.203722,145
84,146,-0.15059863,-0.6299864,-10.203722,146
84,147,-0.1499504,-0.6299865,-10.203724,147
84,148,-0.15079172,-0.6299865,-10.203724,148
84,149,-0.15124346,-0.6299865,-10.203724,149
84,150,-0.15153307,-0.6299865,-10.203725,150
84,151,-0.15436162,-0.6299864,-10.203724,151
84,152,-0.15608254,-0.62998646,-10.203722,152
84,153,-0.15770195,-0.6299864,-10.203724,153
84,154,-0.15960126,-0.6299862,-10.203722,154
84,155,-0.16085476,-0.6299862,-10.203722,155
84,156,-0.16169746,-0.62998617,-10.203721,156
84,157,-0.16217366,-0.629986,-10.20372,157
84,158,-0.16245253,-0.62998605,-10.20372,158
84,159,-0.16159192,-0.62998605,-10.203719,159
84,160,-0.16103958,-0.6299861,-10.203719,160
84,161,-0.16014093,-0.62998617,-10.203719,161
84,162,-0.15898137,-0.62998617,-10.203717,162
84,163,-0.1585115,-0.6299861,-10.203716,163
84,164,-0.15771417,-0.62998617,-10.203717,164
84,165,-0.1567583,-0.6299862,-10.203719,165
84,166,-0.15599942,-0.62998617,-10.203719,166
84,167,-0.15469813,-0.6299862,-10.203719,167
84,168,-0.15317057,-0.62998635,-10.20372,168
84,169,-0.15224245,-0.6299863,-10.203719,169
84,170,-0.15130998,-0.62998635,-10.20372,170
84,171,-0.15042834,-0.62998646,-10.203721,171
84,172,-0.14946683,-0.6299865,-10.203721,172
84,173,-0.1466747,-0.6299866,-10.203722,173
84,174,-0.14592423,-0.6299866,-10.203725,174
84,175,-0.14811194,-0.62998664,-10.203724,175
84,176,-0.14997564,-0.6299866,-10.203722,176
84,177,-0.1512485,-0.6299866,-10.203724,177
84,178,-0.15474543,-0.62998646,-10.203722,178
84,179,-0.15685363,-0.6299864,-10.203721,179
84,180,-0.15878436,-0.62998635,-10.20372,180
84,181,-0.1605245,-0.6299863,-10.20372,181
84,182,-0.16246736,-0.6299861,-10.203719,182
84,183,-0.16343519,-0.6299861,-10.203717,183
84,184,-0.16323121,-0.62998605,-10.203715,184
84,185,-0.16274352,-0.6299859,-10.203715,185
84,186,-0.16242413,-0.6299859,-10.203715,186
84,187,-0.1601126,-0.6299859,-10.203715,187
84,188,-0.157293,-0.6299859,-10.203715,188
84,189,-0.15569583,-0.6299859,-10.203717,189
84,190,-0.15480012,-0.62998605,-10.203717,190
84,191,-0.15284677,-0.6299861,-10.203717,191
84,192,-0.15225539,-0.6299861,-10.20372,192
84,193,-0.15308316,-0.6299863,-10.203721,193
84,194,-0.15691122,-0.62998617,-10.203721,194
84,195,-0.15926614,-0.62998605,-10.203721,195
84,196,-0.1607407,-0.629986,-10.203719,196
84,197,-0.161656,-0.62998605,-10.20372,197
84,198,-0.1621868,-0.6299859,-10.203719,198
84,199,-0.16193318,-0.62998605,-10.203719,199
85,0,0.012789543,-0.13711214,-2.434386,0
85,1,-0.00028918433,-0.30224591,-5.0786824,1
85,2,-0.022026902,-0.45818862,-7.557779,2
85,3,-0.044749968,-0.55869186,-9.135466,3
85,4,-0.06505258,-0.6047591,-9.840658,4
85,5,-0.07609983,-0.62182575,-10.090741,5
85,6,-0.07332748,-0.6273939,-10.168972,6
85,7,-0.07567069,-0.62909853,-10.192001,7
85,8,-0.07937016,-0.62963915,-10.199138,8
85,9,-0.086182766,-0.6298267,-10.201607,9
85,10,-0.09549378,-0.62990034,-10.202583,10
85,11,-0.10558274,-0.6299333,-10.203026,11
85,12,-0.11500679,-0.6299498,-10.203252,12
85,13,-0.123326994,-0.6299589,-10.203378,13
85,14,-0.13018326,-0.6299644,-10.203453,14
85,15,-0.1358388,-0.62996787,-10.203501,15
85,16,-0.1404299,-0.62997013,-10.203534,16
85,17,-0.14313273,-0.62997174,-10.203557,17
85,18,-0.14541113,-0.6299728,-10.203573,18
85,19,-0.14899312,-0.6299736,-10.203585,19
85,20,-0.15166524,-0.6299742,-10.203594,20
85,21,-0.15284269,-0.62997454,-10.2036,21
85,22,-0.15339635,-0.6299749,-10.203608,22
85,23,-0.15379678,-0.6299752,-10.203612,23
85,24,-0.15279004,-0.6299753,-10.203617,24
85,25,-0.15380014,-0.6299755,-10.203619,25
85,26,-0.15429972,-0.6299757,-10.203623,26
85,27,-0.15519157,-0.62997586,-10.203626,27
85,28,-0.15726693,-0.6299759,-10.203627,28
85,29,-0.15818012,-0.629976,-10.203628,29
85,30,-0.15909837,-0.62997603,-10.20363,30
85,31,-0.15905042,-0.6299761,-10.20363,31
85,32,-0.15830147,-0.6299762,-10.203631,32
85,33,-0.15765288,-0.6299762,-10.203631,33
85,34,-0.15669075,-0.6299762,-10.203632,34
85,35,-0.15604939,-0.6299762,-10.203632,35
85,36,-0.15094256,-0.62997633,-10.203632,36
85,37,-0.15109259,-0.62997633,-10.203636,37
85,38,-0.15071195,-0.62997633,-10.203637,38
85,39,-0.15068282,-0.6299764,-10.203639,39
85,40,-0.15250531,-0.6299764,-10.203639,40
85,41,-0.15487042,-0.6299764,-10.203641,41
85,42,-0.15512943,-0.6299764,-10.20364,42
85,43,-0.15462902,-0.6299764,-10.20364,43
85,44,-0.15407601,-0.6299765,-10.203639,44
85,45,-0.1537573,-0.62997645,-10.203639,45
85,46,-0.14971425,-0.6299765,-10.203636,46
85,47,-0.14770092,-0.6299765,-10.203635,47
85,48,-0.14625166,-0.6299765,-10.203632,48
85,49,-0.14431812,-0.62997663,-10.203632,49
85,50,-0.14306659,-0.62997663,-10.203632,50
85,51,-0.14213145,-0.62997663,-10.20363,51
85,52,-0.13920803,-0.6299766,-10.203632,52
85,53,-0.1372266,-0.62997663,-10.203632,53
85,54,-0.13789745,-0.62997645,-10.203635,54
85,55,-0.13771272,-0.6299766,-10.203639,55
85,56,-0.13737838,-0.6299765,-10.20364,56
85,57,-0.13611744,-0.6299767,-10.20364,57
85,58,-0.13458732,-0.62997675,-10.203639,58
85,59,-0.13383023,-0.62997663,-10.203637,59
85,60,-0.13264719,-0.6299768,-10.203636,60
85,61,-0.13209276,-0.6299768,-10.203636,61
85,62,-0.13151762,-0.6299768,-10.203635,62
85,63,-0.13405271,-0.62997675,-10.203631,63
85,64,-0.13568749,-0.62997675,-10.20363,64
85,65,-0.13454103,-0.6299768,-10.20363,65
85,66,-0.13968888,-0.62997663,-10.203627,66
85,67,-0.14303756,-0.62997663,-10.203627,67
85,68,-0.14541227,-0.6299767,-10.203627,68
85,69,-0.14773886,-0.62997663,-10.203626,69
85,70,-0.14939158,-0.6299765,-10.203626,70
85,71,-0.15040042,-0.6299765,-10.203626,71
85,72,-0.15120694,-0.62997645,-10.203624,72
85,73,-0.15269089,-0.6299764,-10.203627,73
85,74,-0.15360641,-0.6299764,-10.203626,74
85,75,-0.15501815,-0.62997633,-10.203626,75
85,76,-0.15850593,-0.62997633,-10.203627,76
85,77,-0.15997142,-0.62997633,-10.203628,77
85,78,-0.16034395,-0.62997633,-10.203626,78
85,79,-0.15922692,-0.62997633,-10.203624,79
85,80,-0.15664977,-0.6299762,-10.203624,80
85,81,-0.15468898,-0.6299762,-10.203624,81
85,82,-0.15330377,-0.6299762,-10.203624,82
85,83,-0.1480373,-0.6299762,-10.203626,83
85,84,-0.14486715,-0.6299762,-10.203626,84
85,85,-0.14190005,-0.62997615,-10.203627,85
85,86,-0.13969164,-0.62997615,-10.203628,86
85,87,-0.1365509,-0.62997633,-10.20363,87
85,88,-0.1365772,-0.6299762,-10.203631,88
85,89,-0.13701975,-0.6299762,-10.203631,89
85,90,-0.13725613,-0.6299764,-10.203633,90
85,91,-0.1403539,-0.62997633,-10.203635,91
85,92,-0.14204073,-0.6299764,-10.203635,92
85,93,-0.14396265,-0.6299764,-10.203636,93
85,94,-0.14772388,-0.6299764,-10.203637,94
85,95,-0.14867039,-0.62997633,-10.203633,95
85,96,-0.15293242,-0.6299761,-10.20363,96
85,97,-0.15552096,-0.629976,-10.203627,97
85,98,-0.15773247,-0.6299758,-10.203624,98
85,99,-0.16068299,-0.6299755,-10.203622,99
85,100,-0.1605131,-0.6299753,-10.203621,100
85,101,-0.15992628,-0.6299751,-10.203619,101
85,102,-0.15940338,-0.62997496,-10.203616,102
85,103,-0.15325026,-0.6299749,-10.203616,103
85,104,-0.14969419,-0.6299748,-10.203614,104
85,105,-0.14647211,-0.6299748,-10.203614,105
85,106,-0.14152104,-0.6299747,-10.203617,106
85,107,-0.14258324,-0.6299748,-10.203617,107
85,108,-0.14403628,-0.62997466,-10.203617,108
85,109,-0.14588511,-0.62997466,-10.203618,109
85,110,-0.15227216,-0.6299746,-10.203617,110
85,111,-0.15089263,-0.6299746,-10.203617,111
85,112,-0.14817326,-0.6299746,-10.203617,112
85,113,-0.14173906,-0.62997466,-10.203617,113
85,114,-0.1424016,-0.6299748,-10.203618,114
85,115,-0.14540748,-0.6299748,-10.203618,115
85,116,-0.15134808,-0.62997466,-10.203619,116
85,117,-0.1506229,-0.6299748,-10.203618,117
85,118,-0.14682028,-0.6299748,-10.203619,118
85,119,-0.14058226,-0.6299749,-10.203621,119
85,120,-0.14065808,-0.6299749,-10.203621,120
85,121,-0.14150904,-0.62997496,-10.203623,121
85,122,-0.14321826,-0.62997496,-10.203626,122
85,123,-0.14469557,-0.629975,-10.203626,123
85,124,-0.14579743,-0.6299751,-10.203624,124
85,125,-0.14956594,-0.6299751,-10.203624,125
85,126,-0.15190355,-0.6299751,-10.203622,126
85,127,-0.15419504,-0.6299752,-10.203622,127
85,128,-0.1576169,-0.6299752,-10.203619,128
85,129,-0.15946826,-0.62997526,-10.203618,129
85,130,-0.15892662,-0.62997526,-10.203617,130
85,131,-0.15781587,-0.6299752,-10.203616,131
85,132,-0.15665227,-0.62997514,-10.203616,132
85,133,-0.15589055,-0.62997526,-10.203614,133
85,134,-0.15235372,-0.6299752,-10.203616,134
85,135,-0.14884315,-0.6299752,-10.203614,135
85,136,-0.14654174,-0.62997526,-10.203617,136
85,137,-0.14429829,-0.6299752,-10.203614,137
85,138,-0.14085001,-0.6299753,-10.203614,138
85,139,-0.14067572,-0.6299752,-10.203617,139
85,140,-0.1408202,-0.6299754,-10.203616,140
85,141,-0.14092198,-0.6299754,-10.203616,141
85,142,-0.14813551,-0.62997526,-10.203617,142
85,143,-0.15190361,-0.6299753,-10.203617,143
85,144,-0.15498012,-0.62997526,-10.203617,144
85,145,-0.15764286,-0.62997526,-10.203617,145
85,146,-0.15954596,-0.6299752,-10.203617,146
85,147,-0.16126965,-0.6299752,-10.203616,147
85,148,-0.16138712,-0.6299751,-10.203616,148
85,149,-0.15958092,-0.62997514,-10.203618,149
85,150,-0.15629987,-0.62997496,-10.203618,150
85,151,-0.15296513,-0.62997496,-10.203618,151
85,152,-0.15010944,-0.6299749,-10.203619,152
85,153,-0.1479722,-0.62997496,-10.203619,153
85,154,-0.14627165,-0.6299749,-10.203622,154
85,155,-0.14511335,-0.62997496,-10.203622,155
85,156,-0.14280179,-0.6299752,-10.203619,156
85,157,-0.14163898,-0.6299751,-10.203619,157
85,158,-0.14090842,-0.62997526,-10.203618,158
85,159,-0.14029682,-0.62997526,-10.203616,159
85,160,-0.13849993,-0.6299752,-10.203613,160
85,161,-0.13983706,-0.6299753,-10.203612,161
85,162,-0.14176235,-0.62997526,-10.203611,162
85,163,-0.14020379,-0.6299752,-10.203609,163
85,164,-0.14001232,-0.6299752,-10.203607,164
85,165,-0.14918274,-0.629975,-10.203608,165
85,166,-0.15472512,-0.6299749,-10.203607,166
85,167,-0.15978459,-0.6299748,-10.203607,167
85,168,-0.16072766,-0.62997466,-10.203605,168
85,169,-0.16073644,-0.6299746,-10.203604,169
85,170,-0.1606101,-0.6299745,-10.203604,170
85,171,-0.15718476,-0.62997437,-10.203602,171
85,172,-0.15523592,-0.6299744,-10.203599,172
85,173,-0.15316516,-0.6299745,-10.2036,173
85,174,-0.14859445,-0.62997437,-10.203598,174
85,175,-0.14727277,-0.62997437,-10.203597,175
85,176,-0.14642198,-0.6299743,-10.203598,176
85,177,-0.14573278,-0.62997437,-10.203599,177
85,178,-0.14657521,-0.6299742,-10.203602,178
85,179,-0.14675272,-0.6299742,-10.203603,179
85,180,-0.1468349,-0.6299742,-10.203605,180
85,181,-0.1471748,-0.6299741,-10.203607,181
85,182,-0.14811108,-0.6299741,-10.2036085,182
85,183,-0.15368548,-0.62997395,-10.2036085,183
85,184,-0.15601048,-0.62997395,-10.203608,184
85,185,-0.15715516,-0.6299739,-10.2036085,185
85,186,-0.15780991,-0.62997377,-10.203608,186
85,187,-0.15824187,-0.6299737,-10.203608,187
85,188,-0.159072,-0.62997365,-10.203608,188
85,189,-0.15948707,-0.62997353,-10.2036085,189
85,190,-0.16071564,-0.6299736,-10.203607,190
85,191,-0.16193704,-0.6299736,-10.203604,191
85,192,-0.16282585,-0.6299736,-10.203602,192
85,193,-0.1630604,-0.6299736,-10.2036,193
85,194,-0.16349125,-0.6299735,-10.203602,194
85,195,-0.16405451,-0.6299736,-10.203602,195
85,196,-0.16233689,-0.6299736,-10.203598,196
85,197,-0.1614369,-0.62997365,-10.2036,197
85,198,-0.16076851,-0.6299736,-10.203598,198
85,199,-0.15963875,-0.6299737,-10.203598,199
86,0,0.019945245,-0.136988,-2.1965709,0
86,1,0.01450433,-0.30055448,-4.426474,1
86,2,-0.0038069407,-0.45309207,-6.645859,2
86,3,-0.030164462,-0.55339193,-8.353184,3
86,4,-0.0615427,-0.6013792,-9.355494,4
86,5,-0.09030796,-0.62014043,-9.84926,5
86,6,-0.10956623,-0.6266903,-10.065895,6
86,7,-0.12645613,-0.6288054,-10.149105,7
86,8,-0.13737558,-0.6295111,-10.18074,8
86,9,-0.14382806,-0.6297658,-10.193081,9
86,10,-0.14814802,-0.6298685,-10.198201,10
86,11,-0.15143791,-0.6299149,-10.200517,11
86,12,-0.15403381,-0.62993824,-10.201666,12
86,13,-0.15595871,-0.6299511,-10.202285,13
86,14,-0.15740874,-0.62995875,-10.202644,14
86,15,-0.15855251,-0.62996364,-10.2028675,15
86,16,-0.15949795,-0.6299668,-10.20301,16
86,17,-0.1596735,-0.629969,-10.203108,17
86,18,-0.15983249,-0.62997043,-10.2031765,18
86,19,-0.16124332,-0.62997174,-10.203226,19
86,20,-0.16262794,-0.62997246,-10.203264,20
86,21,-0.16330095,-0.62997305,-10.203293,21
86,22,-0.1636481,-0.6299736,-10.203316,22
86,23,-0.16396329,-0.6299739,-10.203334,23
86,24,-0.16347347,-0.6299743,-10.203346,24
86,25,-0.16425279,-0.62997454,-10.2033615,25
86,26,-0.16485944,-0.6299748,-10.203371,26
86,27,-0.16565481,-0.62997496,-10.203379,27
86,28,-0.16716436,-0.6299751,-10.203385,28
86,29,-0.16798383,-0.62997514,-10.20339,29
86,30,-0.16867155,-0.6299752,-10.203393,30
86,31,-0.16873977,-0.6299752,-10.203396,31
86,32,-0.168288,-0.6299752,-10.203398,32
86,33,-0.1678007,-0.6299754,-10.203401,33
86,34,-0.1671355,-0.6299754,-10.203404,34
86,35,-0.16665432,-0.6299755,-10.203405,35
86,36,-0.16331784,-0.6299756,-10.203407,36
86,37,-0.16307263,-0.6299758,-10.203415,37
86,38,-0.16317175,-0.6299759,-10.203417,38
86,39,-0.16352144,-0.6299761,-10.2034235,39
86,40,-0.16503923,-0.6299761,-10.203427,40
86,41,-0.1671522,-0.62997615,-10.203428,41
86,42,-0.16783637,-0.6299761,-10.203428,42
86,43,-0.16771042,-0.6299762,-10.203428,43
86,44,-0.16732095,-0.6299761,-10.203428,44
86,45,-0.16699359,-0.6299761,-10.203427,45
86,46,-0.16424051,-0.6299761,-10.203425,46
86,47,-0.16213864,-0.6299761,-10.203427,47
86,48,-0.16051915,-0.6299762,-10.203429,48
86,49,-0.15859777,-0.62997633,-10.20343,49
86,50,-0.15705648,-0.6299765,-10.203433,50
86,51,-0.15584205,-0.6299765,-10.203437,51
86,52,-0.15349515,-0.6299768,-10.20344,52
86,53,-0.15246838,-0.62997705,-10.203447,53
86,54,-0.15374634,-0.6299772,-10.203452,54
86,55,-0.15473114,-0.6299773,-10.203456,55
86,56,-0.15550552,-0.62997735,-10.203459,56
86,57,-0.15542649,-0.62997735,-10.203461,57
86,58,-0.15466985,-0.62997735,-10.203462,58
86,59,-0.15400787,-0.6299774,-10.203464,59
86,60,-0.15289906,-0.62997746,-10.203464,60
86,61,-0.1520889,-0.6299776,-10.203467,61
86,62,-0.15123124,-0.62997764,-10.203468,62
86,63,-0.15253423,-0.62997746,-10.20347,63
86,64,-0.15312059,-0.6299776,-10.203472,64
86,65,-0.15170461,-0.6299775,-10.20347,65
86,66,-0.15471101,-0.6299775,-10.203471,66
86,67,-0.15683708,-0.6299774,-10.203467,67
86,68,-0.1582521,-0.6299773,-10.203465,68
86,69,-0.15965244,-0.6299771,-10.203463,69
86,70,-0.16081415,-0.62997705,-10.203462,70
86,71,-0.16160548,-0.6299769,-10.203458,71
86,72,-0.16225669,-0.6299768,-10.203456,72
86,73,-0.16340141,-0.6299767,-10.203452,73
86,74,-0.16418296,-0.6299765,-10.203449,74
86,75,-0.16523331,-0.6299765,-10.203446,75
86,76,-0.16762617,-0.62997633,-10.203444,76
86,77,-0.16881761,-0.6299762,-10.20344,77
86,78,-0.16908953,-0.629976,-10.203435,78
86,79,-0.16815527,-0.6299759,-10.20343,79
86,80,-0.16606341,-0.6299759,-10.203427,80
86,81,-0.16438626,-0.6299758,-10.203425,81
86,82,-0.1632567,-0.6299759,-10.203425,82
86,83,-0.15961897,-0.62997603,-10.203427,83
86,84,-0.1574823,-0.62997615,-10.203429,84
86,85,-0.15572907,-0.6299764,-10.203434,85
86,86,-0.15458113,-0.6299766,-10.203438,86
86,87,-0.15278514,-0.62997663,-10.20344,87
86,88,-0.15325496,-0.6299768,-10.203446,88
86,89,-0.15414572,-0.6299769,-10.203448,89
86,90,-0.1548591,-0.6299769,-10.203452,90
86,91,-0.15747474,-0.6299771,-10.203453,91
86,92,-0.15919779,-0.629977,-10.203456,92
86,93,-0.16093801,-0.629977,-10.203456,93
86,94,-0.16379406,-0.629977,-10.203454,94
86,95,-0.16456681,-0.62997675,-10.203449,95
86,96,-0.16775069,-0.6299765,-10.203446,96
86,97,-0.16977656,-0.62997633,-10.20344,97
86,98,-0.17141642,-0.629976,-10.20343,98
86,99,-0.17341936,-0.6299757,-10.203424,99
86,100,-0.17346895,-0.6299754,-10.203417,100
86,101,-0.17300971,-0.6299752,-10.203409,101
86,102,-0.17253539,-0.6299749,-10.203401,102
86,103,-0.16837928,-0.6299749,-10.203396,103
86,104,-0.16574645,-0.6299748,-10.203393,104
86,105,-0.16360651,-0.6299748,-10.203393,105
86,106,-0.1603989,-0.6299749,-10.203395,106
86,107,-0.16138962,-0.62997496,-10.203395,107
86,108,-0.16289486,-0.6299749,-10.203397,108
86,109,-0.16457652,-0.6299749,-10.203396,109
86,110,-0.1689676,-0.62997466,-10.203396,110
86,111,-0.16850328,-0.62997466,-10.203391,111
86,112,-0.1666451,-0.6299746,-10.203388,112
86,113,-0.16220355,-0.62997466,-10.20339,113
86,114,-0.16251144,-0.6299747,-10.203391,114
86,115,-0.1646096,-0.6299748,-10.203393,115
86,116,-0.16851905,-0.62997466,-10.203393,116
86,117,-0.16827907,-0.62997466,-10.203392,117
86,118,-0.16561571,-0.6299747,-10.20339,118
86,119,-0.16114654,-0.62997484,-10.203391,119
86,120,-0.16100986,-0.6299749,-10.203395,120
86,121,-0.16174318,-0.629975,-10.203397,121
86,122,-0.16317005,-0.629975,-10.203402,122
86,123,-0.16429952,-0.6299751,-10.203402,123
86,124,-0.16503671,-0.6299751,-10.203402,124
86,125,-0.1672535,-0.6299749,-10.203401,125
86,126,-0.16837776,-0.62997484,-10.2034,126
86,127,-0.16932154,-0.6299747,-10.203396,127
86,128,-0.17085771,-0.62997454,-10.203391,128
86,129,-0.17142238,-0.6299743,-10.203386,129
86,130,-0.17043649,-0.6299743,-10.203382,130
86,131,-0.16898724,-0.6299742,-10.203377,131
86,132,-0.16763641,-0.6299741,-10.203374,132
86,133,-0.16671379,-0.6299741,-10.203374,133
86,134,-0.1641395,-0.6299742,-10.203373,134
86,135,-0.16156207,-0.6299743,-10.203374,135
86,136,-0.15992196,-0.62997437,-10.203378,136
86,137,-0.15847203,-0.62997454,-10.203382,137
86,138,-0.15621611,-0.6299747,-10.203386,138
86,139,-0.15621707,-0.6299749,-10.203391,139
86,140,-0.15660034,-0.629975,-10.203396,140
86,141,-0.15693797,-0.62997514,-10.2034,141
86,142,-0.16197439,-0.62997496,-10.2034025,142
86,143,-0.16502267,-0.62997496,-10.203401,143
86,144,-0.16733156,-0.62997484,-10.2034,144
86,145,-0.16921206,-0.6299748,-10.203397,145
86,146,-0.17052,-0.6299746,-10.203395,146
86,147,-0.17163879,-0.6299745,-10.20339,147
86,148,-0.17178185,-0.6299744,-10.203386,148
86,149,-0.17067921,-0.62997437,-10.2033825,149
86,150,-0.16859356,-0.6299743,-10.203382,150
86,151,-0.16653597,-0.6299745,-10.203382,151
86,152,-0.1649334,-0.6299745,-10.2033825,152
86,153,-0.16387044,-0.6299746,-10.203383,153
86,154,-0.16308303,-0.62997466,-10.203387,154
86,155,-0.16259408,-0.6299748,-10.203388,155
86,156,-0.16109629,-0.6299747,-10.203391,156
86,157,-0.16000175,-0.62997484,-10.20339,157
86,158,-0.15912424,-0.62997484,-10.203393,158
86,159,-0.15828326,-0.6299749,-10.203395,159
86,160,-0.15658523,-0.62997496,-10.203398,160
86,161,-0.15707602,-0.629975,-10.203401,161
86,162,-0.15810204,-0.62997496,-10.203401,162
86,163,-0.15665624,-0.62997496,-10.203401,163
86,164,-0.15597208,-0.62997496,-10.203401,164
86,165,-0.16179375,-0.6299748,-10.203401,165
86,166,-0.16598728,-0.6299746,-10.203397,166
86,167,-0.16982521,-0.6299743,-10.203393,167
86,168,-0.17086196,-0.62997407,-10.203385,168
86,169,-0.17085087,-0.62997377,-10.203378,169
86,170,-0.17057481,-0.62997365,-10.203371,170
86,171,-0.16804871,-0.6299735,-10.203364,171
86,172,-0.16619666,-0.62997335,-10.20336,172
86,173,-0.16437556,-0.6299732,-10.203358,173
86,174,-0.16080707,-0.6299733,-10.203355,174
86,175,-0.15952139,-0.6299734,-10.203357,175
86,176,-0.1590491,-0.6299735,-10.203359,176
86,177,-0.1588703,-0.62997365,-10.203362,177
86,178,-0.15999033,-0.62997377,-10.203364,178
86,179,-0.16093236,-0.6299738,-10.203367,179
86,180,-0.1618006,-0.62997395,-10.203367,180
86,181,-0.16283982,-0.6299739,-10.203369,181
86,182,-0.16426824,-0.6299739,-10.203371,182
86,183,-0.1684296,-0.62997377,-10.203371,183
86,184,-0.17054339,-0.6299736,-10.203366,184
86,185,-0.17161798,-0.6299736,-10.203362,185
86,186,-0.17222545,-0.6299735,-10.20336,186
86,187,-0.17261003,-0.6299733,-10.203355,187
86,188,-0.17317022,-0.6299732,-10.203352,188
86,189,-0.17344029,-0.62997305,-10.203346,189
86,190,-0.17401025,-0.62997264,-10.203341,190
86,191,-0.17419937,-0.6299725,-10.203335,191
86,192,-0.17400594,-0.62997216,-10.203326,192
86,193,-0.17340969,-0.629972,-10.203321,193
86,194,-0.17300493,-0.6299718,-10.203315,194
86,195,-0.17279744,-0.6299717,-10.20331,195
86,196,-0.1712638,-0.62997156,-10.203305,196
86,197,-0.17001452,-0.6299715,-10.2033,197
86,198,-0.16907328,-0.62997144,-10.203297,198
86,199,-0.16797177,-0.62997144,-10.203296,199
87,0,-0.010058163,-0.10617152,-1.9669255,0
87,1,-0.045950033,-0.23408484,-3.9435487,1
87,2,-0.08260122,-0.37805954,-6.0796976,2
87,3,-0.11044427,-0.50081044,-7.9500866,3
87,4,-0.13026524,-0.5764124,-9.179722,4
87,5,-0.14127387,-0.61128247,-9.808572,5
87,6,-0.14160982,-0.62415206,-10.069833,6
87,7,-0.14132454,-0.6282086,-10.160546,7
87,8,-0.13888815,-0.6294097,-10.189301,8
87,9,-0.13648415,-0.629774,-10.19836,9
87,10,-0.14048645,-0.6298949,-10.201388,10
87,11,-0.13849087,-0.629941,-10.202545,11
87,12,-0.13628422,-0.6299611,-10.20305,12
87,13,-0.13132398,-0.6299709,-10.203299,13
87,14,-0.13480757,-0.6299764,-10.203432,14
87,15,-0.14114152,-0.6299795,-10.203505,15
87,16,-0.1500065,-0.62998146,-10.203551,16
87,17,-0.15121938,-0.6299826,-10.203579,17
87,18,-0.14857988,-0.6299835,-10.2036,18
87,19,-0.14317806,-0.62998414,-10.203616,19
87,20,-0.14470194,-0.62998456,-10.203629,20
87,21,-0.14655386,-0.629985,-10.20364,21
87,22,-0.1496107,-0.62998515,-10.203646,22
87,23,-0.15216027,-0.62998533,-10.2036495,23
87,24,-0.15394852,-0.6299855,-10.203651,24
87,25,-0.15919484,-0.6299855,-10.203654,25
87,26,-0.16231048,-0.6299856,-10.203653,26
87,27,-0.16508007,-0.6299856,-10.203654,27
87,28,-0.16929953,-0.62998545,-10.20365,28
87,29,-0.17152181,-0.62998545,-10.2036495,29
87,30,-0.17099988,-0.62998533,-10.203649,30
87,31,-0.16964237,-0.6299852,-10.203647,31
87,32,-0.16828457,-0.62998515,-10.203647,32
87,33,-0.16747704,-0.62998515,-10.203649,33
87,34,-0.16348092,-0.6299851,-10.20365,34
87,35,-0.15965706,-0.62998515,-10.203653,35
87,36,-0.15740685,-0.62998515,-10.203654,36
87,37,-0.15535733,-0.6299853,-10.203656,37
87,38,-0.15192626,-0.62998533,-10.203659,38
87,39,-0.15218483,-0.62998545,-10.20366,39
87,40,-0.15287125,-0.6299855,-10.203663,40
87,41,-0.15339395,-0.6299855,-10.203664,41
87,42,-0.16142282,-0.6299855,-10.203664,42
87,43,-0.16545208,-0.6299856,-10.203663,43
87,44,-0.16830583,-0.62998545,-10.203661,44
87,45,-0.17053124,-0.6299855,-10.20366,45
87,46,-0.17186648,-0.62998545,-10.203658,46
87,47,-0.17282844,-0.62998533,-10.203656,47
87,48,-0.17198448,-0.62998533,-10.203656,48
87,49,-0.16914976,-0.62998533,-10.203655,49
87,50,-0.16484345,-0.62998533,-10.203658,50
87,51,-0.16078387,-0.6299853,-10.203661,51
87,52,-0.1577334,-0.6299856,-10.203663,52
87,53,-0.15581702,-0.6299855,-10.203665,53
87,54,-0.15461291,-0.62998563,-10.203665,54
87,55,-0.15397027,-0.6299857,-10.203666,55
87,56,-0.15316857,-0.62998575,-10.203666,56
87,57,-0.15309961,-0.62998575,-10.203666,57
87,58,-0.1533367,-0.6299858,-10.203665,58
87,59,-0.15366395,-0.62998575,-10.203666,59
87,60,-0.15230793,-0.62998575,-10.203665,60
87,61,-0.15433092,-0.62998575,-10.203664,61
87,62,-0.15736027,-0.6299857,-10.203661,62
87,63,-0.15611388,-0.6299856,-10.203661,63
87,64,-0.15607889,-0.6299856,-10.203659,64
87,65,-0.16600262,-0.6299855,-10.203658,65
87,66,-0.17111206,-0.6299854,-10.203656,66
87,67,-0.17586237,-0.62998533,-10.203655,67
87,68,-0.17627935,-0.6299852,-10.203651,68
87,69,-0.17568521,-0.62998515,-10.2036495,69
87,70,-0.17505594,-0.6299851,-10.203649,70
87,71,-0.17132312,-0.629985,-10.203647,71
87,72,-0.16915308,-0.62998503,-10.203649,72
87,73,-0.16706847,-0.6299849,-10.203649,73
87,74,-0.16247858,-0.6299849,-10.203647,74
87,75,-0.1605612,-0.629985,-10.20365,75
87,76,-0.1595711,-0.6299851,-10.203654,76
87,77,-0.15895559,-0.6299851,-10.203653,77
87,78,-0.15908948,-0.62998515,-10.203655,78
87,79,-0.15901193,-0.6299852,-10.203658,79
87,80,-0.15881483,-0.62998533,-10.20366,80
87,81,-0.1586776,-0.6299854,-10.203661,81
87,82,-0.15937027,-0.62998545,-10.203663,82
87,83,-0.16542478,-0.6299856,-10.203661,83
87,84,-0.16750297,-0.6299855,-10.20366,84
87,85,-0.16797101,-0.6299855,-10.203659,85
87,86,-0.1680019,-0.6299855,-10.203656,86
87,87,-0.16786768,-0.6299854,-10.203656,87
87,88,-0.16840354,-0.6299854,-10.203654,88
87,89,-0.16834135,-0.6299854,-10.203655,89
87,90,-0.17063998,-0.6299854,-10.203651,90
87,91,-0.17293711,-0.6299852,-10.203649,91
87,92,-0.17436515,-0.6299852,-10.203644,92
87,93,-0.17461449,-0.6299851,-10.20364,93
87,94,-0.17488101,-0.629985,-10.203639,94
87,95,-0.1753228,-0.6299849,-10.203637,95
87,96,-0.17389162,-0.6299848,-10.203636,96
87,97,-0.17298876,-0.62998474,-10.203636,97
87,98,-0.17237556,-0.62998474,-10.203633,98
87,99,-0.17130451,-0.6299846,-10.203633,99
87,100,-0.17062809,-0.6299846,-10.203635,100
87,101,-0.16836083,-0.6299847,-10.203636,101
87,102,-0.16733076,-0.6299846,-10.203637,102
87,103,-0.16207421,-0.62998474,-10.20364,103
87,104,-0.15929069,-0.6299848,-10.203644,104
87,105,-0.15698434,-0.6299849,-10.203646,105
87,106,-0.15459569,-0.629985,-10.203649,106
87,107,-0.1533934,-0.6299851,-10.20365,107
87,108,-0.15283157,-0.6299852,-10.203653,108
87,109,-0.15215728,-0.62998533,-10.203655,109
87,110,-0.15495797,-0.62998533,-10.203654,110
87,111,-0.15703617,-0.62998533,-10.203655,111
87,112,-0.15850441,-0.62998533,-10.203655,112
87,113,-0.1593951,-0.62998533,-10.203656,113
87,114,-0.16075683,-0.62998533,-10.203658,114
87,115,-0.1633098,-0.6299854,-10.203658,115
87,116,-0.16440481,-0.62998545,-10.203656,116
87,117,-0.16486414,-0.6299854,-10.203659,117
87,118,-0.1652792,-0.62998533,-10.203656,118
87,119,-0.16541052,-0.62998545,-10.203659,119
87,120,-0.16546765,-0.62998545,-10.203658,120
87,121,-0.16593052,-0.6299856,-10.203658,121
87,122,-0.1661976,-0.6299854,-10.203656,122
87,123,-0.16862212,-0.62998533,-10.203653,123
87,124,-0.17004114,-0.62998533,-10.203651,124
87,125,-0.17153814,-0.6299852,-10.2036495,125
87,126,-0.17408329,-0.6299851,-10.203645,126
87,127,-0.17618863,-0.62998515,-10.203644,127
87,128,-0.17744483,-0.629985,-10.203642,128
87,129,-0.17746623,-0.6299848,-10.20364,129
87,130,-0.17692062,-0.62998474,-10.203639,130
87,131,-0.17659864,-0.6299846,-10.203636,131
87,132,-0.17480484,-0.6299847,-10.203635,132
87,133,-0.17359164,-0.6299846,-10.203633,133
87,134,-0.172842,-0.62998456,-10.203636,134
87,135,-0.16832086,-0.62998456,-10.203639,135
87,136,-0.16573344,-0.62998474,-10.203642,136
87,137,-0.1635432,-0.6299848,-10.203645,137
87,138,-0.16099446,-0.629985,-10.203649,138
87,139,-0.15942447,-0.6299849,-10.2036495,139
87,140,-0.15839835,-0.62998515,-10.20365,140
87,141,-0.15781507,-0.6299852,-10.203654,141
87,142,-0.15765479,-0.6299852,-10.203651,142
87,143,-0.1577473,-0.62998533,-10.203654,143
87,144,-0.15816928,-0.62998533,-10.203651,144
87,145,-0.15873548,-0.6299853,-10.203651,145
87,146,-0.15501896,-0.62998533,-10.203653,146
87,147,-0.15344289,-0.62998545,-10.203656,147
87,148,-0.15448001,-0.6299855,-10.203656,148
87,149,-0.15516886,-0.62998545,-10.203659,149
87,150,-0.15558943,-0.6299856,-10.203658,150
87,151,-0.16011424,-0.6299855,-10.203658,151
87,152,-0.16263118,-0.6299855,-10.203654,152
87,153,-0.16480176,-0.62998545,-10.203654,153
87,154,-0.16736606,-0.62998533,-10.20365,154
87,155,-0.16889708,-0.62998515,-10.203649,155
87,156,-0.16977762,-0.62998503,-10.203647,156
87,157,-0.17020218,-0.6299851,-10.203647,157
87,158,-0.17041126,-0.6299849,-10.203645,158
87,159,-0.16909166,-0.629985,-10.203647,159
87,160,-0.16820447,-0.62998503,-10.203647,160
87,161,-0.16718604,-0.62998503,-10.203649,161
87,162,-0.16591637,-0.62998515,-10.203651,162
87,163,-0.1657249,-0.62998515,-10.20365,163
87,164,-0.16509338,-0.62998515,-10.203651,164
87,165,-0.16416909,-0.6299852,-10.203653,165
87,166,-0.16350077,-0.6299853,-10.203651,166
87,167,-0.16191489,-0.6299852,-10.203653,167
87,168,-0.15992977,-0.6299853,-10.203653,168
87,169,-0.15876089,-0.62998533,-10.203654,169
87,170,-0.15749146,-0.6299854,-10.203656,170
87,171,-0.15624906,-0.6299855,-10.203655,171
87,172,-0.15476547,-0.6299855,-10.203658,172
87,173,-0.1502949,-0.62998563,-10.203658,173
87,174,-0.14926444,-0.62998563,-10.203661,174
87,175,-0.15293755,-0.62998563,-10.203661,175
87,176,-0.15582836,-0.62998575,-10.203661,176
87,177,-0.1577377,-0.62998563,-10.203661,177
87,178,-0.16315174,-0.62998563,-10.203658,178
87,179,-0.16619587,-0.62998563,-10.203656,179
87,180,-0.16899592,-0.62998563,-10.203653,180
87,181,-0.1714838,-0.62998545,-10.20365,181
87,182,-0.17417808,-0.62998533,-10.203647,182
87,183,-0.17541805,-0.6299852,-10.203644,183
87,184,-0.17503528,-0.62998503,-10.203641,184
87,185,-0.17427924,-0.629985,-10.203639,185
87,186,-0.17375,-0.62998486,-10.203639,186
87,187,-0.17043303,-0.62998486,-10.203639,187
87,188,-0.16636127,-0.62998474,-10.203639,188
87,189,-0.16404511,-0.6299848,-10.20364,189
87,190,-0.16247383,-0.62998486,-10.203641,190
87,191,-0.15910913,-0.62998486,-10.203642,191
87,192,-0.15788923,-0.6299848,-10.203644,192
87,193,-0.15858853,-0.62998486,-10.203645,193
87,194,-0.16378586,-0.6299849,-10.203645,194
87,195,-0.16651979,-0.62998486,-10.203644,195
87,196,-0.16807742,-0.6299848,-10.203644,196
87,197,-0.16893262,-0.62998486,-10.203644,197
87,198,-0.16936833,-0.6299848,-10.203642,198
87,199,-0.16880594,-0.62998486,-10.203646,199
88,0,0.020066429,-0.08530809,-1.643228,0
88,1,0.026966618,-0.1749166,-3.0228894,1
88,2,0.033817448,-0.28019848,-4.5365715,2
88,3,0.03747163,-0.3897737,-6.1249976,3
88,4,0.037468206,-0.48349607,-7.5372663,4
88,5,0.034410547,-0.5504508,-8.625259,5
88,6,0.02967656,-0.591307,-9.363676,6
88,7,0.023471778,-0.6123836,-9.787904,7
88,8,0.017153436,-0.622268,-10.00817,8
88,9,0.0111279115,-0.626602,-10.113862,9
88,10,0.0039071613,-0.6284238,-10.16135,10
88,11,-0.00025920462,-0.62922406,-10.183101,11
88,12,-0.0030026443,-0.62958413,-10.193105,12
88,13,-0.0038583318,-0.629757,-10.197891,13
88,14,-0.00907161,-0.62984204,-10.200209,14
88,15,-0.016724873,-0.6298872,-10.201398,15
88,16,-0.026457908,-0.62991273,-10.2020445,16
88,17,-0.03194289,-0.629929,-10.202437,17
88,18,-0.03474333,-0.62994,-10.202696,18
88,19,-0.03569984,-0.6299477,-10.202879,19
88,20,-0.04084392,-0.62995297,-10.203007,20
88,21,-0.046532985,-0.62995666,-10.203098,21
88,22,-0.051727142,-0.62995946,-10.203161,22
88,23,-0.056313258,-0.6299616,-10.203209,23
88,24,-0.06005744,-0.6299631,-10.203244,24
88,25,-0.06491778,-0.6299642,-10.203265,25
88,26,-0.068986446,-0.62996507,-10.203281,26
88,27,-0.072381385,-0.62996554,-10.203292,27
88,28,-0.07613388,-0.6299659,-10.203296,28
88,29,-0.07892854,-0.62996614,-10.203296,29
88,30,-0.079710856,-0.62996626,-10.203297,30
88,31,-0.07983536,-0.6299665,-10.203297,31
88,32,-0.07975776,-0.6299666,-10.203299,32
88,33,-0.079881914,-0.6299668,-10.203301,33
88,34,-0.07809076,-0.62996703,-10.203305,34
88,35,-0.07595313,-0.6299673,-10.203313,35
88,36,-0.07484381,-0.6299676,-10.203321,36
88,37,-0.07397248,-0.629968,-10.20333,37
88,38,-0.072289094,-0.6299684,-10.203341,38
88,39,-0.07293699,-0.6299687,-10.20335,39
88,40,-0.07396509,-0.6299689,-10.203358,40
88,41,-0.074823506,-0.6299691,-10.203364,41
88,42,-0.08060208,-0.62996894,-10.203366,42
88,43,-0.08382417,-0.6299688,-10.203362,43
88,44,-0.08590796,-0.6299686,-10.203358,44
88,45,-0.087417945,-0.6299684,-10.203352,45
88,46,-0.0882324,-0.6299682,-10.203345,46
88,47,-0.08883602,-0.6299679,-10.203336,47
88,48,-0.088173546,-0.62996775,-10.203331,48
88,49,-0.08590063,-0.6299677,-10.203327,49
88,50,-0.08249407,-0.62996775,-10.203327,50
88,51,-0.07913908,-0.6299678,-10.203331,51
88,52,-0.076418094,-0.629968,-10.203335,52
88,53,-0.07458439,-0.6299681,-10.203341,53
88,54,-0.07333487,-0.62996835,-10.203346,54
88,55,-0.07270248,-0.62996846,-10.203354,55
88,56,-0.07116799,-0.62996876,-10.203359,56
88,57,-0.07117019,-0.629969,-10.203364,57
88,58,-0.07148552,-0.62996906,-10.203368,58
88,59,-0.07196057,-0.6299693,-10.203371,59
88,60,-0.07170143,-0.6299695,-10.203376,60
88,61,-0.07352254,-0.62996954,-10.203378,61
88,62,-0.075727314,-0.6299695,-10.203378,62
88,63,-0.07553041,-0.6299696,-10.203378,63
88,64,-0.07601292,-0.6299697,-10.203378,64
88,65,-0.083110735,-0.6299691,-10.203373,65
88,66,-0.087769866,-0.62996876,-10.203363,66
88,67,-0.0907173,-0.6299681,-10.203352,67
88,68,-0.09041645,-0.6299677,-10.203339,68
88,69,-0.08916448,-0.6299673,-10.203326,69
88,70,-0.08789543,-0.629967,-10.203316,70
88,71,-0.08431881,-0.6299667,-10.203307,71
88,72,-0.08205303,-0.6299665,-10.203301,72
88,73,-0.08005348,-0.62996626,-10.203298,73
88,74,-0.07648642,-0.62996644,-10.203298,74
88,75,-0.07566173,-0.6299664,-10.203299,75
88,76,-0.07504427,-0.6299664,-10.203301,76
88,77,-0.07456964,-0.6299664,-10.203302,77
88,78,-0.075420775,-0.62996626,-10.203308,78
88,79,-0.075138845,-0.62996626,-10.20331,79
88,80,-0.07480208,-0.62996644,-10.203313,80
88,81,-0.07462067,-0.6299665,-10.203318,81
88,82,-0.07469784,-0.62996644,-10.20332,82
88,83,-0.0781404,-0.62996626,-10.203318,83
88,84,-0.079498306,-0.62996596,-10.203315,84
88,85,-0.07947526,-0.62996596,-10.20331,85
88,86,-0.078980684,-0.6299658,-10.203305,86
88,87,-0.07845769,-0.6299656,-10.203301,87
88,88,-0.07827164,-0.6299654,-10.203297,88
88,89,-0.07806459,-0.6299651,-10.203292,89
88,90,-0.07788168,-0.6299648,-10.203284,90
88,91,-0.07868585,-0.62996453,-10.203275,91
88,92,-0.07956735,-0.6299641,-10.203265,92
88,93,-0.07998269,-0.62996376,-10.203255,93
88,94,-0.080353424,-0.6299634,-10.203246,94
88,95,-0.08077177,-0.629963,-10.203238,95
88,96,-0.07941422,-0.6299627,-10.20323,96
88,97,-0.07891564,-0.62996244,-10.203223,97
88,98,-0.078677066,-0.6299623,-10.203218,98
88,99,-0.078138195,-0.6299622,-10.203216,99
88,100,-0.07789531,-0.6299621,-10.203213,100
88,101,-0.07655742,-0.62996215,-10.203217,101
88,102,-0.07617257,-0.62996227,-10.2032175,102
88,103,-0.07327672,-0.62996256,-10.203223,103
88,104,-0.07153613,-0.62996304,-10.203235,104
88,105,-0.07031893,-0.62996346,-10.203246,105
88,106,-0.06913809,-0.629964,-10.2032585,106
88,107,-0.06869482,-0.6299644,-10.20327,107
88,108,-0.06893089,-0.6299648,-10.203282,108
88,109,-0.068365745,-0.6299653,-10.203296,109
88,110,-0.069858596,-0.62996566,-10.2033,110
88,111,-0.072421,-0.62996584,-10.203307,111
88,112,-0.07403347,-0.629966,-10.20331,112
88,113,-0.07506582,-0.62996626,-10.203313,113
88,114,-0.07738855,-0.62996626,-10.203317,114
88,115,-0.07918215,-0.6299662,-10.203317,115
88,116,-0.07977839,-0.62996614,-10.203316,116
88,117,-0.07971899,-0.62996614,-10.203315,117
88,118,-0.079622194,-0.62996614,-10.203315,118
88,119,-0.079251885,-0.6299662,-10.203313,119
88,120,-0.07873427,-0.629966,-10.20331,120
88,121,-0.078358956,-0.6299659,-10.203308,121
88,122,-0.07806915,-0.6299659,-10.203305,122
88,123,-0.078466564,-0.62996566,-10.2033,123
88,124,-0.07915644,-0.6299655,-10.203294,124
88,125,-0.079794705,-0.62996525,-10.203287,125
88,126,-0.080809765,-0.6299648,-10.203277,126
88,127,-0.08294598,-0.6299644,-10.203266,127
88,128,-0.083957635,-0.629964,-10.203255,128
88,129,-0.08413798,-0.6299635,-10.203244,129
88,130,-0.08367466,-0.62996316,-10.203235,130
88,131,-0.08236991,-0.6299629,-10.203223,131
88,132,-0.08174263,-0.62996256,-10.203218,132
88,133,-0.08096731,-0.6299624,-10.203213,133
88,134,-0.08042111,-0.6299622,-10.203211,134
88,135,-0.07881901,-0.6299621,-10.203212,135
88,136,-0.07671354,-0.62996227,-10.203216,136
88,137,-0.0750364,-0.6299625,-10.203223,137
88,138,-0.073338635,-0.6299628,-10.203235,138
88,139,-0.07151017,-0.62996316,-10.203242,139
88,140,-0.07039762,-0.6299634,-10.203251,140
88,141,-0.06980994,-0.62996376,-10.20326,141
88,142,-0.06828574,-0.62996405,-10.203268,142
88,143,-0.06846412,-0.62996435,-10.203275,143
88,144,-0.06894647,-0.6299646,-10.2032795,144
88,145,-0.06921352,-0.6299648,-10.203283,145
88,146,-0.06884657,-0.62996507,-10.203292,146
88,147,-0.06948754,-0.62996536,-10.203301,147
88,148,-0.069803566,-0.6299656,-10.203308,148
88,149,-0.070281275,-0.6299658,-10.203313,149
88,150,-0.07055325,-0.6299659,-10.203318,150
88,151,-0.072152995,-0.62996596,-10.203317,151
88,152,-0.07394817,-0.62996596,-10.203316,152
88,153,-0.07540497,-0.62996596,-10.203312,153
88,154,-0.07693688,-0.6299657,-10.203305,154
88,155,-0.07849928,-0.62996554,-10.203298,155
88,156,-0.07947603,-0.62996525,-10.203292,156
88,157,-0.080052696,-0.6299651,-10.203286,157
88,158,-0.08026389,-0.6299649,-10.203279,158
88,159,-0.08102621,-0.62996465,-10.203277,159
88,160,-0.08012717,-0.6299644,-10.203274,160
88,161,-0.07909408,-0.6299644,-10.203271,161
88,162,-0.078086235,-0.62996435,-10.203273,162
88,163,-0.07693142,-0.62996435,-10.203273,163
88,164,-0.07584982,-0.6299643,-10.203273,164
88,165,-0.074551724,-0.6299643,-10.203274,165
88,166,-0.07360648,-0.62996435,-10.203275,166
88,167,-0.07189165,-0.6299644,-10.203277,167
88,168,-0.070448324,-0.62996453,-10.2032795,168
88,169,-0.069495946,-0.62996477,-10.203284,169
88,170,-0.06867408,-0.62996477,-10.203291,170
88,171,-0.0679114,-0.62996507,-10.203294,171
88,172,-0.066806905,-0.62996525,-10.2033,172
88,173,-0.06423807,-0.62996554,-10.203311,173
88,174,-0.063804194,-0.62996584,-10.203318,174
88,175,-0.06607724,-0.6299659,-10.203324,175
88,176,-0.06818828,-0.62996596,-10.203327,176
88,177,-0.06962715,-0.6299661,-10.203326,177
88,178,-0.072974265,-0.62996584,-10.203324,178
88,179,-0.07524999,-0.6299658,-10.20332,179
88,180,-0.07716382,-0.6299654,-10.203312,180
88,181,-0.078857444,-0.6299651,-10.203303,181
88,182,-0.0802848,-0.62996477,-10.203292,182
88,183,-0.08091886,-0.6299644,-10.2032795,183
88,184,-0.080707945,-0.629964,-10.203268,184
88,185,-0.08016178,-0.62996376,-10.203259,185
88,186,-0.07973736,-0.62996334,-10.20325,186
88,187,-0.07757091,-0.6299632,-10.203245,187
88,188,-0.07407509,-0.6299633,-10.203244,188
88,189,-0.07242998,-0.62996334,-10.203245,189
88,190,-0.07143088,-0.6299634,-10.203249,190
88,191,-0.06907125,-0.62996376,-10.203254,191
88,192,-0.06869207,-0.62996393,-10.2032585,192
88,193,-0.06996477,-0.6299641,-10.203264,193
88,194,-0.07367749,-0.629964,-10.203264,194
88,195,-0.076228246,-0.62996405,-10.203263,195
88,196,-0.077992454,-0.6299639,-10.203259,196
88,197,-0.07902438,-0.6299638,-10.203256,197
88,198,-0.07952554,-0.62996376,-10.203254,198
88,199,-0.08087537,-0.6299635,-10.203255,199
89,0,-0.011611522,-0.21021557,-3.966926,0
89,1,-0.041974664,-0.4470057,-7.7271967,1
89,2,-0.06345316,-0.5809185,-9.580436,2
89,3,-0.07464665,-0.62023354,-10.081915,3
89,4,-0.08704085,-0.62812054,-10.17994,4
89,5,-0.09893257,-0.62956417,-10.198202,5
89,6,-0.10397537,-0.62986237,-10.202086,6
89,7,-0.11569328,-0.6299388,-10.203087,7
89,8,-0.12407805,-0.62996405,-10.203424,8
89,9,-0.1306377,-0.6299745,-10.203566,9
89,10,-0.13610414,-0.6299794,-10.203632,10
89,11,-0.14062773,-0.62998205,-10.203669,11
89,12,-0.14421582,-0.6299836,-10.203689,12
89,13,-0.14733146,-0.6299846,-10.203702,13
89,14,-0.14977425,-0.6299852,-10.203711,14
89,15,-0.15185802,-0.6299857,-10.203716,15
89,16,-0.15363151,-0.62998605,-10.203719,16
89,17,-0.15419301,-0.6299863,-10.203722,17
89,18,-0.1548661,-0.62998646,-10.203725,18
89,19,-0.15681012,-0.62998646,-10.203726,19
89,20,-0.15804383,-0.6299866,-10.203726,20
89,21,-0.15809627,-0.6299866,-10.203726,21
89,22,-0.15780617,-0.6299867,-10.203727,22
89,23,-0.15761289,-0.62998664,-10.203729,23
89,24,-0.15629047,-0.6299866,-10.203729,24
89,25,-0.15689646,-0.62998664,-10.20373,25
89,26,-0.15714863,-0.62998664,-10.203729,26
89,27,-0.15776744,-0.62998676,-10.20373,27
89,28,-0.15945587,-0.6299867,-10.20373,28
89,29,-0.16007271,-0.6299867,-10.203731,29
89,30,-0.16068476,-0.62998664,-10.203729,30
89,31,-0.16049655,-0.62998664,-10.203729,31
89,32,-0.15981333,-0.6299867,-10.20373,32
89,33,-0.15924565,-0.6299867,-10.20373,33
89,34,-0.15844713,-0.62998664,-10.20373,34
89,35,-0.15794009,-0.6299868,-10.203731,35
89,36,-0.1537416,-0.6299869,-10.203732,36
89,37,-0.15379503,-0.6299868,-10.203734,37
89,38,-0.15348546,-0.6299869,-10.203733,38
89,39,-0.1535157,-0.6299869,-10.203734,39
89,40,-0.15494348,-0.62998676,-10.203733,40
89,41,-0.15691939,-0.62998676,-10.203733,41
89,42,-0.15718502,-0.62998676,-10.203733,42
89,43,-0.15686421,-0.62998676,-10.203732,43
89,44,-0.15653142,-0.62998676,-10.203733,44
89,45,-0.15637046,-0.62998676,-10.203734,45
89,46,-0.15335655,-0.62998694,-10.203734,46
89,47,-0.15210904,-0.6299869,-10.203735,47
89,48,-0.15117954,-0.62998694,-10.203735,48
89,49,-0.14983554,-0.62998706,-10.203738,49
89,50,-0.1489753,-0.6299871,-10.203736,50
89,51,-0.14824125,-0.6299872,-10.203736,51
89,52,-0.14529924,-0.6299872,-10.203739,52
89,53,-0.1433437,-0.62998724,-10.20374,53
89,54,-0.14387743,-0.6299872,-10.203741,54
89,55,-0.1438459,-0.6299871,-10.203741,55
89,56,-0.14384669,-0.62998706,-10.203743,56
89,57,-0.14323823,-0.6299871,-10.203741,57
89,58,-0.14251149,-0.62998724,-10.203743,58
89,59,-0.14227839,-0.6299871,-10.203744,59
89,60,-0.14154384,-0.6299872,-10.203744,60
89,61,-0.14130306,-0.62998724,-10.203744,61
89,62,-0.14095469,-0.6299873,-10.203745,62
89,63,-0.14318624,-0.6299873,-10.203744,63
89,64,-0.14443359,-0.6299873,-10.203743,64
89,65,-0.14318903,-0.62998736,-10.203743,65
89,66,-0.14715108,-0.6299874,-10.20374,66
89,67,-0.14959691,-0.6299873,-10.203739,67
89,68,-0.15116762,-0.62998724,-10.203739,68
89,69,-0.15251003,-0.6299873,-10.203738,69
89,70,-0.15335223,-0.6299872,-10.203736,70
89,71,-0.15382954,-0.6299871,-10.203735,71
89,72,-0.15421015,-0.62998706,-10.203735,72
89,73,-0.15530238,-0.62998706,-10.203734,73
89,74,-0.1559481,-0.62998706,-10.203734,74
89,75,-0.1570556,-0.62998694,-10.203733,75
89,76,-0.15998285,-0.6299869,-10.203733,76
89,77,-0.1610679,-0.6299868,-10.203731,77
89,78,-0.16134523,-0.6299867,-10.203731,78
89,79,-0.16053012,-0.62998676,-10.203731,79
89,80,-0.15824197,-0.6299869,-10.20373,80
89,81,-0.15650931,-0.6299869,-10.203732,81
89,82,-0.15540962,-0.62998694,-10.203732,82
89,83,-0.15079659,-0.6299869,-10.203734,83
89,84,-0.14823651,-0.62998694,-10.203736,84
89,85,-0.14612205,-0.629987,-10.203736,85
89,86,-0.14469905,-0.629987,-10.203738,86
89,87,-0.14255002,-0.6299872,-10.203738,87
89,88,-0.14296256,-0.6299871,-10.203741,88
89,89,-0.1435797,-0.6299871,-10.20374,89
89,90,-0.14394587,-0.62998706,-10.20374,90
89,91,-0.1465459,-0.629987,-10.20374,91
89,92,-0.14782104,-0.6299872,-10.203739,92
89,93,-0.14929232,-0.62998706,-10.203738,93
89,94,-0.1522256,-0.629987,-10.203736,94
89,95,-0.15148899,-0.62998694,-10.203735,95
89,96,-0.15524752,-0.6299869,-10.203734,96
89,97,-0.15740755,-0.6299869,-10.203733,97
89,98,-0.15927608,-0.6299868,-10.203732,98
89,99,-0.1617832,-0.6299867,-10.20373,99
89,100,-0.16146284,-0.62998664,-10.203729,100
89,101,-0.16086464,-0.6299867,-10.203729,101
89,102,-0.16045183,-0.6299867,-10.203729,102
89,103,-0.15509252,-0.62998664,-10.20373,103
89,104,-0.1523594,-0.62998676,-10.203732,104
89,105,-0.15010364,-0.62998676,-10.203731,105
89,106,-0.14644824,-0.6299869,-10.203732,106
89,107,-0.14777668,-0.6299869,-10.203733,107
89,108,-0.14918633,-0.6299869,-10.203734,108
89,109,-0.15075494,-0.62998676,-10.203733,109
89,110,-0.15612723,-0.62998664,-10.203731,110
89,111,-0.15459406,-0.62998664,-10.203731,111
89,112,-0.1521392,-0.6299867,-10.203733,112
89,113,-0.1470163,-0.6299869,-10.203734,113
89,114,-0.14810078,-0.62998676,-10.203734,114
89,115,-0.15083845,-0.6299869,-10.203733,115
89,116,-0.15578972,-0.62998676,-10.203733,116
89,117,-0.1547415,-0.6299866,-10.203733,117
89,118,-0.15130776,-0.62998676,-10.203733,118
89,119,-0.1463493,-0.6299869,-10.203736,119
89,120,-0.14694221,-0.6299869,-10.203738,120
89,121,-0.14782439,-0.6299869,-10.203736,121
89,122,-0.14923048,-0.62998694,-10.203734,122
89,123,-0.15041852,-0.6299868,-10.203735,123
89,124,-0.15119687,-0.6299869,-10.203735,124
89,125,-0.15446056,-0.6299869,-10.203734,125
89,126,-0.15633611,-0.6299869,-10.203733,126
89,127,-0.15805216,-0.62998676,-10.203733,127
89,128,-0.16099606,-0.62998676,-10.203732,128
89,129,-0.1624799,-0.62998676,-10.20373,129
89,130,-0.16172616,-0.62998664,-10.203729,130
89,131,-0.1604609,-0.62998676,-10.20373,131
89,132,-0.15924804,-0.62998676,-10.203729,132
89,133,-0.1584945,-0.6299867,-10.203731,133
89,134,-0.1551856,-0.6299868,-10.20373,134
89,135,-0.15214063,-0.6299868,-10.203732,135
89,136,-0.1503632,-0.62998676,-10.203732,136
89,137,-0.14869602,-0.62998694,-10.203734,137
89,138,-0.1460467,-0.62998694,-10.203735,138
89,139,-0.1461652,-0.629987,-10.203735,139
89,140,-0.1464573,-0.62998706,-10.203735,140
89,141,-0.14663082,-0.629987,-10.203735,141
89,142,-0.1526259,-0.62998694,-10.203734,142
89,143,-0.1554719,-0.62998694,-10.203733,143
89,144,-0.1576917,-0.62998676,-10.203732,144
89,145,-0.15962237,-0.62998676,-10.203731,145
89,146,-0.16094804,-0.62998664,-10.203729,146
89,147,-0.16213036,-0.62998664,-10.203726,147
89,148,-0.1618664,-0.6299866,-10.203727,148
89,149,-0.15999864,-0.6299866,-10.203729,149
89,150,-0.15704302,-0.62998664,-10.203727,150
89,151,-0.15434152,-0.62998664,-10.20373,151
89,152,-0.15230252,-0.6299867,-10.203731,152
89,153,-0.15098013,-0.62998676,-10.203731,153
89,154,-0.15001132,-0.62998676,-10.203732,154
89,155,-0.1494388,-0.6299869,-10.203734,155
89,156,-0.14790271,-0.6299869,-10.203733,156
89,157,-0.14746395,-0.62998694,-10.203735,157
89,158,-0.14715607,-0.62998694,-10.203735,158
89,159,-0.14689226,-0.62998706,-10.203735,159
89,160,-0.14549643,-0.6299871,-10.203735,160
89,161,-0.14666454,-0.62998694,-10.203736,161
89,162,-0.14838006,-0.6299871,-10.203735,162
89,163,-0.14710547,-0.62998706,-10.203735,163
89,164,-0.1470018,-0.6299872,-10.203736,164
89,165,-0.15440379,-0.62998706,-10.203733,165
89,166,-0.15811405,-0.6299869,-10.203729,166
89,167,-0.16175668,-0.62998676,-10.20373,167
89,168,-0.16212375,-0.62998664,-10.203729,168
89,169,-0.16189289,-0.6299866,-10.203726,169
89,170,-0.16172208,-0.62998664,-10.203726,170
89,171,-0.15883832,-0.62998664,-10.203726,171
89,172,-0.15740013,-0.6299867,-10.203726,172
89,173,-0.15589063,-0.62998664,-10.203726,173
89,174,-0.15233262,-0.6299867,-10.203729,174
89,175,-0.15126717,-0.62998676,-10.203731,175
89,176,-0.15051168,-0.6299868,-10.20373,176
89,177,-0.14998673,-0.62998676,-10.20373,177
89,178,-0.15043034,-0.62998676,-10.203729,178
89,179,-0.1503726,-0.6299868,-10.20373,179
89,180,-0.15041518,-0.62998676,-10.20373,180
89,181,-0.15066405,-0.62998664,-10.203732,181
89,182,-0.15145087,-0.6299867,-10.20373,182
89,183,-0.15621604,-0.62998676,-10.203729,183
89,184,-0.15803885,-0.6299866,-10.203726,184
89,185,-0.15876083,-0.62998646,-10.203727,185
89,186,-0.1591948,-0.62998646,-10.203727,186
89,187,-0.15954666,-0.62998646,-10.203727,187
89,188,-0.16034788,-0.6299865,-10.203727,188
89,189,-0.16074164,-0.62998635,-10.203726,189
89,190,-0.16218686,-0.62998646,-10.203725,190
89,191,-0.16378435,-0.62998635,-10.203725,191
89,192,-0.16480955,-0.62998635,-10.203725,192
89,193,-0.16498788,-0.62998646,-10.203722,193
89,194,-0.16530922,-0.6299863,-10.203721,194
89,195,-0.16575265,-0.6299863,-10.203721,195
89,196,-0.16428405,-0.62998635,-10.203722,196
89,197,-0.1635235,-0.6299864,-10.203722,197
89,198,-0.16294298,-0.62998646,-10.203722,198
89,199,-0.16193065,-0.6299864,-10.203721,199
90,0,0.018278174,-0.09960402,-2.0741308,0
90,1,0.017308274,-0.21132417,-4.027886,1
90,2,0.009950987,-0.33815336,-6.003578,2
90,3,-0.0034112819,-0.45446008,-7.668687,3
90,4,-0.02196026,-0.538986,-8.832987,4
90,5,-0.04335938,-0.58858675,-9.533404,5
90,6,-0.06158666,-0.61309326,-9.907295,6
90,7,-0.07901274,-0.6235293,-10.080428,7
90,8,-0.09287959,-0.62754476,-10.153784,8
90,9,-0.102234386,-0.6290269,-10.183221,9
90,10,-0.108397946,-0.6295781,-10.194808,10
90,11,-0.11318634,-0.62979335,-10.199475,11
90,12,-0.11768743,-0.62988406,-10.201468,12
90,13,-0.12286743,-0.62992585,-10.202388,13
90,14,-0.127986,-0.62994707,-10.20285,14
90,15,-0.13313253,-0.6299586,-10.203101,15
90,16,-0.13792476,-0.62996536,-10.203249,16
90,17,-0.1416247,-0.6299697,-10.20334,17
90,18,-0.14489755,-0.62997246,-10.203397,18
90,19,-0.14838576,-0.6299743,-10.203438,19
90,20,-0.15119402,-0.6299756,-10.203464,20
90,21,-0.15272465,-0.6299766,-10.203485,21
90,22,-0.15356822,-0.6299772,-10.2035,22
90,23,-0.15421933,-0.62997764,-10.203513,23
90,24,-0.15365462,-0.62997806,-10.203522,24
90,25,-0.15434451,-0.6299783,-10.203529,25
90,26,-0.15494594,-0.62997854,-10.203536,26
90,27,-0.15569356,-0.6299787,-10.203541,27
90,28,-0.15714714,-0.6299788,-10.203544,28
90,29,-0.15795417,-0.6299789,-10.203547,29
90,30,-0.15854974,-0.629979,-10.203548,30
90,31,-0.15850334,-0.6299791,-10.203551,31
90,32,-0.15798058,-0.6299791,-10.203552,32
90,33,-0.15746252,-0.62997913,-10.203555,33
90,34,-0.1567979,-0.62997925,-10.203555,34
90,35,-0.15632679,-0.62997925,-10.203557,35
90,36,-0.15316084,-0.62997925,-10.203558,36
90,37,-0.15232298,-0.62997943,-10.203561,37
90,38,-0.15209973,-0.62997943,-10.203563,38
90,39,-0.15208265,-0.62997955,-10.203565,39
90,40,-0.1528983,-0.6299795,-10.203567,40
90,41,-0.1546413,-0.6299794,-10.203567,41
90,42,-0.1552873,-0.62997943,-10.203568,42
90,43,-0.15528269,-0.62997943,-10.203568,43
90,44,-0.15512991,-0.6299795,-10.203568,44
90,45,-0.15505072,-0.62997955,-10.203568,45
90,46,-0.15353851,-0.62997955,-10.203568,46
90,47,-0.15246099,-0.62997967,-10.203569,47
90,48,-0.15190634,-0.6299797,-10.203569,48
90,49,-0.15117815,-0.6299799,-10.203568,49
90,50,-0.1506406,-0.62997997,-10.203568,50
90,51,-0.15024643,-0.62998015,-10.203569,51
90,52,-0.14734498,-0.6299801,-10.203569,52
90,53,-0.14556259,-0.6299801,-10.203571,53
90,54,-0.14601316,-0.6299801,-10.203573,54
90,55,-0.14644046,-0.62998,-10.203575,55
90,56,-0.14679027,-0.62998,-10.203576,56
90,57,-0.14679387,-0.62998,-10.203578,57
90,58,-0.1465589,-0.6299801,-10.203579,58
90,59,-0.14645076,-0.6299802,-10.20358,59
90,60,-0.14611785,-0.62998027,-10.20358,60
90,61,-0.1460312,-0.62998027,-10.203581,61
90,62,-0.14590071,-0.6299803,-10.20358,62
90,63,-0.14823495,-0.6299804,-10.203581,63
90,64,-0.14976123,-0.6299805,-10.20358,64
90,65,-0.14900413,-0.6299805,-10.203578,65
90,66,-0.15264559,-0.62998044,-10.203576,66
90,67,-0.15538818,-0.6299805,-10.203575,67
90,68,-0.15711151,-0.62998044,-10.203574,68
90,69,-0.1583401,-0.62998044,-10.20357,69
90,70,-0.15911289,-0.6299804,-10.203569,70
90,71,-0.15944919,-0.62998027,-10.203567,71
90,72,-0.15955028,-0.6299802,-10.203566,72
90,73,-0.16016702,-0.62998027,-10.203565,73
90,74,-0.16049087,-0.62998,-10.203563,74
90,75,-0.16108671,-0.62997997,-10.203562,75
90,76,-0.1630239,-0.62997985,-10.203562,76
90,77,-0.16383329,-0.6299798,-10.20356,77
90,78,-0.16407134,-0.6299798,-10.203558,78
90,79,-0.16336907,-0.6299797,-10.203558,79
90,80,-0.1610698,-0.62997967,-10.203557,80
90,81,-0.1590998,-0.62997955,-10.203557,81
90,82,-0.1577404,-0.62997967,-10.203557,82
90,83,-0.15328091,-0.62997967,-10.203558,83
90,84,-0.15042688,-0.62997967,-10.20356,84
90,85,-0.14822464,-0.62997967,-10.203562,85
90,86,-0.1468341,-0.6299797,-10.203565,86
90,87,-0.14492711,-0.6299798,-10.203567,87
90,88,-0.14526325,-0.62997985,-10.20357,88
90,89,-0.14621764,-0.62997985,-10.203571,89
90,90,-0.14700192,-0.62997985,-10.203573,90
90,91,-0.14936899,-0.6299799,-10.203575,91
90,92,-0.15094163,-0.62997985,-10.203575,92
90,93,-0.15228541,-0.62997985,-10.203575,93
90,94,-0.15444635,-0.62997985,-10.203574,94
90,95,-0.15607953,-0.62997985,-10.203574,95
90,96,-0.15866031,-0.6299797,-10.203571,96
90,97,-0.16048123,-0.62997955,-10.203569,97
90,98,-0.16178499,-0.6299794,-10.203566,98
90,99,-0.16341521,-0.6299792,-10.203563,99
90,100,-0.16307323,-0.62997895,-10.20356,100
90,101,-0.16218081,-0.62997895,-10.203557,101
90,102,-0.16139525,-0.6299788,-10.203557,102
90,103,-0.15682009,-0.62997866,-10.203555,103
90,104,-0.15372697,-0.62997866,-10.203556,104
90,105,-0.15141875,-0.62997866,-10.203556,105
90,106,-0.14808764,-0.6299786,-10.203558,106
90,107,-0.14882886,-0.6299786,-10.20356,107
90,108,-0.15043686,-0.6299786,-10.203561,108
90,109,-0.15214983,-0.6299786,-10.203561,109
90,110,-0.15653227,-0.62997854,-10.203562,110
90,111,-0.1561305,-0.6299786,-10.20356,111
90,112,-0.15404223,-0.62997854,-10.203558,112
90,113,-0.14959086,-0.62997854,-10.203558,113
90,114,-0.14978671,-0.6299786,-10.203562,114
90,115,-0.15216663,-0.62997866,-10.203563,115
90,116,-0.15626122,-0.62997866,-10.203563,116
90,117,-0.15617724,-0.6299787,-10.203563,117
90,118,-0.15343322,-0.6299787,-10.203562,118
90,119,-0.14902166,-0.6299788,-10.203563,119
90,120,-0.1488461,-0.62997884,-10.203567,120
90,121,-0.14950174,-0.62997884,-10.203567,121
90,122,-0.15107368,-0.62997884,-10.203568,122
90,123,-0.15239021,-0.62997895,-10.203569,123
90,124,-0.1532619,-0.62997895,-10.203568,124
90,125,-0.1562244,-0.62997895,-10.203568,125
90,126,-0.15806937,-0.6299791,-10.203566,126
90,127,-0.15965797,-0.62997913,-10.203565,127
90,128,-0.16223487,-0.6299791,-10.203562,128
90,129,-0.16374986,-0.62997913,-10.203558,129
90,130,-0.16348733,-0.6299791,-10.203557,130
90,131,-0.16244243,-0.6299791,-10.203555,131
90,132,-0.16129883,-0.6299791,-10.203556,132
90,133,-0.1604798,-0.62997895,-10.203552,133
90,134,-0.15762782,-0.62997895,-10.203552,134
90,135,-0.1546533,-0.62997895,-10.203553,135
90,136,-0.15276496,-0.6299791,-10.203555,136
90,137,-0.15118586,-0.6299791,-10.203555,137
90,138,-0.14880802,-0.6299791,-10.203557,138
90,139,-0.14882985,-0.62997925,-10.203557,139
90,140,-0.14943478,-0.62997925,-10.203558,140
90,141,-0.14998575,-0.62997913,-10.203558,141
90,142,-0.15525162,-0.6299792,-10.20356,142
90,143,-0.15847805,-0.62997925,-10.203558,143
90,144,-0.1605949,-0.62997913,-10.203558,144
90,145,-0.16218953,-0.6299791,-10.203558,145
90,146,-0.16314024,-0.62997895,-10.203555,146
90,147,-0.16371393,-0.62997895,-10.203555,147
90,148,-0.16309896,-0.6299788,-10.203553,148
90,149,-0.1610679,-0.6299788,-10.203553,149
90,150,-0.15795554,-0.62997854,-10.203553,150
90,151,-0.15494558,-0.62997866,-10.203556,151
90,152,-0.15267147,-0.62997866,-10.203556,152
90,153,-0.15122852,-0.62997866,-10.203557,153
90,154,-0.15036198,-0.6299786,-10.203561,154
90,155,-0.14992096,-0.6299787,-10.203561,155
90,156,-0.149497,-0.6299788,-10.203563,156
90,157,-0.1492765,-0.6299789,-10.203562,157
90,158,-0.14944664,-0.62997895,-10.203562,158
90,159,-0.14971112,-0.629979,-10.203562,159
90,160,-0.14891106,-0.62997913,-10.203562,160
90,161,-0.15021016,-0.62997913,-10.203561,161
90,162,-0.15236838,-0.62997925,-10.20356,162
90,163,-0.15174767,-0.62997925,-10.203558,163
90,164,-0.15167701,-0.62997925,-10.203558,164
90,165,-0.15825433,-0.62997913,-10.203557,165
90,166,-0.16226338,-0.6299791,-10.203555,166
90,167,-0.1656748,-0.629979,-10.203553,167
90,168,-0.16621865,-0.6299788,-10.20355,168
90,169,-0.16572182,-0.62997866,-10.2035475,169
90,170,-0.16509591,-0.62997854,-10.203547,170
90,171,-0.16247377,-0.6299784,-10.203546,171
90,172,-0.16055031,-0.62997836,-10.203544,172
90,173,-0.15885274,-0.62997836,-10.203544,173
90,174,-0.15553547,-0.62997836,-10.203544,174
90,175,-0.1537827,-0.6299784,-10.203546,175
90,176,-0.15305506,-0.62997836,-10.203547,176
90,177,-0.1526546,-0.62997836,-10.2035475,177
90,178,-0.15277426,-0.6299784,-10.203548,178
90,179,-0.15299413,-0.6299783,-10.203551,179
90,180,-0.15301834,-0.6299783,-10.203551,180
90,181,-0.15306482,-0.6299781,-10.203552,181
90,182,-0.15363151,-0.6299782,-10.203552,182
90,183,-0.15744106,-0.6299781,-10.203553,183
90,184,-0.15900517,-0.62997806,-10.203555,184
90,185,-0.15930961,-0.629978,-10.203553,185
90,186,-0.15924981,-0.62997794,-10.203551,186
90,187,-0.15904276,-0.6299778,-10.203552,187
90,188,-0.15924597,-0.62997776,-10.203551,188
90,189,-0.15912569,-0.6299777,-10.203551,189
90,190,-0.16049463,-0.6299778,-10.203548,190
90,191,-0.16198365,-0.6299778,-10.2035475,191
90,192,-0.16305664,-0.62997776,-10.203547,192
90,193,-0.163381,-0.6299779,-10.203544,193
90,194,-0.1636517,-0.6299778,-10.203543,194
90,195,-0.16406257,-0.6299777,-10.203542,195
90,196,-0.16327785,-0.6299777,-10.203541,196
90,197,-0.1626182,-0.6299777,-10.203539,197
90,198,-0.16219164,-0.6299777,-10.203539,198
90,199,-0.16144545,-0.6299777,-10.203538,199
91,0,0.021565478,-0.05305628,-1.9455783,0
91,1,0.024663744,-0.11705465,-3.8932648,1
91,2,0.02169957,-0.22205862,-5.968173,2
91,3,0.012932141,-0.35595813,-7.787891,3
91,4,0.0015615522,-0.47924727,-9.019627,4
91,5,-0.011083675,-0.56220114,-9.69468,5
91,6,-0.023293339,-0.60424864,-10.007131,6
91,7,-0.03528734,-0.6210046,-10.130696,7
91,8,-0.04791379,-0.6268526,-10.176077,8
91,9,-0.060292475,-0.62880516,-10.192453,9
91,10,-0.07305369,-0.6294773,-10.19853,10
91,11,-0.0835386,-0.62973416,-10.201054,11
91,12,-0.08994335,-0.62984437,-10.2022,12
91,13,-0.093090445,-0.62989765,-10.202779,13
91,14,-0.096825495,-0.6299257,-10.203085,14
91,15,-0.10248489,-0.62994164,-10.2032585,15
91,16,-0.10891469,-0.62995106,-10.203362,16
91,17,-0.11310022,-0.62995714,-10.203433,17
91,18,-0.11354712,-0.6299613,-10.203485,18
91,19,-0.11166666,-0.6299644,-10.203524,19
91,20,-0.11140277,-0.6299668,-10.203552,20
91,21,-0.11319231,-0.6299686,-10.203573,21
91,22,-0.11511225,-0.6299699,-10.2035885,22
91,23,-0.11700669,-0.6299709,-10.203598,23
91,24,-0.11853819,-0.6299716,-10.203608,24
91,25,-0.120561294,-0.6299721,-10.203611,25
91,26,-0.12308287,-0.62997246,-10.203612,26
91,27,-0.12506735,-0.62997276,-10.203614,27
91,28,-0.1272601,-0.62997276,-10.203611,28
91,29,-0.1294491,-0.6299729,-10.2036085,29
91,30,-0.13032095,-0.6299728,-10.203607,30
91,31,-0.13012129,-0.6299728,-10.203607,31
91,32,-0.12963055,-0.6299729,-10.203604,32
91,33,-0.129285,-0.6299729,-10.203603,33
91,34,-0.12810163,-0.62997293,-10.203604,34
91,35,-0.12596041,-0.629973,-10.203607,35
91,36,-0.12439007,-0.6299732,-10.203608,36
91,37,-0.123364724,-0.62997335,-10.2036085,37
91,38,-0.12192549,-0.62997365,-10.203612,38
91,39,-0.12161276,-0.6299739,-10.203614,39
91,40,-0.12234992,-0.62997407,-10.203618,40
91,41,-0.123132885,-0.6299742,-10.203621,41
91,42,-0.12669739,-0.62997425,-10.203617,42
91,43,-0.13055702,-0.6299742,-10.203617,43
91,44,-0.13289218,-0.6299741,-10.203616,44
91,45,-0.13449803,-0.6299739,-10.203612,45
91,46,-0.13552141,-0.62997365,-10.2036085,46
91,47,-0.13611665,-0.6299736,-10.203607,47
91,48,-0.13596019,-0.6299733,-10.203605,48
91,49,-0.13449802,-0.62997323,-10.203605,49
91,50,-0.13186873,-0.6299731,-10.203608,50
91,51,-0.12883781,-0.62997323,-10.203609,51
91,52,-0.12617174,-0.6299733,-10.203613,52
91,53,-0.12420159,-0.6299734,-10.203617,53
91,54,-0.12284565,-0.6299735,-10.203621,54
91,55,-0.1219951,-0.62997365,-10.203622,55
91,56,-0.12094991,-0.6299737,-10.203624,56
91,57,-0.12046813,-0.6299738,-10.203624,57
91,58,-0.12055646,-0.6299739,-10.203626,58
91,59,-0.12086918,-0.62997395,-10.203624,59
91,60,-0.12081991,-0.62997407,-10.203626,60
91,61,-0.12183062,-0.62997407,-10.203624,61
91,62,-0.123868115,-0.6299741,-10.203621,62
91,63,-0.12459407,-0.6299741,-10.203619,63
91,64,-0.12491544,-0.6299741,-10.203618,64
91,65,-0.1298224,-0.62997407,-10.203611,65
91,66,-0.13557974,-0.62997377,-10.203607,66
91,67,-0.13942775,-0.6299735,-10.2036,67
91,68,-0.14107305,-0.62997305,-10.203595,68
91,69,-0.1409788,-0.6299725,-10.20359,69
91,70,-0.14047727,-0.62997216,-10.203585,70
91,71,-0.13863099,-0.629972,-10.203585,71
91,72,-0.13657258,-0.6299717,-10.203581,72
91,73,-0.13503034,-0.6299716,-10.203581,73
91,74,-0.13246614,-0.6299716,-10.203581,74
91,75,-0.13098194,-0.62997174,-10.203583,75
91,76,-0.13047922,-0.62997186,-10.203585,76
91,77,-0.13019173,-0.62997186,-10.203588,77
91,78,-0.13082469,-0.6299719,-10.203589,78
91,79,-0.13112599,-0.6299719,-10.203592,79
91,80,-0.1310976,-0.6299719,-10.203594,80
91,81,-0.13108204,-0.629972,-10.203598,81
91,82,-0.13116461,-0.629972,-10.2036,82
91,83,-0.13299419,-0.6299718,-10.203599,83
91,84,-0.13493823,-0.6299717,-10.203598,84
91,85,-0.13532121,-0.6299715,-10.203599,85
91,86,-0.1349252,-0.62997127,-10.203598,86
91,87,-0.13429797,-0.62997115,-10.203597,87
91,88,-0.13375033,-0.629971,-10.203595,88
91,89,-0.13333125,-0.62997085,-10.203595,89
91,90,-0.13299666,-0.6299707,-10.20359,90
91,91,-0.13353278,-0.62997043,-10.203586,91
91,92,-0.13436374,-0.6299703,-10.203581,92
91,93,-0.13486464,-0.6299701,-10.203578,93
91,94,-0.13501835,-0.62996984,-10.203573,94
91,95,-0.13524954,-0.62996966,-10.203568,95
91,96,-0.13476747,-0.6299695,-10.203565,96
91,97,-0.13402523,-0.6299694,-10.203562,97
91,98,-0.13368946,-0.62996924,-10.20356,98
91,99,-0.13328947,-0.6299692,-10.203558,99
91,100,-0.13292484,-0.62996924,-10.203557,100
91,101,-0.13203728,-0.62996924,-10.203557,101
91,102,-0.13122378,-0.6299694,-10.20356,102
91,103,-0.12941973,-0.6299696,-10.203563,103
91,104,-0.12721716,-0.62996984,-10.203567,104
91,105,-0.12582564,-0.62997013,-10.203571,105
91,106,-0.12462016,-0.62997043,-10.203575,106
91,107,-0.12386277,-0.6299707,-10.203581,107
91,108,-0.12379151,-0.62997115,-10.203585,108
91,109,-0.12337879,-0.6299713,-10.203589,109
91,110,-0.1240134,-0.6299716,-10.203589,110
91,111,-0.12608628,-0.62997174,-10.20359,111
91,112,-0.12785044,-0.6299719,-10.203593,112
91,113,-0.12903804,-0.6299719,-10.203594,113
91,114,-0.13084625,-0.62997204,-10.203594,114
91,115,-0.1326972,-0.62997204,-10.203595,115
91,116,-0.13382165,-0.629972,-10.203597,116
91,117,-0.13414434,-0.6299719,-10.203595,117
91,118,-0.13417922,-0.62997186,-10.203598,118
91,119,-0.13399877,-0.62997174,-10.203597,119
91,120,-0.13361037,-0.6299716,-10.203597,120
91,121,-0.13322404,-0.6299715,-10.203597,121
91,122,-0.13292895,-0.6299715,-10.203597,122
91,123,-0.1330423,-0.62997127,-10.203593,123
91,124,-0.13370502,-0.62997115,-10.203592,124
91,125,-0.13433541,-0.629971,-10.203588,125
91,126,-0.135286,-0.6299707,-10.203581,126
91,127,-0.13695434,-0.62997055,-10.203576,127
91,128,-0.13828263,-0.62997025,-10.20357,128
91,129,-0.13885483,-0.62997,-10.203566,129
91,130,-0.13878725,-0.6299697,-10.203562,130
91,131,-0.13830824,-0.6299695,-10.203557,131
91,132,-0.13778146,-0.6299693,-10.203555,132
91,133,-0.13711748,-0.6299691,-10.203552,133
91,134,-0.13665228,-0.629969,-10.203551,134
91,135,-0.13550982,-0.6299691,-10.203555,135
91,136,-0.13356562,-0.6299691,-10.203557,136
91,137,-0.13200285,-0.6299693,-10.203561,137
91,138,-0.13053863,-0.62996954,-10.203567,138
91,139,-0.12897715,-0.6299697,-10.203573,139
91,140,-0.127795,-0.62996995,-10.203576,140
91,141,-0.12703365,-0.62997013,-10.203583,141
91,142,-0.12588808,-0.62997025,-10.203584,142
91,143,-0.12542403,-0.62997043,-10.203585,143
91,144,-0.12552729,-0.6299706,-10.203586,144
91,145,-0.12561421,-0.62997067,-10.203585,145
91,146,-0.12530403,-0.62997085,-10.203586,146
91,147,-0.12538718,-0.6299711,-10.203592,147
91,148,-0.12567538,-0.62997127,-10.203594,148
91,149,-0.12616277,-0.6299713,-10.203595,149
91,150,-0.12655206,-0.62997144,-10.203599,150
91,151,-0.1276177,-0.62997144,-10.203595,151
91,152,-0.12945376,-0.6299713,-10.203594,152
91,153,-0.13104066,-0.6299712,-10.203589,153
91,154,-0.13262716,-0.6299711,-10.203586,154
91,155,-0.13428916,-0.629971,-10.203581,155
91,156,-0.13555315,-0.62997085,-10.203579,156
91,157,-0.13641493,-0.62997067,-10.203575,157
91,158,-0.13695098,-0.62997055,-10.203573,158
91,159,-0.13760304,-0.62997043,-10.203571,159
91,160,-0.1373667,-0.6299703,-10.203573,160
91,161,-0.13672568,-0.6299702,-10.203575,161
91,162,-0.13598628,-0.62997025,-10.203576,162
91,163,-0.1351286,-0.6299702,-10.203578,163
91,164,-0.13431965,-0.62997013,-10.20358,164
91,165,-0.13331646,-0.6299701,-10.203581,165
91,166,-0.13235556,-0.62997,-10.203584,166
91,167,-0.13107759,-0.6299701,-10.203584,167
91,168,-0.12961653,-0.62997013,-10.203586,168
91,169,-0.12840714,-0.6299703,-10.2035885,169
91,170,-0.12744972,-0.62997043,-10.203589,170
91,171,-0.12655002,-0.62997043,-10.203593,171
91,172,-0.12544593,-0.62997067,-10.203594,172
91,173,-0.123457044,-0.6299707,-10.203602,173
91,174,-0.12208691,-0.62997115,-10.203603,174
91,175,-0.122854434,-0.62997127,-10.203605,175
91,176,-0.12457902,-0.6299713,-10.203607,176
91,177,-0.12594105,-0.6299713,-10.203605,177
91,178,-0.12803376,-0.62997127,-10.203604,178
91,179,-0.13038984,-0.62997115,-10.203599,179
91,180,-0.13214533,-0.62997085,-10.203597,180
91,181,-0.13369636,-0.6299708,-10.203592,181
91,182,-0.13512583,-0.6299705,-10.203586,182
91,183,-0.13622074,-0.6299702,-10.203579,183
91,184,-0.13654684,-0.6299698,-10.203574,184
91,185,-0.13630334,-0.62996954,-10.203569,185
91,186,-0.13600059,-0.6299693,-10.203565,186
91,187,-0.1348508,-0.6299692,-10.203563,187
91,188,-0.13225669,-0.6299691,-10.203563,188
91,189,-0.13019681,-0.6299692,-10.203563,189
91,190,-0.12907296,-0.62996924,-10.203565,190
91,191,-0.12725179,-0.6299695,-10.203566,191
91,192,-0.12609883,-0.6299697,-10.203567,192
91,193,-0.12664516,-0.62996995,-10.203568,193
91,194,-0.12939683,-0.6299701,-10.203567,194
91,195,-0.1324108,-0.62997013,-10.203566,195
91,196,-0.13451283,-0.62997,-10.203565,196
91,197,-0.13590062,-0.6299701,-10.203563,197
91,198,-0.13674285,-0.6299699,-10.203563,198
91,199,-0.13778545,-0.62997,-10.203565,199
92,0,0.01684304,-0.1034694,-2.564211,0
92,1,0.019044008,-0.23595719,-5.2926803,1
92,2,0.016378716,-0.38993245,-7.702244,2
92,3,0.0034944015,-0.5156663,-9.176435,3
92,4,-0.019305956,-0.5871417,-9.849072,4
92,5,-0.046404086,-0.61652297,-10.092502,5
92,6,-0.06933864,-0.6260618,-10.169299,6
92,7,-0.08660886,-0.62880975,-10.192469,7
92,8,-0.09624877,-0.62958723,-10.1995125,8
92,9,-0.1011119,-0.62982506,-10.201871,9
92,10,-0.10459572,-0.6299087,-10.202776,10
92,11,-0.108362645,-0.6299429,-10.203176,11
92,12,-0.112545684,-0.6299589,-10.203373,12
92,13,-0.117118925,-0.62996745,-10.203482,13
92,14,-0.12154842,-0.6299724,-10.2035475,14
92,15,-0.12566578,-0.6299753,-10.2035885,15
92,16,-0.1293844,-0.6299772,-10.203617,16
92,17,-0.13229468,-0.6299786,-10.203635,17
92,18,-0.13484828,-0.62997955,-10.203649,18
92,19,-0.13758785,-0.62998015,-10.203659,19
92,20,-0.13961098,-0.62998056,-10.203665,20
92,21,-0.14060813,-0.629981,-10.2036705,21
92,22,-0.14109497,-0.6299812,-10.203674,22
92,23,-0.14149866,-0.6299814,-10.203679,23
92,24,-0.1412228,-0.6299816,-10.203682,24
92,25,-0.1416262,-0.6299818,-10.203684,25
92,26,-0.14208363,-0.629982,-10.203687,26
92,27,-0.14260028,-0.62998205,-10.203689,27
92,28,-0.14355984,-0.6299822,-10.20369,28
92,29,-0.14407164,-0.62998223,-10.2036915,29
92,30,-0.14439109,-0.62998223,-10.2036915,30
92,31,-0.14428034,-0.62998235,-10.203692,31
92,32,-0.14381374,-0.6299824,-10.203692,32
92,33,-0.14346987,-0.6299825,-10.203693,33
92,34,-0.14309306,-0.6299825,-10.203693,34
92,35,-0.14287458,-0.62998253,-10.203694,35
92,36,-0.1408702,-0.62998253,-10.203696,36
92,37,-0.14062843,-0.6299826,-10.203696,37
92,38,-0.14049974,-0.62998277,-10.203697,38
92,39,-0.14041054,-0.6299828,-10.203697,39
92,40,-0.14097157,-0.6299828,-10.203699,40
92,41,-0.1418078,-0.6299828,-10.203701,41
92,42,-0.14198437,-0.629983,-10.203701,42
92,43,-0.1417899,-0.6299829,-10.203701,43
92,44,-0.14165834,-0.629983,-10.203701,44
92,45,-0.14167406,-0.629983,-10.203701,45
92,46,-0.14054202,-0.6299831,-10.203701,46
92,47,-0.14029436,-0.6299829,-10.203701,47
92,48,-0.14044607,-0.629983,-10.203699,48
92,49,-0.14039287,-0.62998295,-10.203698,49
92,50,-0.1405035,-0.6299828,-10.203698,50
92,51,-0.14063029,-0.62998277,-10.203697,51
92,52,-0.13930294,-0.6299827,-10.203698,52
92,53,-0.13769399,-0.6299826,-10.203698,53
92,54,-0.13731132,-0.6299827,-10.203701,54
92,55,-0.13690782,-0.6299828,-10.203702,55
92,56,-0.13652359,-0.6299828,-10.203702,56
92,57,-0.13609791,-0.6299829,-10.203702,57
92,58,-0.13588728,-0.62998295,-10.203702,58
92,59,-0.13605611,-0.62998295,-10.203702,59
92,60,-0.1361156,-0.62998295,-10.203701,60
92,61,-0.1363356,-0.6299829,-10.203701,61
92,62,-0.13652036,-0.6299829,-10.203702,62
92,63,-0.13809177,-0.62998277,-10.203701,63
92,64,-0.13946472,-0.6299828,-10.203701,64
92,65,-0.13934664,-0.6299827,-10.203699,65
92,66,-0.14162105,-0.6299826,-10.203699,66
92,67,-0.14356883,-0.62998253,-10.203699,67
92,68,-0.14467557,-0.6299826,-10.203699,68
92,69,-0.14542234,-0.6299825,-10.203697,69
92,70,-0.14572912,-0.6299824,-10.203696,70
92,71,-0.14572716,-0.6299824,-10.203696,71
92,72,-0.14565566,-0.6299824,-10.203693,72
92,73,-0.1459115,-0.6299823,-10.203694,73
92,74,-0.1460636,-0.62998235,-10.203694,74
92,75,-0.14638674,-0.62998235,-10.203694,75
92,76,-0.14759111,-0.62998223,-10.203693,76
92,77,-0.1480801,-0.6299821,-10.203692,77
92,78,-0.1480392,-0.6299823,-10.203692,78
92,79,-0.14754248,-0.6299821,-10.20369,79
92,80,-0.14630872,-0.6299821,-10.203689,80
92,81,-0.14521721,-0.6299822,-10.20369,81
92,82,-0.1445777,-0.6299822,-10.203689,82
92,83,-0.14223658,-0.6299821,-10.20369,83
92,84,-0.14043179,-0.62998223,-10.20369,84
92,85,-0.13919513,-0.6299823,-10.2036915,85
92,86,-0.13839445,-0.6299823,-10.203692,86
92,87,-0.13726759,-0.62998235,-10.203696,87
92,88,-0.13727273,-0.6299824,-10.203694,88
92,89,-0.13764505,-0.6299825,-10.203697,89
92,90,-0.1378516,-0.6299826,-10.203697,90
92,91,-0.13899042,-0.6299826,-10.203698,91
92,92,-0.13965769,-0.62998265,-10.203698,92
92,93,-0.14016148,-0.62998265,-10.203699,93
92,94,-0.14128976,-0.62998265,-10.203699,94
92,95,-0.14303839,-0.6299826,-10.203699,95
92,96,-0.14525555,-0.6299825,-10.203698,96
92,97,-0.14671172,-0.6299823,-10.203694,97
92,98,-0.14761618,-0.6299822,-10.203693,98
92,99,-0.14868587,-0.629982,-10.2036915,99
92,100,-0.14842857,-0.6299817,-10.20369,100
92,101,-0.14768331,-0.6299816,-10.203688,101
92,102,-0.147103,-0.6299816,-10.203685,102
92,103,-0.1442865,-0.6299814,-10.203685,103
92,104,-0.14216788,-0.62998146,-10.203684,104
92,105,-0.14081223,-0.6299814,-10.203685,105
92,106,-0.13886555,-0.62998146,-10.203685,106
92,107,-0.13916126,-0.62998134,-10.203687,107
92,108,-0.14011458,-0.6299814,-10.203688,108
92,109,-0.14104198,-0.6299814,-10.203688,109
92,110,-0.14370027,-0.6299814,-10.203688,110
92,111,-0.14336252,-0.6299813,-10.203688,111
92,112,-0.14162265,-0.6299813,-10.203687,112
92,113,-0.13857749,-0.6299814,-10.203687,113
92,114,-0.13841407,-0.6299814,-10.203687,114
92,115,-0.14006351,-0.62998146,-10.203689,115
92,116,-0.14287224,-0.6299814,-10.203689,116
92,117,-0.14281979,-0.62998146,-10.203689,117
92,118,-0.14071077,-0.62998146,-10.203688,118
92,119,-0.13767336,-0.6299816,-10.203688,119
92,120,-0.13737309,-0.62998164,-10.203689,120
92,121,-0.13801473,-0.6299817,-10.20369,121
92,122,-0.1388745,-0.6299817,-10.2036915,122
92,123,-0.13972007,-0.62998176,-10.2036915,123
92,124,-0.14031564,-0.6299818,-10.2036915,124
92,125,-0.14214566,-0.6299818,-10.203693,125
92,126,-0.14369467,-0.6299819,-10.20369,126
92,127,-0.14485563,-0.62998176,-10.20369,127
92,128,-0.14653312,-0.62998176,-10.203688,128
92,129,-0.14765614,-0.6299817,-10.203687,129
92,130,-0.14744999,-0.6299815,-10.203684,130
92,131,-0.14675622,-0.6299815,-10.203683,131
92,132,-0.14607686,-0.62998146,-10.203683,132
92,133,-0.14566427,-0.6299814,-10.203682,133
92,134,-0.14416291,-0.6299813,-10.203682,134
92,135,-0.14242198,-0.6299814,-10.203682,135
92,136,-0.14141282,-0.6299815,-10.203683,136
92,137,-0.14066455,-0.62998146,-10.203684,137
92,138,-0.13941598,-0.6299815,-10.203684,138
92,139,-0.13941105,-0.6299816,-10.203685,139
92,140,-0.13982551,-0.6299816,-10.203687,140
92,141,-0.14012004,-0.6299816,-10.203689,141
92,142,-0.14319251,-0.6299816,-10.20369,142
92,143,-0.14523551,-0.6299816,-10.203689,143
92,144,-0.14633353,-0.62998146,-10.203689,144
92,145,-0.1471378,-0.62998146,-10.203688,145
92,146,-0.14761648,-0.6299814,-10.203687,146
92,147,-0.14795233,-0.6299814,-10.203684,147
92,148,-0.14756823,-0.6299814,-10.203684,148
92,149,-0.14622226,-0.6299813,-10.203683,149
92,150,-0.1442301,-0.62998134,-10.203683,150
92,151,-0.14234486,-0.62998146,-10.203685,151
92,152,-0.14097667,-0.6299815,-10.203687,152
92,153,-0.14020061,-0.6299816,-10.203687,153
92,154,-0.13980077,-0.6299817,-10.203687,154
92,155,-0.13965392,-0.6299817,-10.203688,155
92,156,-0.1394128,-0.6299817,-10.203688,156
92,157,-0.13960373,-0.62998176,-10.203688,157
92,158,-0.13992444,-0.62998176,-10.203688,158
92,159,-0.14019465,-0.6299817,-10.203688,159
92,160,-0.1398791,-0.62998164,-10.203688,160
92,161,-0.1406327,-0.6299816,-10.203689,161
92,162,-0.1419079,-0.6299815,-10.203689,162
92,163,-0.14168146,-0.62998146,-10.203687,163
92,164,-0.14156033,-0.62998146,-10.203688,164
92,165,-0.14541638,-0.62998134,-10.203688,165
92,166,-0.14813931,-0.62998116,-10.203688,166
92,167,-0.14976585,-0.6299811,-10.203687,167
92,168,-0.14967397,-0.629981,-10.203683,168
92,169,-0.1489983,-0.6299809,-10.203682,169
92,170,-0.14847472,-0.6299808,-10.203679,170
92,171,-0.14682628,-0.6299808,-10.203678,171
92,172,-0.14572161,-0.62998074,-10.203675,172
92,173,-0.14492951,-0.6299807,-10.203677,173
92,174,-0.14319453,-0.62998074,-10.203675,174
92,175,-0.14250484,-0.62998074,-10.203678,175
92,176,-0.14217205,-0.62998074,-10.203678,176
92,177,-0.14187586,-0.62998074,-10.203678,177
92,178,-0.14202178,-0.6299807,-10.203682,178
92,179,-0.14181697,-0.62998086,-10.203682,179
92,180,-0.14154087,-0.6299808,-10.203683,180
92,181,-0.14138594,-0.6299808,-10.203684,181
92,182,-0.1415166,-0.6299808,-10.203683,182
92,183,-0.14383662,-0.6299808,-10.203684,183
92,184,-0.14518912,-0.6299808,-10.203683,184
92,185,-0.14541821,-0.6299807,-10.203682,185
92,186,-0.14536145,-0.6299807,-10.20368,186
92,187,-0.14531639,-0.62998056,-10.20368,187
92,188,-0.14554626,-0.62998056,-10.203679,188
92,189,-0.14571737,-0.6299805,-10.203679,189
92,190,-0.14636266,-0.62998044,-10.203678,190
92,191,-0.14754064,-0.62998044,-10.203675,191
92,192,-0.14849591,-0.62998027,-10.203675,192
92,193,-0.14880657,-0.62998027,-10.203673,193
92,194,-0.14888409,-0.62998015,-10.203672,194
92,195,-0.14902072,-0.6299801,-10.203672,195
92,196,-0.1481796,-0.62998015,-10.20367,196
92,197,-0.14766546,-0.6299801,-10.20367,197
92,198,-0.14741947,-0.62998,-10.203669,198
92,199,-0.14695083,-0.6299801,-10.203668,199
93,0,0.008122219,-0.12417116,-2.5766957,0
93,1,-0.0046686716,-0.28048366,-5.2888603,1
93,2,-0.019651964,-0.43948135,-7.691319,2
93,3,-0.033233922,-0.5495624,-9.192986,3
93,4,-0.04500655,-0.60243994,-9.864401,4
93,5,-0.055398144,-0.62165177,-10.101242,5
93,6,-0.06430635,-0.62752986,-10.17353,6
93,7,-0.0740158,-0.6292037,-10.194117,7
93,8,-0.081956565,-0.6296984,-10.200205,8
93,9,-0.08743025,-0.62986034,-10.202196,9
93,10,-0.09318461,-0.62992084,-10.202938,10
93,11,-0.09595714,-0.6299475,-10.203269,11
93,12,-0.09712539,-0.6299606,-10.203434,12
93,13,-0.096801534,-0.62996775,-10.2035265,13
93,14,-0.09901945,-0.6299718,-10.203579,14
93,15,-0.10309889,-0.62997437,-10.203611,15
93,16,-0.108236454,-0.6299759,-10.203631,16
93,17,-0.110275306,-0.62997705,-10.203647,17
93,18,-0.10939748,-0.629978,-10.20366,18
93,19,-0.1069181,-0.6299788,-10.2036705,19
93,20,-0.10703739,-0.6299792,-10.203677,20
93,21,-0.10802319,-0.6299795,-10.203683,21
93,22,-0.110089384,-0.6299797,-10.203688,22
93,23,-0.11175759,-0.62997997,-10.203689,23
93,24,-0.11291625,-0.62998,-10.203692,24
93,25,-0.115932986,-0.62998015,-10.2036915,25
93,26,-0.11783795,-0.6299802,-10.2036915,26
93,27,-0.11939737,-0.62998015,-10.20369,27
93,28,-0.12186775,-0.6299802,-10.203689,28
93,29,-0.12332449,-0.6299802,-10.203688,29
93,30,-0.123141006,-0.62998027,-10.203687,30
93,31,-0.121996485,-0.62998027,-10.203687,31
93,32,-0.12083528,-0.62998027,-10.203685,32
93,33,-0.12004375,-0.6299804,-10.203685,33
93,34,-0.11770301,-0.6299804,-10.203687,34
93,35,-0.1152595,-0.62998044,-10.203688,35
93,36,-0.11372113,-0.62998056,-10.203688,36
93,37,-0.11259303,-0.62998056,-10.20369,37
93,38,-0.11090192,-0.6299807,-10.2036915,38
93,39,-0.11071053,-0.6299807,-10.2036915,39
93,40,-0.11123981,-0.6299806,-10.2036915,40
93,41,-0.111703485,-0.6299807,-10.2036915,41
93,42,-0.11529229,-0.62998056,-10.203689,42
93,43,-0.11827729,-0.6299805,-10.203687,43
93,44,-0.1200446,-0.62998044,-10.203687,44
93,45,-0.121366695,-0.6299803,-10.203687,45
93,46,-0.12223345,-0.6299804,-10.203687,46
93,47,-0.12272877,-0.62998027,-10.203687,47
93,48,-0.12232136,-0.62998027,-10.203687,48
93,49,-0.12075955,-0.62998027,-10.203688,49
93,50,-0.11829441,-0.6299803,-10.2036915,50
93,51,-0.11599727,-0.6299804,-10.203693,51
93,52,-0.11447502,-0.6299805,-10.203697,52
93,53,-0.11365629,-0.62998056,-10.203697,53
93,54,-0.11329597,-0.6299806,-10.203698,54
93,55,-0.11309369,-0.6299806,-10.203699,55
93,56,-0.11358009,-0.62998074,-10.203698,56
93,57,-0.11328493,-0.62998086,-10.203697,57
93,58,-0.11334966,-0.6299807,-10.203696,58
93,59,-0.1134708,-0.6299807,-10.203694,59
93,60,-0.11271481,-0.62998074,-10.203693,60
93,61,-0.11325547,-0.6299807,-10.2036915,61
93,62,-0.11498062,-0.6299807,-10.203689,62
93,63,-0.11472033,-0.6299806,-10.203687,63
93,64,-0.114283025,-0.62998056,-10.203684,64
93,65,-0.11823729,-0.6299804,-10.20368,65
93,66,-0.12138341,-0.6299802,-10.203675,66
93,67,-0.12425144,-0.62998,-10.203674,67
93,68,-0.12504427,-0.62998,-10.203673,68
93,69,-0.1246584,-0.62998,-10.203674,69
93,70,-0.12414886,-0.62998,-10.203673,70
93,71,-0.12246873,-0.62998,-10.203672,71
93,72,-0.12078706,-0.62998,-10.203672,72
93,73,-0.11954687,-0.62998,-10.203673,73
93,74,-0.117356904,-0.62998015,-10.203674,74
93,75,-0.115208395,-0.62998015,-10.203674,75
93,76,-0.11454102,-0.62998015,-10.203674,76
93,77,-0.1142317,-0.6299802,-10.203675,77
93,78,-0.113685,-0.62998015,-10.203675,78
93,79,-0.11401787,-0.62998015,-10.203678,79
93,80,-0.11408469,-0.62998015,-10.203678,80
93,81,-0.11412723,-0.62998015,-10.20368,81
93,82,-0.11478593,-0.62998015,-10.203683,82
93,83,-0.11811195,-0.62998,-10.203682,83
93,84,-0.120082155,-0.62997997,-10.203682,84
93,85,-0.12071264,-0.62998,-10.203683,85
93,86,-0.1209769,-0.62997985,-10.203682,86
93,87,-0.12107586,-0.62997985,-10.203683,87
93,88,-0.12156933,-0.6299798,-10.203683,88
93,89,-0.121679574,-0.6299798,-10.203684,89
93,90,-0.12370944,-0.6299799,-10.203682,90
93,91,-0.12531543,-0.6299797,-10.20368,91
93,92,-0.12624244,-0.6299797,-10.203678,92
93,93,-0.12625872,-0.62997967,-10.203677,93
93,94,-0.12611875,-0.62997955,-10.203674,94
93,95,-0.12621553,-0.62997955,-10.203673,95
93,96,-0.12565632,-0.62997955,-10.203674,96
93,97,-0.12468153,-0.62997967,-10.203673,97
93,98,-0.124082595,-0.62997967,-10.203672,98
93,99,-0.12328434,-0.62997967,-10.203673,99
93,100,-0.12261025,-0.6299797,-10.203673,100
93,101,-0.121223934,-0.6299798,-10.203673,101
93,102,-0.120144635,-0.62997985,-10.203673,102
93,103,-0.11726435,-0.62997985,-10.203675,103
93,104,-0.11518224,-0.62998,-10.203678,104
93,105,-0.11378872,-0.62998015,-10.203679,105
93,106,-0.112499796,-0.62998015,-10.203679,106
93,107,-0.11179059,-0.6299803,-10.20368,107
93,108,-0.111363545,-0.6299804,-10.203682,108
93,109,-0.111620404,-0.6299804,-10.203682,109
93,110,-0.11337153,-0.6299803,-10.20368,110
93,111,-0.11413037,-0.6299803,-10.203678,111
93,112,-0.114952154,-0.62998027,-10.203678,112
93,113,-0.11538911,-0.62998027,-10.203677,113
93,114,-0.11505876,-0.62998015,-10.203677,114
93,115,-0.11648384,-0.62998015,-10.203677,115
93,116,-0.117386095,-0.6299802,-10.203678,116
93,117,-0.117842965,-0.62998015,-10.203679,117
93,118,-0.11817767,-0.6299801,-10.20368,118
93,119,-0.118467726,-0.62998,-10.20368,119
93,120,-0.11873171,-0.6299801,-10.203683,120
93,121,-0.11923643,-0.62998015,-10.203682,121
93,122,-0.119547315,-0.62998,-10.203682,122
93,123,-0.12134292,-0.6299801,-10.203682,123
93,124,-0.12228473,-0.62997997,-10.20368,124
93,125,-0.12326316,-0.62997997,-10.203679,125
93,126,-0.12505417,-0.62997985,-10.203677,126
93,127,-0.12589824,-0.6299798,-10.203673,127
93,128,-0.12677026,-0.62997967,-10.203672,128
93,129,-0.12672158,-0.62997967,-10.2036705,129
93,130,-0.12633808,-0.62997967,-10.203669,130
93,131,-0.12676144,-0.62997967,-10.203669,131
93,132,-0.12512842,-0.62997967,-10.203668,132
93,133,-0.124070436,-0.62997955,-10.203668,133
93,134,-0.12338813,-0.62997955,-10.203668,134
93,135,-0.11983136,-0.62997967,-10.2036705,135
93,136,-0.118127376,-0.6299798,-10.203673,136
93,137,-0.11689343,-0.62997985,-10.203675,137
93,138,-0.11559674,-0.6299798,-10.203677,138
93,139,-0.11531398,-0.62997985,-10.20368,139
93,140,-0.11510096,-0.62998,-10.203682,140
93,141,-0.11503864,-0.62998,-10.203683,141
93,142,-0.11605227,-0.62998015,-10.203684,142
93,143,-0.11592869,-0.62998015,-10.203683,143
93,144,-0.11614248,-0.62998015,-10.203682,144
93,145,-0.11675469,-0.6299802,-10.203679,145
93,146,-0.11385199,-0.6299802,-10.203679,146
93,147,-0.11167036,-0.62998015,-10.20368,147
93,148,-0.11254405,-0.62998015,-10.203682,148
93,149,-0.113116555,-0.62998027,-10.203682,149
93,150,-0.113541044,-0.6299802,-10.203682,150
93,151,-0.116594315,-0.62998027,-10.20368,151
93,152,-0.11821016,-0.6299802,-10.203678,152
93,153,-0.119498484,-0.6299801,-10.203675,153
93,154,-0.12101605,-0.6299801,-10.203673,154
93,155,-0.12158045,-0.6299801,-10.2036705,155
93,156,-0.121803135,-0.62997997,-10.20367,156
93,157,-0.12170775,-0.6299799,-10.203668,157
93,158,-0.121588245,-0.6299799,-10.203666,158
93,159,-0.1195181,-0.62997985,-10.203668,159
93,160,-0.11903138,-0.6299797,-10.203669,160
93,161,-0.11846247,-0.6299797,-10.20367,161
93,162,-0.11778771,-0.6299798,-10.203672,162
93,163,-0.118245184,-0.6299798,-10.203675,163
93,164,-0.11832121,-0.6299798,-10.203675,164
93,165,-0.11822737,-0.6299799,-10.203678,165
93,166,-0.11806269,-0.62997985,-10.203678,166
93,167,-0.117651016,-0.62997997,-10.203679,167
93,168,-0.116502576,-0.62997997,-10.20368,168
93,169,-0.1158311,-0.62997997,-10.203682,169
93,170,-0.11515519,-0.6299801,-10.203682,170
93,171,-0.11449518,-0.6299801,-10.203683,171
93,172,-0.11387092,-0.6299801,-10.203684,172
93,173,-0.11166129,-0.6299802,-10.203685,173
93,174,-0.11068413,-0.62998027,-10.203687,174
93,175,-0.112546586,-0.6299802,-10.203688,175
93,176,-0.1144301,-0.62998015,-10.203687,176
93,177,-0.11565894,-0.62998015,-10.203687,177
93,178,-0.11843065,-0.6299801,-10.203684,178
93,179,-0.12041975,-0.62998,-10.203683,179
93,180,-0.12198925,-0.62997985,-10.20368,180
93,181,-0.12339602,-0.6299799,-10.203678,181
93,182,-0.12516166,-0.6299798,-10.203674,182
93,183,-0.12613524,-0.6299797,-10.203673,183
93,184,-0.1258821,-0.6299797,-10.203672,184
93,185,-0.12522471,-0.62997967,-10.2036705,185
93,186,-0.12466777,-0.62997967,-10.20367,186
93,187,-0.12269567,-0.6299796,-10.2036705,187
93,188,-0.120510414,-0.6299798,-10.203672,188
93,189,-0.11863403,-0.62997985,-10.203672,189
93,190,-0.1175851,-0.62997997,-10.203672,190
93,191,-0.11618368,-0.6299801,-10.203672,191
93,192,-0.11504601,-0.62998,-10.203672,192
93,193,-0.11495125,-0.6299801,-10.2036705,193
93,194,-0.11750651,-0.62997997,-10.20367,194
93,195,-0.11935444,-0.6299799,-10.203668,195
93,196,-0.12010004,-0.62997985,-10.203666,196
93,197,-0.12043697,-0.6299798,-10.203664,197
93,198,-0.12058993,-0.6299799,-10.203665,198
93,199,-0.11901525,-0.62997985,-10.203665,199
94,0,0.002807583,-0.065849744,-2.0625844,0
94,1,-0.020803187,-0.14963941,-4.2215033,1
94,2,-0.049301773,-0.2769899,-6.511839,2
94,3,-0.07696495,-0.42147532,-8.358158,3
94,4,-0.10176658,-0.5349332,-9.442983,4
94,5,-0.1216627,-0.5956571,-9.932002,5
94,6,-0.13338646,-0.6192685,-10.1130295,6
94,7,-0.13851906,-0.6267291,-10.172925,7
94,8,-0.13618423,-0.6289145,-10.192224,8
94,9,-0.13014345,-0.62957627,-10.198789,9
94,10,-0.12675098,-0.629799,-10.201275,10
94,11,-0.121744625,-0.62988514,-10.202329,11
94,12,-0.11844307,-0.6299235,-10.202833,12
94,13,-0.11540855,-0.629943,-10.203104,13
94,14,-0.117373876,-0.6299538,-10.203265,14
94,15,-0.12120694,-0.62996024,-10.203366,15
94,16,-0.1263625,-0.62996423,-10.203433,16
94,17,-0.12807609,-0.6299669,-10.203476,17
94,18,-0.12798359,-0.6299688,-10.203507,18
94,19,-0.1266549,-0.6299703,-10.203533,19
94,20,-0.12836383,-0.6299713,-10.203552,20
94,21,-0.1302539,-0.6299723,-10.203569,21
94,22,-0.13236482,-0.6299729,-10.203581,22
94,23,-0.13420811,-0.62997335,-10.203589,23
94,24,-0.13566539,-0.62997353,-10.203597,24
94,25,-0.13833296,-0.6299739,-10.203602,25
94,26,-0.14023793,-0.62997395,-10.203605,26
94,27,-0.14187048,-0.62997407,-10.203607,27
94,28,-0.14395873,-0.6299741,-10.203608,28
94,29,-0.14525717,-0.62997395,-10.203607,29
94,30,-0.14528756,-0.62997395,-10.203607,30
94,31,-0.1449257,-0.62997407,-10.203607,31
94,32,-0.14452663,-0.62997407,-10.203607,32
94,33,-0.1443213,-0.62997407,-10.2036085,33
94,34,-0.14279267,-0.6299741,-10.2036085,34
94,35,-0.1412813,-0.62997425,-10.203611,35
94,36,-0.1404465,-0.6299743,-10.203611,36
94,37,-0.1397098,-0.6299744,-10.203612,37
94,38,-0.13839155,-0.6299746,-10.203614,38
94,39,-0.13865577,-0.6299746,-10.203614,39
94,40,-0.13913675,-0.6299748,-10.203617,40
94,41,-0.13953146,-0.62997484,-10.203617,41
94,42,-0.14314745,-0.6299748,-10.203621,42
94,43,-0.14510347,-0.6299748,-10.203619,43
94,44,-0.14643013,-0.62997466,-10.203619,44
94,45,-0.14745465,-0.6299746,-10.203619,45
94,46,-0.14804702,-0.62997454,-10.203619,46
94,47,-0.14846337,-0.6299746,-10.203619,47
94,48,-0.1480658,-0.6299745,-10.203619,48
94,49,-0.14671707,-0.6299744,-10.203619,49
94,50,-0.14468375,-0.6299745,-10.203622,50
94,51,-0.14273322,-0.6299746,-10.203623,51
94,52,-0.14123397,-0.6299746,-10.203626,52
94,53,-0.14028645,-0.62997466,-10.203628,53
94,54,-0.13971919,-0.6299747,-10.203629,54
94,55,-0.13947375,-0.6299749,-10.20363,55
94,56,-0.1390961,-0.6299749,-10.203628,56
94,57,-0.13928333,-0.6299749,-10.203627,57
94,58,-0.13964407,-0.62997484,-10.203623,58
94,59,-0.14002804,-0.62997484,-10.203621,59
94,60,-0.13978693,-0.62997484,-10.203619,60
94,61,-0.14100628,-0.6299747,-10.203618,61
94,62,-0.14258504,-0.6299747,-10.203613,62
94,63,-0.14239128,-0.62997454,-10.203611,63
94,64,-0.14269134,-0.6299745,-10.203608,64
94,65,-0.14741284,-0.62997437,-10.203605,65
94,66,-0.15031025,-0.6299743,-10.203604,66
94,67,-0.15259868,-0.6299741,-10.203602,67
94,68,-0.15282214,-0.62997377,-10.203598,68
94,69,-0.1524684,-0.62997377,-10.203598,69
94,70,-0.15205961,-0.62997365,-10.203595,70
94,71,-0.1501776,-0.6299735,-10.203592,71
94,72,-0.14904276,-0.6299735,-10.2035885,72
94,73,-0.14798935,-0.6299735,-10.2035885,73
94,74,-0.14582042,-0.6299734,-10.203585,74
94,75,-0.1451788,-0.6299735,-10.203586,75
94,76,-0.14485528,-0.6299735,-10.203586,76
94,77,-0.14460634,-0.6299736,-10.203588,77
94,78,-0.1449681,-0.62997365,-10.203589,78
94,79,-0.14498062,-0.6299736,-10.203589,79
94,80,-0.14489856,-0.62997377,-10.203592,80
94,81,-0.14488466,-0.6299738,-10.203594,81
94,82,-0.14514555,-0.62997395,-10.203597,82
94,83,-0.14763562,-0.62997395,-10.203597,83
94,84,-0.1485653,-0.6299738,-10.203598,84
94,85,-0.14866053,-0.6299738,-10.203598,85
94,86,-0.14849323,-0.62997365,-10.203599,86
94,87,-0.1482488,-0.62997365,-10.203598,87
94,88,-0.14824562,-0.6299736,-10.203599,88
94,89,-0.14807196,-0.6299736,-10.203599,89
94,90,-0.14849706,-0.62997353,-10.203594,90
94,91,-0.14915416,-0.62997335,-10.203593,91
94,92,-0.14965895,-0.62997323,-10.2035885,92
94,93,-0.1497679,-0.62997305,-10.203588,93
94,94,-0.14986017,-0.62997293,-10.203585,94
94,95,-0.14995769,-0.6299729,-10.203585,95
94,96,-0.1490733,-0.62997276,-10.203584,96
94,97,-0.14855073,-0.62997276,-10.203581,97
94,98,-0.14822002,-0.62997276,-10.203581,98
94,99,-0.14769958,-0.6299727,-10.20358,99
94,100,-0.1473652,-0.62997276,-10.20358,100
94,101,-0.14633681,-0.6299728,-10.203581,101
94,102,-0.14587447,-0.62997293,-10.203583,102
94,103,-0.14370152,-0.629973,-10.203581,103
94,104,-0.14264421,-0.6299732,-10.203584,104
94,105,-0.14183398,-0.62997323,-10.203584,105
94,106,-0.14100532,-0.6299735,-10.203586,106
94,107,-0.14070119,-0.6299735,-10.203588,107
94,108,-0.14074308,-0.62997365,-10.203589,108
94,109,-0.1404796,-0.62997377,-10.2035885,109
94,110,-0.14160748,-0.62997377,-10.203585,110
94,111,-0.14290896,-0.62997377,-10.203588,111
94,112,-0.14381254,-0.62997377,-10.203585,112
94,113,-0.1443767,-0.62997377,-10.203585,113
94,114,-0.14548345,-0.62997377,-10.2035885,114
94,115,-0.14669397,-0.62997365,-10.203589,115
94,116,-0.1471489,-0.62997377,-10.203592,116
94,117,-0.14724985,-0.62997377,-10.203593,117
94,118,-0.14732088,-0.62997377,-10.203594,118
94,119,-0.14722878,-0.62997377,-10.203595,119
94,120,-0.14706057,-0.62997377,-10.203598,120
94,121,-0.14702645,-0.62997377,-10.203597,121
94,122,-0.14696948,-0.6299737,-10.203595,122
94,123,-0.14762434,-0.6299736,-10.203595,123
94,124,-0.14810492,-0.6299736,-10.203593,124
94,125,-0.14860179,-0.62997353,-10.203589,125
94,126,-0.14942099,-0.62997335,-10.203586,126
94,127,-0.15046409,-0.62997323,-10.203585,127
94,128,-0.15101868,-0.62997305,-10.203584,128
94,129,-0.15101045,-0.62997293,-10.203584,129
94,130,-0.15069464,-0.6299729,-10.20358,130
94,131,-0.15016478,-0.62997276,-10.203578,131
94,132,-0.14952359,-0.62997276,-10.203576,132
94,133,-0.14906886,-0.62997264,-10.203575,133
94,134,-0.14876598,-0.6299726,-10.203576,134
94,135,-0.14730497,-0.62997264,-10.203579,135
94,136,-0.1462609,-0.62997276,-10.203583,136
94,137,-0.14534235,-0.6299728,-10.203584,137
94,138,-0.14431235,-0.629973,-10.2035885,138
94,139,-0.14351507,-0.6299731,-10.203589,139
94,140,-0.14303829,-0.6299733,-10.20359,140
94,141,-0.14283977,-0.6299734,-10.203592,141
94,142,-0.14249718,-0.6299735,-10.203589,142
94,143,-0.14265485,-0.6299735,-10.2035885,143
94,144,-0.14301853,-0.62997353,-10.203586,144
94,145,-0.143277,-0.6299735,-10.203583,145
94,146,-0.1423901,-0.6299735,-10.203581,146
94,147,-0.14245668,-0.6299735,-10.203585,147
94,148,-0.14297093,-0.6299736,-10.203586,148
94,149,-0.14335005,-0.6299737,-10.203588,149
94,150,-0.14364187,-0.62997365,-10.2035885,150
94,151,-0.14526221,-0.6299736,-10.203584,151
94,152,-0.14641367,-0.6299736,-10.203583,152
94,153,-0.14738417,-0.6299734,-10.203579,153
94,154,-0.14840232,-0.6299733,-10.203574,154
94,155,-0.14917068,-0.62997323,-10.20357,155
94,156,-0.14961183,-0.62997305,-10.203569,156
94,157,-0.14981468,-0.62997293,-10.203568,157
94,158,-0.14984468,-0.62997276,-10.203566,158
94,159,-0.14981298,-0.62997276,-10.203569,159
94,160,-0.14939694,-0.6299728,-10.203573,160
94,161,-0.14881675,-0.6299729,-10.203574,161
94,162,-0.14819494,-0.62997293,-10.203579,162
94,163,-0.14778267,-0.629973,-10.203579,163
94,164,-0.14727637,-0.6299731,-10.20358,164
94,165,-0.14667687,-0.62997305,-10.203581,165
94,166,-0.14626229,-0.6299732,-10.203583,166
94,167,-0.14543024,-0.6299732,-10.203581,167
94,168,-0.14460357,-0.6299731,-10.203584,168
94,169,-0.14413838,-0.62997323,-10.203584,169
94,170,-0.14367814,-0.6299733,-10.203585,170
94,171,-0.14324018,-0.62997335,-10.203586,171
94,172,-0.14263625,-0.62997335,-10.203586,172
94,173,-0.14083509,-0.6299736,-10.2035885,173
94,174,-0.14052372,-0.6299737,-10.2035885,174
94,175,-0.14219084,-0.62997377,-10.203589,175
94,176,-0.14358523,-0.62997377,-10.2035885,176
94,177,-0.14455001,-0.62997365,-10.203589,177
94,178,-0.14687638,-0.62997365,-10.2035885,178
94,179,-0.14827557,-0.6299735,-10.203585,179
94,180,-0.1494557,-0.6299734,-10.203584,180
94,181,-0.15045449,-0.62997323,-10.203584,181
94,182,-0.15134837,-0.62997305,-10.203581,182
94,183,-0.15164468,-0.62997293,-10.203578,183
94,184,-0.15134281,-0.6299728,-10.203574,184
94,185,-0.15088663,-0.6299726,-10.203573,185
94,186,-0.15053052,-0.6299726,-10.20357,186
94,187,-0.14904818,-0.6299725,-10.203571,187
94,188,-0.14701504,-0.6299725,-10.203569,188
94,189,-0.14597216,-0.6299725,-10.203569,189
94,190,-0.14530653,-0.6299726,-10.203568,190
94,191,-0.14374475,-0.62997276,-10.203566,191
94,192,-0.14330219,-0.6299727,-10.203565,192
94,193,-0.14384772,-0.62997276,-10.203563,193
94,194,-0.14614053,-0.6299729,-10.203563,194
94,195,-0.1474113,-0.62997276,-10.203562,195
94,196,-0.14822204,-0.6299728,-10.203562,196
94,197,-0.14868988,-0.6299727,-10.203562,197
94,198,-0.14889471,-0.62997276,-10.203561,198
94,199,-0.14923142,-0.62997264,-10.203567,199
95,0,0.0022932074,-0.12868296,-2.312975,0
95,1,-0.01933087,-0.28991282,-4.7670465,1
95,2,-0.043999452,-0.4492964,-7.1523104,2
95,3,-0.06352682,-0.5548612,-8.821721,3
95,4,-0.072701,-0.6042404,-9.674582,4
95,5,-0.07023747,-0.6220354,-10.01968,5
95,6,-0.05944711,-0.627552,-10.141056,6
95,7,-0.04928482,-0.6291901,-10.1812525,7
95,8,-0.043701965,-0.6296888,-10.194733,8
95,9,-0.04415096,-0.6298562,-10.199613,9
95,10,-0.050828513,-0.62992066,-10.201575,10
95,11,-0.058461405,-0.6299478,-10.202447,11
95,12,-0.06580962,-0.6299611,-10.202887,12
95,13,-0.071274824,-0.62996817,-10.203129,13
95,14,-0.077942014,-0.6299725,-10.203278,14
95,15,-0.08520684,-0.6299755,-10.203369,15
95,16,-0.09277448,-0.6299773,-10.203429,16
95,17,-0.09722347,-0.6299784,-10.203466,17
95,18,-0.09884184,-0.6299791,-10.203494,18
95,19,-0.09843135,-0.6299795,-10.203513,19
95,20,-0.099692896,-0.6299801,-10.203532,20
95,21,-0.102216594,-0.62998044,-10.203546,21
95,22,-0.10413514,-0.6299808,-10.203557,22
95,23,-0.1059537,-0.62998104,-10.203563,23
95,24,-0.10746838,-0.62998116,-10.203569,24
95,25,-0.108971804,-0.6299813,-10.203573,25
95,26,-0.11095558,-0.6299813,-10.203574,26
95,27,-0.11257348,-0.6299813,-10.203575,27
95,28,-0.114205256,-0.6299813,-10.203574,28
95,29,-0.11578596,-0.6299812,-10.203573,29
95,30,-0.11619715,-0.6299811,-10.20357,30
95,31,-0.11608344,-0.629981,-10.20357,31
95,32,-0.11571572,-0.62998086,-10.203569,32
95,33,-0.115420215,-0.6299808,-10.20357,33
95,34,-0.11432996,-0.6299808,-10.203568,34
95,35,-0.11259172,-0.6299808,-10.20357,35
95,36,-0.11132805,-0.6299807,-10.203571,36
95,37,-0.11034183,-0.6299808,-10.203571,37
95,38,-0.108984716,-0.62998074,-10.203573,38
95,39,-0.10881454,-0.62998086,-10.203576,39
95,40,-0.10912977,-0.62998086,-10.203579,40
95,41,-0.10948008,-0.629981,-10.203579,41
95,42,-0.11271677,-0.6299813,-10.203583,42
95,43,-0.11516548,-0.6299813,-10.203581,43
95,44,-0.116935134,-0.6299812,-10.20358,44
95,45,-0.118313946,-0.6299814,-10.20358,45
95,46,-0.11932959,-0.6299814,-10.203578,46
95,47,-0.12029182,-0.6299813,-10.203578,47
95,48,-0.12064636,-0.6299813,-10.203576,48
95,49,-0.119944155,-0.6299813,-10.203575,49
95,50,-0.118390605,-0.6299813,-10.203574,50
95,51,-0.11651387,-0.6299814,-10.203576,51
95,52,-0.11470538,-0.62998134,-10.203578,52
95,53,-0.11330466,-0.62998134,-10.203578,53
95,54,-0.112225376,-0.62998134,-10.20358,54
95,55,-0.111580335,-0.6299814,-10.203583,55
95,56,-0.10985301,-0.6299813,-10.203581,56
95,57,-0.1093513,-0.6299812,-10.203583,57
95,58,-0.10912999,-0.62998116,-10.203581,58
95,59,-0.10903186,-0.62998116,-10.203583,59
95,60,-0.108762875,-0.629981,-10.203581,60
95,61,-0.109583735,-0.629981,-10.203581,61
95,62,-0.110656455,-0.6299809,-10.203583,62
95,63,-0.110664904,-0.6299808,-10.203579,63
95,64,-0.11081916,-0.6299807,-10.203579,64
95,65,-0.115172,-0.62998086,-10.20358,65
95,66,-0.11925055,-0.629981,-10.203579,66
95,67,-0.121823795,-0.629981,-10.203575,67
95,68,-0.12254433,-0.6299809,-10.203571,68
95,69,-0.122424856,-0.6299808,-10.203569,69
95,70,-0.12213787,-0.6299807,-10.203567,70
95,71,-0.120381676,-0.62998044,-10.203563,71
95,72,-0.11904957,-0.62998044,-10.203563,72
95,73,-0.11785319,-0.6299803,-10.203562,73
95,74,-0.11563057,-0.6299802,-10.203561,74
95,75,-0.115201175,-0.6299804,-10.203562,75
95,76,-0.1148094,-0.62998044,-10.203565,76
95,77,-0.11450285,-0.62998044,-10.203566,77
95,78,-0.11558951,-0.6299806,-10.203569,78
95,79,-0.11572552,-0.6299808,-10.20357,79
95,80,-0.1158776,-0.62998086,-10.203573,80
95,81,-0.11626549,-0.62998116,-10.203575,81
95,82,-0.11664173,-0.62998116,-10.203576,82
95,83,-0.1185265,-0.62998134,-10.203576,83
95,84,-0.12022572,-0.62998146,-10.203576,84
95,85,-0.12099439,-0.62998146,-10.203575,85
95,86,-0.12118153,-0.6299814,-10.203575,86
95,87,-0.121243805,-0.6299814,-10.203574,87
95,88,-0.12126174,-0.6299814,-10.203574,88
95,89,-0.121496774,-0.62998134,-10.203574,89
95,90,-0.120713435,-0.6299813,-10.203571,90
95,91,-0.12094387,-0.6299811,-10.203569,91
95,92,-0.121583104,-0.6299811,-10.203567,92
95,93,-0.12206481,-0.629981,-10.203566,93
95,94,-0.122316286,-0.6299809,-10.203563,94
95,95,-0.12255244,-0.62998086,-10.203565,95
95,96,-0.12151046,-0.6299807,-10.20356,96
95,97,-0.120914124,-0.62998056,-10.203561,97
95,98,-0.120497316,-0.6299807,-10.20356,98
95,99,-0.11990452,-0.62998056,-10.203558,99
95,100,-0.11945592,-0.6299805,-10.203558,100
95,101,-0.11828625,-0.62998044,-10.203557,101
95,102,-0.11762511,-0.6299805,-10.20356,102
95,103,-0.11589332,-0.62998044,-10.203558,103
95,104,-0.11423539,-0.62998044,-10.203561,104
95,105,-0.1130127,-0.62998044,-10.203563,105
95,106,-0.11193791,-0.62998044,-10.203566,106
95,107,-0.111247085,-0.6299805,-10.203568,107
95,108,-0.111167684,-0.6299807,-10.203569,108
95,109,-0.11027985,-0.62998056,-10.203571,109
95,110,-0.11037072,-0.62998056,-10.203571,110
95,111,-0.11203454,-0.62998056,-10.203573,111
95,112,-0.1130885,-0.6299807,-10.203573,112
95,113,-0.11373721,-0.6299807,-10.203573,113
95,114,-0.115765594,-0.6299809,-10.203574,114
95,115,-0.117157586,-0.629981,-10.203576,115
95,116,-0.11795807,-0.6299811,-10.203576,116
95,117,-0.11833499,-0.6299811,-10.203576,117
95,118,-0.11867315,-0.6299812,-10.203575,118
95,119,-0.11883701,-0.6299812,-10.203576,119
95,120,-0.11882694,-0.6299812,-10.203574,120
95,121,-0.11873181,-0.6299812,-10.203575,121
95,122,-0.11876195,-0.62998116,-10.203574,122
95,123,-0.1186254,-0.62998116,-10.203573,123
95,124,-0.11920011,-0.6299811,-10.203571,124
95,125,-0.11967353,-0.6299809,-10.203569,125
95,126,-0.12014797,-0.6299808,-10.203567,126
95,127,-0.121943936,-0.62998086,-10.203566,127
95,128,-0.12295835,-0.6299808,-10.203563,128
95,129,-0.123455375,-0.6299807,-10.203561,129
95,130,-0.123390056,-0.6299807,-10.203558,130
95,131,-0.122322254,-0.62998044,-10.203557,131
95,132,-0.122162655,-0.6299804,-10.203556,132
95,133,-0.12166352,-0.6299804,-10.203555,133
95,134,-0.121232904,-0.6299803,-10.203555,134
95,135,-0.1210894,-0.62998044,-10.203555,135
95,136,-0.119788565,-0.62998056,-10.203557,136
95,137,-0.11877684,-0.62998074,-10.203561,137
95,138,-0.11799583,-0.6299809,-10.203565,138
95,139,-0.1166391,-0.62998086,-10.203567,139
95,140,-0.115702264,-0.6299809,-10.203567,140
95,141,-0.11514262,-0.629981,-10.203569,141
95,142,-0.11330082,-0.6299808,-10.203569,142
95,143,-0.11290694,-0.62998074,-10.203569,143
95,144,-0.112784706,-0.62998074,-10.203568,144
95,145,-0.11236356,-0.6299805,-10.203568,145
95,146,-0.112605765,-0.6299805,-10.203569,146
95,147,-0.11349586,-0.6299808,-10.203573,147
95,148,-0.11324623,-0.6299809,-10.203575,148
95,149,-0.113402456,-0.629981,-10.203576,149
95,150,-0.11355855,-0.629981,-10.203578,150
95,151,-0.11367053,-0.62998086,-10.203574,151
95,152,-0.114836015,-0.6299808,-10.203575,152
95,153,-0.115815505,-0.62998074,-10.203573,153
95,154,-0.116720475,-0.62998056,-10.20357,154
95,155,-0.11794342,-0.62998044,-10.203569,155
95,156,-0.11877289,-0.6299804,-10.203567,156
95,157,-0.119323276,-0.62998044,-10.203566,157
95,158,-0.11958312,-0.6299804,-10.203565,158
95,159,-0.121014796,-0.62998056,-10.203566,159
95,160,-0.12083517,-0.6299807,-10.203566,160
95,161,-0.12059219,-0.6299807,-10.203567,161
95,162,-0.12056757,-0.62998086,-10.203568,162
95,163,-0.11997542,-0.62998086,-10.203568,163
95,164,-0.119578585,-0.629981,-10.203568,164
95,165,-0.11898223,-0.629981,-10.203569,165
95,166,-0.11850436,-0.629981,-10.203569,166
95,167,-0.11747788,-0.629981,-10.203569,167
95,168,-0.116643585,-0.62998086,-10.203568,168
95,169,-0.11591195,-0.629981,-10.20357,169
95,170,-0.11533829,-0.629981,-10.203571,170
95,171,-0.1147939,-0.629981,-10.203571,171
95,172,-0.11387538,-0.629981,-10.203573,172
95,173,-0.11247023,-0.62998104,-10.203575,173
95,174,-0.11180127,-0.6299811,-10.203578,174
95,175,-0.1123793,-0.6299812,-10.20358,175
95,176,-0.113526374,-0.6299813,-10.20358,176
95,177,-0.11447567,-0.62998134,-10.203581,177
95,178,-0.11609359,-0.6299813,-10.20358,178
95,179,-0.11774736,-0.6299813,-10.203579,179
95,180,-0.119121894,-0.62998116,-10.203576,180
95,181,-0.12037945,-0.6299812,-10.203574,181
95,182,-0.1213548,-0.62998104,-10.203571,182
95,183,-0.12203028,-0.629981,-10.203568,183
95,184,-0.12225744,-0.6299807,-10.203567,184
95,185,-0.122102104,-0.6299807,-10.203563,185
95,186,-0.12190143,-0.6299806,-10.203563,186
95,187,-0.120814875,-0.62998056,-10.203561,187
95,188,-0.11827636,-0.62998044,-10.20356,188
95,189,-0.11670811,-0.6299803,-10.203561,189
95,190,-0.11561858,-0.62998027,-10.20356,190
95,191,-0.11359452,-0.62998015,-10.20356,191
95,192,-0.1127138,-0.6299801,-10.203561,192
95,193,-0.11306752,-0.6299801,-10.203562,193
95,194,-0.11490999,-0.62998015,-10.203563,194
95,195,-0.11657948,-0.62998015,-10.203563,195
95,196,-0.11786445,-0.62998015,-10.203563,196
95,197,-0.11863301,-0.62998027,-10.203563,197
95,198,-0.11902193,-0.62998027,-10.203561,198
95,199,-0.12070075,-0.6299805,-10.203563,199
96,0,-0.007197872,-0.16248436,-3.157179,0
96,1,-0.032150906,-0.3480762,-6.2526226,1
96,2,-0.054391097,-0.50046027,-8.468686,2
96,3,-0.07054018,-0.5835241,-9.570027,3
96,4,-0.08601574,-0.61561406,-9.993367,4
96,5,-0.09689115,-0.62584144,-10.136471,5
96,6,-0.0963839,-0.6287954,-10.182248,6
96,7,-0.10586645,-0.62959856,-10.196134,7
96,8,-0.11022565,-0.629838,-10.200661,8
96,9,-0.11286465,-0.6299186,-10.202279,9
96,10,-0.11538482,-0.62995005,-10.202931,10
96,11,-0.11832344,-0.62996423,-10.203231,11
96,12,-0.12154628,-0.62997144,-10.2033825,12
96,13,-0.12498093,-0.6299753,-10.203466,13
96,14,-0.12824953,-0.6299777,-10.203515,14
96,15,-0.1313116,-0.6299792,-10.203546,15
96,16,-0.13410124,-0.6299802,-10.203565,16
96,17,-0.13541465,-0.62998086,-10.203576,17
96,18,-0.13697946,-0.6299814,-10.203585,18
96,19,-0.14052552,-0.6299817,-10.20359,19
96,20,-0.14294714,-0.629982,-10.203595,20
96,21,-0.14371929,-0.6299822,-10.2036,21
96,22,-0.14396383,-0.62998235,-10.203604,22
96,23,-0.14416254,-0.6299824,-10.203608,23
96,24,-0.14295855,-0.6299826,-10.2036085,24
96,25,-0.14414278,-0.62998265,-10.203611,25
96,26,-0.14450261,-0.6299827,-10.203614,26
96,27,-0.14525071,-0.6299827,-10.203614,27
96,28,-0.14720355,-0.6299828,-10.203614,28
96,29,-0.14758036,-0.6299827,-10.203616,29
96,30,-0.14800714,-0.6299828,-10.203616,30
96,31,-0.1474111,-0.6299828,-10.203617,31
96,32,-0.14622997,-0.6299828,-10.203618,32
96,33,-0.14533296,-0.6299828,-10.203617,33
96,34,-0.1442224,-0.6299828,-10.203618,34
96,35,-0.14359412,-0.6299829,-10.203618,35
96,36,-0.13826704,-0.62998295,-10.203622,36
96,37,-0.13940492,-0.62998295,-10.203624,37
96,38,-0.13936447,-0.629983,-10.203627,38
96,39,-0.13959327,-0.62998307,-10.20363,39
96,40,-0.14165509,-0.629983,-10.203631,40
96,41,-0.14363708,-0.629983,-10.203632,41
96,42,-0.14316116,-0.62998295,-10.203632,42
96,43,-0.14211327,-0.6299829,-10.203632,43
96,44,-0.14128344,-0.6299829,-10.203631,44
96,45,-0.14087766,-0.6299829,-10.203631,45
96,46,-0.13642,-0.6299829,-10.203629,46
96,47,-0.13517003,-0.629983,-10.203629,47
96,48,-0.13457741,-0.62998307,-10.203628,48
96,49,-0.1334839,-0.62998307,-10.203626,49
96,50,-0.13334538,-0.6299831,-10.203626,50
96,51,-0.13352525,-0.6299832,-10.203624,51
96,52,-0.1316218,-0.6299833,-10.203629,52
96,53,-0.13074401,-0.6299835,-10.203632,53
96,54,-0.13263755,-0.62998354,-10.203636,54
96,55,-0.13290343,-0.62998354,-10.203641,55
96,56,-0.1327907,-0.6299836,-10.203644,56
96,57,-0.13147911,-0.62998354,-10.203645,57
96,58,-0.13000928,-0.62998354,-10.203645,58
96,59,-0.1295708,-0.62998354,-10.203645,59
96,60,-0.12857717,-0.6299836,-10.203642,60
96,61,-0.12846036,-0.6299836,-10.203644,61
96,62,-0.12831743,-0.6299837,-10.203644,62
96,63,-0.13139533,-0.6299836,-10.203641,63
96,64,-0.1331443,-0.6299836,-10.203637,64
96,65,-0.13180183,-0.6299836,-10.203639,65
96,66,-0.13745217,-0.6299836,-10.203635,66
96,67,-0.14050484,-0.62998354,-10.203633,67
96,68,-0.14242399,-0.6299835,-10.20363,68
96,69,-0.14433603,-0.6299834,-10.203628,69
96,70,-0.14548461,-0.6299834,-10.203628,70
96,71,-0.14599249,-0.6299834,-10.203628,71
96,72,-0.14636523,-0.62998337,-10.203626,72
96,73,-0.14755309,-0.6299833,-10.203624,73
96,74,-0.14798898,-0.6299833,-10.203624,74
96,75,-0.14901602,-0.6299832,-10.203623,75
96,76,-0.15228802,-0.6299831,-10.203622,76
96,77,-0.15285544,-0.6299831,-10.203621,77
96,78,-0.152241,-0.629983,-10.203617,78
96,79,-0.15031496,-0.629983,-10.203616,79
96,80,-0.14725682,-0.6299831,-10.203614,80
96,81,-0.14532124,-0.62998307,-10.203614,81
96,82,-0.14423485,-0.6299831,-10.203614,82
96,83,-0.13899669,-0.6299833,-10.203618,83
96,84,-0.1366682,-0.6299833,-10.203621,84
96,85,-0.13467114,-0.62998354,-10.203623,85
96,86,-0.13348484,-0.62998354,-10.203628,86
96,87,-0.13124269,-0.62998366,-10.20363,87
96,88,-0.13251054,-0.6299837,-10.203632,88
96,89,-0.13366264,-0.6299837,-10.203633,89
96,90,-0.134214,-0.6299837,-10.203636,90
96,91,-0.13768943,-0.6299836,-10.203637,91
96,92,-0.13888414,-0.6299836,-10.203639,92
96,93,-0.14022712,-0.62998354,-10.203639,93
96,94,-0.14338033,-0.6299835,-10.20364,94
96,95,-0.14128295,-0.6299835,-10.203636,95
96,96,-0.14542483,-0.6299833,-10.203633,96
96,97,-0.147341,-0.6299832,-10.203631,97
96,98,-0.14910284,-0.629983,-10.203627,98
96,99,-0.1517736,-0.6299829,-10.203624,99
96,100,-0.15079194,-0.6299829,-10.203622,100
96,101,-0.14972761,-0.62998277,-10.203619,101
96,102,-0.14896595,-0.6299828,-10.203618,102
96,103,-0.14207838,-0.6299828,-10.203619,103
96,104,-0.1391626,-0.6299828,-10.203619,104
96,105,-0.13678704,-0.62998295,-10.203618,105
96,106,-0.13264532,-0.629983,-10.203622,106
96,107,-0.13550515,-0.62998295,-10.203622,107
96,108,-0.13786784,-0.629983,-10.203622,108
96,109,-0.14016244,-0.62998295,-10.203621,109
96,110,-0.14704937,-0.6299829,-10.203621,110
96,111,-0.14431635,-0.6299828,-10.203621,111
96,112,-0.14087422,-0.6299829,-10.203621,112
96,113,-0.13399805,-0.62998295,-10.203622,113
96,114,-0.1359009,-0.629983,-10.203622,114
96,115,-0.13957864,-0.62998295,-10.203623,115
96,116,-0.14572911,-0.6299829,-10.203621,116
96,117,-0.14366086,-0.6299829,-10.203619,117
96,118,-0.13891725,-0.6299829,-10.203622,118
96,119,-0.13241681,-0.629983,-10.203626,119
96,120,-0.13373125,-0.62998307,-10.203624,120
96,121,-0.1353912,-0.6299831,-10.203626,121
96,122,-0.13719673,-0.6299831,-10.203626,122
96,123,-0.13853358,-0.629983,-10.203628,123
96,124,-0.13931699,-0.62998307,-10.203626,124
96,125,-0.14268433,-0.629983,-10.203624,125
96,126,-0.14438947,-0.6299828,-10.203621,126
96,127,-0.14601669,-0.6299829,-10.203618,127
96,128,-0.14887366,-0.6299828,-10.203613,128
96,129,-0.15001419,-0.6299827,-10.203611,129
96,130,-0.14865601,-0.6299827,-10.2036085,130
96,131,-0.14715987,-0.6299827,-10.203608,131
96,132,-0.14595671,-0.6299827,-10.203607,132
96,133,-0.14542642,-0.62998277,-10.203605,133
96,134,-0.14180957,-0.6299829,-10.203607,134
96,135,-0.13880348,-0.62998295,-10.203608,135
96,136,-0.13747412,-0.62998307,-10.203608,136
96,137,-0.13620993,-0.629983,-10.203609,137
96,138,-0.13365723,-0.62998325,-10.203611,138
96,139,-0.13491555,-0.6299832,-10.203612,139
96,140,-0.13605951,-0.6299833,-10.203613,140
96,141,-0.13685632,-0.6299833,-10.203616,141
96,142,-0.14523096,-0.6299832,-10.203614,142
96,143,-0.1484259,-0.6299832,-10.203613,143
96,144,-0.15067199,-0.6299831,-10.203612,144
96,145,-0.15235557,-0.6299831,-10.203612,145
96,146,-0.1531377,-0.629983,-10.203609,146
96,147,-0.15384452,-0.62998295,-10.2036085,147
96,148,-0.15281454,-0.6299829,-10.2036085,148
96,149,-0.14995375,-0.6299829,-10.203611,149
96,150,-0.14600177,-0.62998295,-10.203613,150
96,151,-0.14256229,-0.629983,-10.203616,151
96,152,-0.13995771,-0.62998307,-10.203616,152
96,153,-0.13829799,-0.629983,-10.203618,153
96,154,-0.13710707,-0.62998307,-10.203619,154
96,155,-0.13656254,-0.6299831,-10.203619,155
96,156,-0.13411966,-0.6299831,-10.203619,156
96,157,-0.13383889,-0.6299831,-10.203618,157
96,158,-0.13387257,-0.6299831,-10.203616,158
96,159,-0.13398978,-0.6299832,-10.203614,159
96,160,-0.13282284,-0.62998325,-10.203614,160
96,161,-0.13521858,-0.6299833,-10.203613,161
96,162,-0.13774902,-0.6299832,-10.203611,162
96,163,-0.13625632,-0.6299833,-10.203611,163
96,164,-0.13669845,-0.62998325,-10.2036085,164
96,165,-0.14729996,-0.6299831,-10.203608,165
96,166,-0.15240632,-0.62998307,-10.203607,166
96,167,-0.15658711,-0.62998295,-10.203604,167
96,168,-0.15585792,-0.6299828,-10.203604,168
96,169,-0.1545562,-0.6299828,-10.203602,169
96,170,-0.15348636,-0.6299827,-10.2036,170
96,171,-0.14877759,-0.6299827,-10.203599,171
96,172,-0.14667048,-0.6299826,-10.203598,172
96,173,-0.14459799,-0.6299826,-10.203598,173
96,174,-0.13983329,-0.6299827,-10.203599,174
96,175,-0.13975373,-0.62998277,-10.203598,175
96,176,-0.13979709,-0.6299828,-10.203599,176
96,177,-0.1398631,-0.6299829,-10.2036,177
96,178,-0.14188205,-0.6299829,-10.203604,178
96,179,-0.14238544,-0.6299829,-10.203605,179
96,180,-0.14274609,-0.6299829,-10.203608,180
96,181,-0.14332792,-0.62998295,-10.2036085,181
96,182,-0.14426081,-0.629983,-10.203611,182
96,183,-0.14977972,-0.62998277,-10.203609,183
96,184,-0.15109228,-0.6299827,-10.203609,184
96,185,-0.15109286,-0.6299827,-10.203608,185
96,186,-0.1506586,-0.6299826,-10.203608,186
96,187,-0.15017854,-0.62998253,-10.203607,187
96,188,-0.15020336,-0.62998253,-10.203605,188
96,189,-0.14994754,-0.6299825,-10.203605,189
96,190,-0.14998455,-0.62998235,-10.203602,190
96,191,-0.15050785,-0.6299823,-10.203597,191
96,192,-0.15091357,-0.6299823,-10.203594,192
96,193,-0.15078796,-0.62998223,-10.203592,193
96,194,-0.1510915,-0.6299822,-10.20359,194
96,195,-0.15149464,-0.6299822,-10.203589,195
96,196,-0.14923155,-0.6299821,-10.203586,196
96,197,-0.14841655,-0.6299821,-10.203586,197
96,198,-0.14792709,-0.6299821,-10.203586,198
96,199,-0.14696969,-0.62998205,-10.203586,199
97,0,0.008230566,-0.14123358,-2.5548959,0
97,1,-0.0069243168,-0.31370765,-5.291163,1
97,2,-0.029229954,-0.4729575,-7.753419,2
97,3,-0.054912537,-0.5703845,-9.258201,3
97,4,-0.08547256,-0.6116046,-9.893882,4
97,5,-0.11031806,-0.6248631,-10.109768,5
97,6,-0.11867931,-0.62854713,-10.175089,6
97,7,-0.13120472,-0.629531,-10.19355,7
97,8,-0.13756117,-0.62981445,-10.199468,8
97,9,-0.14228532,-0.6299083,-10.201631,9
97,10,-0.14664072,-0.6299451,-10.20254,10
97,11,-0.15059504,-0.6299619,-10.202977,11
97,12,-0.15380764,-0.62997055,-10.203212,12
97,13,-0.15704176,-0.6299754,-10.203348,13
97,14,-0.15965189,-0.62997854,-10.203434,14
97,15,-0.1621077,-0.62998056,-10.203489,15
97,16,-0.16435115,-0.6299819,-10.2035265,16
97,17,-0.16527422,-0.6299828,-10.203555,17
97,18,-0.16645941,-0.6299835,-10.203575,18
97,19,-0.16883934,-0.6299841,-10.2035885,19
97,20,-0.17013945,-0.62998444,-10.203598,20
97,21,-0.16998018,-0.62998474,-10.203605,21
97,22,-0.16943483,-0.6299849,-10.203614,22
97,23,-0.16903718,-0.62998515,-10.203618,23
97,24,-0.16699892,-0.6299854,-10.203624,24
97,25,-0.16750787,-0.62998545,-10.203627,25
97,26,-0.16756141,-0.62998563,-10.203628,26
97,27,-0.16815507,-0.62998575,-10.20363,27
97,28,-0.1700378,-0.62998563,-10.203631,28
97,29,-0.17060363,-0.62998575,-10.203632,29
97,30,-0.17121704,-0.62998575,-10.203631,30
97,31,-0.1707907,-0.62998575,-10.203632,31
97,32,-0.16978894,-0.62998587,-10.203635,32
97,33,-0.1689505,-0.62998587,-10.203636,33
97,34,-0.16781548,-0.62998587,-10.203637,34
97,35,-0.16706976,-0.6299859,-10.203639,35
97,36,-0.16166505,-0.629986,-10.203642,36
97,37,-0.16133639,-0.62998605,-10.203642,37
97,38,-0.16051742,-0.62998617,-10.203645,38
97,39,-0.16030546,-0.62998617,-10.203645,39
97,40,-0.16158813,-0.62998617,-10.203645,40
97,41,-0.16392387,-0.629986,-10.203644,41
97,42,-0.16442065,-0.62998605,-10.203642,42
97,43,-0.16431925,-0.62998605,-10.203642,43
97,44,-0.16412175,-0.629986,-10.203644,44
97,45,-0.16402331,-0.6299861,-10.203644,45
97,46,-0.16103752,-0.6299861,-10.203647,46
97,47,-0.15995762,-0.6299861,-10.2036495,47
97,48,-0.1590328,-0.62998617,-10.20365,48
97,49,-0.1576811,-0.62998617,-10.203653,49
97,50,-0.15685971,-0.6299863,-10.203654,50
97,51,-0.15611121,-0.6299862,-10.203656,51
97,52,-0.15160517,-0.62998646,-10.203658,52
97,53,-0.14871301,-0.62998646,-10.20366,53
97,54,-0.1490884,-0.62998664,-10.203661,54
97,55,-0.14888027,-0.6299866,-10.20366,55
97,56,-0.1489457,-0.6299866,-10.203661,56
97,57,-0.14857575,-0.6299866,-10.203663,57
97,58,-0.14818028,-0.6299866,-10.203663,58
97,59,-0.14816192,-0.62998664,-10.203664,59
97,60,-0.1475343,-0.6299867,-10.203665,60
97,61,-0.14747775,-0.62998664,-10.203668,61
97,62,-0.14721337,-0.62998664,-10.203669,62
97,63,-0.1506291,-0.62998664,-10.203669,63
97,64,-0.15254097,-0.6299867,-10.203668,64
97,65,-0.15122627,-0.62998676,-10.203669,65
97,66,-0.15704964,-0.62998664,-10.203668,66
97,67,-0.16058452,-0.62998664,-10.203665,67
97,68,-0.16303611,-0.6299865,-10.203664,68
97,69,-0.16504867,-0.6299866,-10.203661,69
97,70,-0.16633382,-0.62998646,-10.20366,70
97,71,-0.16708688,-0.62998646,-10.203659,71
97,72,-0.1676095,-0.62998646,-10.203658,72
97,73,-0.16896829,-0.62998646,-10.203656,73
97,74,-0.16969363,-0.62998635,-10.203655,74
97,75,-0.1709831,-0.62998635,-10.203651,75
97,76,-0.17442465,-0.6299862,-10.20365,76
97,77,-0.17549726,-0.6299862,-10.203647,77
97,78,-0.1759138,-0.62998617,-10.203646,78
97,79,-0.17499013,-0.62998617,-10.203646,79
97,80,-0.17187805,-0.62998605,-10.203647,80
97,81,-0.16947684,-0.6299861,-10.203649,81
97,82,-0.1678602,-0.6299863,-10.203649,82
97,83,-0.16124779,-0.6299863,-10.203651,83
97,84,-0.15768816,-0.62998635,-10.203655,84
97,85,-0.15461633,-0.62998646,-10.203656,85
97,86,-0.1525863,-0.6299866,-10.203659,86
97,87,-0.1495462,-0.6299866,-10.203661,87
97,88,-0.15003356,-0.6299866,-10.203661,88
97,89,-0.15081829,-0.6299866,-10.203661,89
97,90,-0.15139261,-0.6299865,-10.203663,90
97,91,-0.15475327,-0.6299866,-10.203659,91
97,92,-0.15640476,-0.6299866,-10.20366,92
97,93,-0.15829414,-0.6299866,-10.203658,93
97,94,-0.161738,-0.6299864,-10.203655,94
97,95,-0.16336103,-0.62998635,-10.203656,95
97,96,-0.168864,-0.6299863,-10.203653,96
97,97,-0.1718557,-0.6299862,-10.203651,97
97,98,-0.17439006,-0.6299861,-10.203649,98
97,99,-0.17751557,-0.62998605,-10.203645,99
97,100,-0.17710899,-0.62998605,-10.203644,100
97,101,-0.17641272,-0.6299859,-10.203644,101
97,102,-0.1758678,-0.6299859,-10.203644,102
97,103,-0.16899212,-0.62998605,-10.203647,103
97,104,-0.16555612,-0.62998605,-10.2036495,104
97,105,-0.16257176,-0.6299861,-10.20365,105
97,106,-0.1577208,-0.62998617,-10.203655,106
97,107,-0.15947425,-0.62998617,-10.203653,107
97,108,-0.16135722,-0.62998617,-10.203653,108
97,109,-0.16359848,-0.6299862,-10.203651,109
97,110,-0.170421,-0.62998617,-10.203649,110
97,111,-0.16867153,-0.62998617,-10.203649,111
97,112,-0.16589269,-0.62998617,-10.2036495,112
97,113,-0.1593936,-0.6299863,-10.203653,113
97,114,-0.16071123,-0.62998617,-10.203653,114
97,115,-0.16397582,-0.62998605,-10.203651,115
97,116,-0.16993447,-0.629986,-10.203649,116
97,117,-0.16863534,-0.629986,-10.203649,117
97,118,-0.16448401,-0.6299861,-10.2036495,118
97,119,-0.1580953,-0.6299861,-10.203655,119
97,120,-0.15864314,-0.6299861,-10.203654,120
97,121,-0.1591201,-0.62998617,-10.203654,121
97,122,-0.16089559,-0.6299862,-10.203654,122
97,123,-0.16251302,-0.62998605,-10.203653,123
97,124,-0.16358416,-0.62998605,-10.203651,124
97,125,-0.16820166,-0.62998605,-10.20365,125
97,126,-0.1707826,-0.629986,-10.203649,126
97,127,-0.17316058,-0.6299859,-10.203647,127
97,128,-0.17718728,-0.62998587,-10.203645,128
97,129,-0.17922378,-0.62998575,-10.203642,129
97,130,-0.17847344,-0.62998575,-10.203644,130
97,131,-0.17696208,-0.62998587,-10.203644,131
97,132,-0.17537877,-0.62998587,-10.203644,132
97,133,-0.1743209,-0.62998575,-10.203645,133
97,134,-0.16989344,-0.6299859,-10.203646,134
97,135,-0.16587564,-0.62998605,-10.2036495,135
97,136,-0.1634904,-0.6299861,-10.20365,136
97,137,-0.16124438,-0.62998617,-10.203653,137
97,138,-0.15769427,-0.62998635,-10.203655,138
97,139,-0.1580057,-0.6299863,-10.203656,139
97,140,-0.1585473,-0.6299863,-10.203655,140
97,141,-0.15903123,-0.62998635,-10.203656,141
97,142,-0.16716045,-0.62998617,-10.203653,142
97,143,-0.17096035,-0.62998617,-10.20365,143
97,144,-0.17403775,-0.62998617,-10.203646,144
97,145,-0.17657253,-0.62998617,-10.203646,145
97,146,-0.17817697,-0.62998605,-10.203644,146
97,147,-0.17935726,-0.62998605,-10.203641,147
97,148,-0.17854102,-0.62998605,-10.203641,148
97,149,-0.17566451,-0.6299859,-10.203641,149
97,150,-0.17134666,-0.6299859,-10.203644,150
97,151,-0.16735967,-0.62998605,-10.203645,151
97,152,-0.16438407,-0.629986,-10.203646,152
97,153,-0.1625089,-0.62998605,-10.203649,153
97,154,-0.16128811,-0.62998617,-10.2036495,154
97,155,-0.16061448,-0.6299862,-10.20365,155
97,156,-0.15967226,-0.6299861,-10.203653,156
97,157,-0.15965602,-0.62998617,-10.203654,157
97,158,-0.15970549,-0.6299862,-10.203655,158
97,159,-0.1598618,-0.6299862,-10.203655,159
97,160,-0.15843162,-0.6299863,-10.203659,160
97,161,-0.16047116,-0.6299863,-10.203659,161
97,162,-0.16331954,-0.6299862,-10.203658,162
97,163,-0.16204613,-0.62998635,-10.203659,163
97,164,-0.16227305,-0.62998635,-10.20366,164
97,165,-0.17255068,-0.62998617,-10.203653,165
97,166,-0.17747895,-0.6299861,-10.20365,166
97,167,-0.18251431,-0.62998605,-10.203646,167
97,168,-0.18328826,-0.6299859,-10.203645,168
97,169,-0.18321174,-0.6299859,-10.203642,169
97,170,-0.1829957,-0.629986,-10.203641,170
97,171,-0.17939882,-0.6299859,-10.203642,171
97,172,-0.17756692,-0.6299859,-10.203645,172
97,173,-0.17553629,-0.6299859,-10.203646,173
97,174,-0.1708653,-0.62998605,-10.203649,174
97,175,-0.16915303,-0.62998605,-10.2036495,175
97,176,-0.16796184,-0.62998605,-10.203651,176
97,177,-0.16726878,-0.62998617,-10.20365,177
97,178,-0.16747072,-0.6299861,-10.20365,178
97,179,-0.16732082,-0.62998617,-10.2036495,179
97,180,-0.16731703,-0.6299862,-10.20365,180
97,181,-0.16740318,-0.6299861,-10.20365,181
97,182,-0.16827208,-0.62998617,-10.2036495,182
97,183,-0.17445917,-0.629986,-10.203646,183
97,184,-0.17647512,-0.629986,-10.203642,184
97,185,-0.17709881,-0.6299859,-10.203642,185
97,186,-0.17735076,-0.6299858,-10.203641,186
97,187,-0.17739613,-0.62998575,-10.20364,187
97,188,-0.17805459,-0.62998575,-10.20364,188
97,189,-0.1780301,-0.62998563,-10.203639,189
97,190,-0.18044111,-0.6299856,-10.203636,190
97,191,-0.18301196,-0.62998563,-10.203636,191
97,192,-0.18457347,-0.6299856,-10.203633,192
97,193,-0.18482722,-0.6299854,-10.203632,193
97,194,-0.18509105,-0.6299856,-10.203632,194
97,195,-0.18551394,-0.62998545,-10.20363,195
97,196,-0.18388747,-0.62998545,-10.203632,196
97,197,-0.18307692,-0.62998533,-10.203631,197
97,198,-0.18237162,-0.6299854,-10.203632,198
97,199,-0.18111593,-0.6299856,-10.203633,199
98,0,0.0063551404,-0.09932849,-2.270827,0
98,1,-0.006669374,-0.22059272,-4.5718074,1
98,2,-0.022155905,-0.3630195,-6.8339605,2
98,3,-0.036171924,-0.4902718,-8.565718,3
98,4,-0.048939407,-0.5713736,-9.539533,4
98,5,-0.058907308,-0.6093161,-9.967394,5
98,6,-0.06520413,-0.6233358,-10.125093,6
98,7,-0.07450437,-0.62781847,-10.176847,7
98,8,-0.08360188,-0.6292056,-10.193621,8
98,9,-0.09046592,-0.6296604,-10.199359,9
98,10,-0.09769101,-0.62982684,-10.201524,10
98,11,-0.096009955,-0.62989616,-10.202464,11
98,12,-0.09202552,-0.6299288,-10.202917,12
98,13,-0.08517311,-0.629946,-10.203161,13
98,14,-0.08510722,-0.6299557,-10.203303,14
98,15,-0.08735214,-0.6299616,-10.203387,15
98,16,-0.09231354,-0.62996525,-10.20344,16
98,17,-0.09094588,-0.6299678,-10.203478,17
98,18,-0.087206386,-0.62996954,-10.203505,18
98,19,-0.082040936,-0.6299709,-10.203527,19
98,20,-0.08308558,-0.62997186,-10.203543,20
98,21,-0.08447544,-0.6299726,-10.203555,21
98,22,-0.08626223,-0.62997305,-10.203563,22
98,23,-0.08783646,-0.6299735,-10.203569,23
98,24,-0.088988245,-0.6299738,-10.203574,24
98,25,-0.09274022,-0.62997395,-10.203579,25
98,26,-0.095159784,-0.6299742,-10.20358,26
98,27,-0.0973858,-0.62997425,-10.203579,27
98,28,-0.100877784,-0.62997425,-10.203579,28
98,29,-0.10281482,-0.62997437,-10.203578,29
98,30,-0.10222917,-0.6299744,-10.203576,30
98,31,-0.101148404,-0.6299743,-10.203576,31
98,32,-0.1001233,-0.6299743,-10.203574,32
98,33,-0.099596396,-0.62997437,-10.203574,33
98,34,-0.0962835,-0.62997437,-10.203574,34
98,35,-0.093316495,-0.6299745,-10.203576,35
98,36,-0.09181127,-0.62997454,-10.203579,36
98,37,-0.09043414,-0.6299746,-10.20358,37
98,38,-0.08800523,-0.6299747,-10.203583,38
98,39,-0.08863492,-0.62997484,-10.203585,39
98,40,-0.089306094,-0.62997496,-10.2035885,40
98,41,-0.08974942,-0.62997496,-10.203589,41
98,42,-0.09646046,-0.629975,-10.203589,42
98,43,-0.09925374,-0.6299751,-10.2035885,43
98,44,-0.1012973,-0.62997496,-10.203586,44
98,45,-0.10299519,-0.6299749,-10.203586,45
98,46,-0.10401354,-0.62997484,-10.203584,46
98,47,-0.10490515,-0.6299747,-10.203583,47
98,48,-0.10412558,-0.62997466,-10.203579,48
98,49,-0.10151128,-0.62997466,-10.203578,49
98,50,-0.09775922,-0.62997466,-10.203579,50
98,51,-0.09441209,-0.6299746,-10.20358,51
98,52,-0.091921896,-0.6299746,-10.20358,52
98,53,-0.09037265,-0.6299746,-10.203583,53
98,54,-0.08933895,-0.6299748,-10.203586,54
98,55,-0.08883203,-0.6299748,-10.203586,55
98,56,-0.08748121,-0.6299749,-10.2035885,56
98,57,-0.087601796,-0.62997496,-10.20359,57
98,58,-0.08793345,-0.6299751,-10.20359,58
98,59,-0.08833983,-0.6299751,-10.203592,59
98,60,-0.08762786,-0.6299752,-10.203593,60
98,61,-0.0897236,-0.6299751,-10.203592,61
98,62,-0.09223559,-0.6299752,-10.203593,62
98,63,-0.091486536,-0.62997514,-10.203595,63
98,64,-0.09212744,-0.62997526,-10.203595,64
98,65,-0.10106618,-0.6299751,-10.203592,65
98,66,-0.105300635,-0.62997496,-10.203589,66
98,67,-0.108928375,-0.62997484,-10.203585,67
98,68,-0.10867107,-0.6299748,-10.203581,68
98,69,-0.1079227,-0.6299746,-10.203581,69
98,70,-0.107367836,-0.6299745,-10.203578,70
98,71,-0.10376347,-0.6299744,-10.203576,71
98,72,-0.102199025,-0.6299743,-10.203576,72
98,73,-0.10065929,-0.6299743,-10.203576,73
98,74,-0.09694776,-0.62997437,-10.203579,74
98,75,-0.09642458,-0.6299743,-10.203579,75
98,76,-0.09595113,-0.62997437,-10.20358,76
98,77,-0.09556522,-0.6299744,-10.203583,77
98,78,-0.096209385,-0.6299744,-10.203584,78
98,79,-0.09581396,-0.6299745,-10.203585,79
98,80,-0.09543525,-0.6299745,-10.203585,80
98,81,-0.09524552,-0.6299745,-10.203586,81
98,82,-0.095574826,-0.6299745,-10.203588,82
98,83,-0.100507006,-0.62997437,-10.203586,83
98,84,-0.10199874,-0.62997437,-10.203584,84
98,85,-0.10227267,-0.6299742,-10.203581,85
98,86,-0.10225377,-0.62997407,-10.20358,86
98,87,-0.10223315,-0.6299741,-10.203579,87
98,88,-0.10277637,-0.62997395,-10.203575,88
98,89,-0.10298288,-0.6299739,-10.203574,89
98,90,-0.10423636,-0.6299739,-10.203573,90
98,91,-0.10613592,-0.62997377,-10.203568,91
98,92,-0.107581064,-0.6299736,-10.203566,92
98,93,-0.10802324,-0.6299735,-10.203562,93
98,94,-0.10850597,-0.6299734,-10.203561,94
98,95,-0.109072745,-0.62997335,-10.203557,95
98,96,-0.10720453,-0.6299733,-10.203555,96
98,97,-0.10648128,-0.6299733,-10.203555,97
98,98,-0.10595055,-0.6299733,-10.203553,98
98,99,-0.10486973,-0.6299731,-10.203552,99
98,100,-0.10423756,-0.62997323,-10.203553,100
98,101,-0.101937644,-0.6299733,-10.203553,101
98,102,-0.10112569,-0.62997335,-10.203555,102
98,103,-0.09639934,-0.6299735,-10.203557,103
98,104,-0.09425843,-0.6299736,-10.20356,104
98,105,-0.09251093,-0.6299737,-10.203562,105
98,106,-0.090756945,-0.6299738,-10.203567,106
98,107,-0.090022884,-0.62997407,-10.20357,107
98,108,-0.08987377,-0.6299742,-10.203574,108
98,109,-0.08911659,-0.62997437,-10.203578,109
98,110,-0.09134437,-0.62997437,-10.203581,110
98,111,-0.09364689,-0.6299745,-10.203583,111
98,112,-0.0949638,-0.62997454,-10.203585,112
98,113,-0.09574118,-0.6299746,-10.203588,113
98,114,-0.097496115,-0.6299746,-10.203588,114
98,115,-0.099275455,-0.6299745,-10.203586,115
98,116,-0.09971247,-0.62997454,-10.203586,116
98,117,-0.09975823,-0.62997454,-10.203586,117
98,118,-0.099941574,-0.6299745,-10.203586,118
98,119,-0.09988478,-0.6299745,-10.203584,119
98,120,-0.09976446,-0.6299744,-10.203585,120
98,121,-0.099958606,-0.62997437,-10.203583,121
98,122,-0.100104295,-0.62997437,-10.203583,122
98,123,-0.1017537,-0.62997425,-10.20358,123
98,124,-0.10299081,-0.6299742,-10.203579,124
98,125,-0.10428156,-0.6299741,-10.203575,125
98,126,-0.10642427,-0.6299741,-10.203573,126
98,127,-0.10901189,-0.6299739,-10.203569,127
98,128,-0.11030262,-0.62997377,-10.203566,128
98,129,-0.11042528,-0.6299737,-10.203563,129
98,130,-0.10992386,-0.6299736,-10.203558,130
98,131,-0.10911016,-0.6299735,-10.203558,131
98,132,-0.10790764,-0.6299735,-10.203555,132
98,133,-0.10695393,-0.62997335,-10.203553,133
98,134,-0.106323145,-0.62997335,-10.203552,134
98,135,-0.10289596,-0.62997335,-10.203552,135
98,136,-0.10050011,-0.6299733,-10.203555,136
98,137,-0.09852923,-0.6299734,-10.203556,137
98,138,-0.096433766,-0.6299734,-10.203558,138
98,139,-0.09467949,-0.6299735,-10.203562,139
98,140,-0.09362472,-0.62997353,-10.203563,140
98,141,-0.093062066,-0.62997365,-10.203568,141
98,142,-0.09192811,-0.6299739,-10.20357,142
98,143,-0.09222124,-0.62997407,-10.20357,143
98,144,-0.09276429,-0.62997407,-10.203573,144
98,145,-0.09322137,-0.62997407,-10.203575,145
98,146,-0.09142606,-0.6299743,-10.203576,146
98,147,-0.09133784,-0.62997437,-10.203579,147
98,148,-0.09165537,-0.6299743,-10.20358,148
98,149,-0.091943845,-0.6299743,-10.203584,149
98,150,-0.092130736,-0.6299745,-10.203585,150
98,151,-0.09508933,-0.6299745,-10.203585,151
98,152,-0.09723486,-0.6299745,-10.203586,152
98,153,-0.09918728,-0.62997454,-10.203585,153
98,154,-0.10149085,-0.62997454,-10.203585,154
98,155,-0.10327056,-0.6299745,-10.203583,155
98,156,-0.10435858,-0.62997437,-10.203583,156
98,157,-0.10499377,-0.6299743,-10.20358,157
98,158,-0.10533469,-0.6299743,-10.20358,158
98,159,-0.10511658,-0.6299741,-10.203578,159
98,160,-0.10404188,-0.6299741,-10.203578,160
98,161,-0.10295095,-0.62997407,-10.203578,161
98,162,-0.101878,-0.62997395,-10.203576,162
98,163,-0.10123126,-0.62997395,-10.203575,163
98,164,-0.10043361,-0.62997395,-10.203575,164
98,165,-0.09939611,-0.6299739,-10.203576,165
98,166,-0.09873459,-0.6299739,-10.203576,166
98,167,-0.097056024,-0.62997395,-10.203578,167
98,168,-0.095500484,-0.62997395,-10.203578,168
98,169,-0.09458653,-0.62997407,-10.203578,169
98,170,-0.093595654,-0.62997407,-10.20358,170
98,171,-0.09262239,-0.6299741,-10.203581,171
98,172,-0.09127095,-0.6299741,-10.203581,172
98,173,-0.08785921,-0.62997425,-10.203585,173
98,174,-0.087380715,-0.62997437,-10.203586,174
98,175,-0.09010713,-0.6299743,-10.203588,175
98,176,-0.09213912,-0.62997437,-10.203588,176
98,177,-0.093480155,-0.62997437,-10.2035885,177
98,178,-0.09780501,-0.6299743,-10.203585,178
98,179,-0.10025793,-0.6299743,-10.203585,179
98,180,-0.102682106,-0.6299742,-10.20358,180
98,181,-0.104965456,-0.62997407,-10.203576,181
98,182,-0.107318774,-0.62997395,-10.203574,182
98,183,-0.108440645,-0.62997377,-10.20357,183
98,184,-0.10824003,-0.62997365,-10.203567,184
98,185,-0.107722916,-0.62997365,-10.203563,185
98,186,-0.1074125,-0.6299736,-10.203561,186
98,187,-0.104325026,-0.6299734,-10.203561,187
98,188,-0.10028772,-0.6299735,-10.203562,188
98,189,-0.0985892,-0.62997365,-10.203562,189
98,190,-0.09743742,-0.62997365,-10.203563,190
98,191,-0.09453475,-0.6299737,-10.203567,191
98,192,-0.094208084,-0.62997395,-10.20357,192
98,193,-0.095485725,-0.62997395,-10.203573,193
98,194,-0.10010861,-0.62997407,-10.203574,194
98,195,-0.10237195,-0.62997407,-10.203574,195
98,196,-0.103797704,-0.62997407,-10.203573,196
98,197,-0.104568884,-0.62997407,-10.203574,197
98,198,-0.10494484,-0.62997395,-10.203575,198
98,199,-0.10525247,-0.62997395,-10.203574,199
99,0,0.01248174,-0.124805726,-2.393489,0
99,1,0.003259065,-0.28275007,-4.922756,1
99,2,-0.013359127,-0.44236794,-7.31506,2
99,3,-0.032003373,-0.55171955,-8.960966,3
99,4,-0.053158604,-0.60355884,-9.764,4
99,5,-0.07322136,-0.62216103,-10.066887,5
99,6,-0.08762397,-0.62776107,-10.163154,6
99,7,-0.10253464,-0.6293104,-10.190982,7
99,8,-0.112274334,-0.6297498,-10.199151,8
99,9,-0.118637286,-0.6298873,-10.201781,9
99,10,-0.12787384,-0.6299368,-10.202746,10
99,11,-0.12764025,-0.62995803,-10.203165,11
99,12,-0.12703021,-0.6299683,-10.203368,12
99,13,-0.12339889,-0.6299739,-10.203482,13
99,14,-0.12801935,-0.62997705,-10.203547,14
99,15,-0.13366814,-0.6299789,-10.203586,15
99,16,-0.14117797,-0.6299802,-10.203611,16
99,17,-0.14041424,-0.62998104,-10.203628,17
99,18,-0.13710192,-0.6299817,-10.203642,18
99,19,-0.13218407,-0.6299822,-10.203653,19
99,20,-0.13472807,-0.6299826,-10.203663,20
99,21,-0.13686854,-0.6299828,-10.203669,21
99,22,-0.13924535,-0.62998295,-10.203673,22
99,23,-0.14102714,-0.629983,-10.203674,23
99,24,-0.14227243,-0.62998307,-10.203678,24
99,25,-0.14661753,-0.629983,-10.203677,25
99,26,-0.1490383,-0.62998295,-10.203677,26
99,27,-0.15147793,-0.629983,-10.203674,27
99,28,-0.1553908,-0.6299827,-10.2036705,28
99,29,-0.15744834,-0.6299826,-10.203668,29
99,30,-0.15689793,-0.6299826,-10.203665,30
99,31,-0.15602322,-0.6299825,-10.203663,31
99,32,-0.1552791,-0.6299825,-10.203663,32
99,33,-0.15505347,-0.6299824,-10.20366,33
99,34,-0.15151957,-0.6299824,-10.203661,34
99,35,-0.1484649,-0.6299824,-10.203663,35
99,36,-0.14702901,-0.6299826,-10.203665,36
99,37,-0.1455669,-0.6299825,-10.203666,37
99,38,-0.14273755,-0.62998277,-10.203668,38
99,39,-0.14372061,-0.6299827,-10.203665,39
99,40,-0.14454955,-0.6299827,-10.203668,40
99,41,-0.14503884,-0.6299828,-10.203668,41
99,42,-0.15315974,-0.62998265,-10.203666,42
99,43,-0.15614785,-0.6299826,-10.203664,43
99,44,-0.15841073,-0.6299825,-10.203664,44
99,45,-0.16039221,-0.6299823,-10.20366,45
99,46,-0.16165009,-0.6299823,-10.203659,46
99,47,-0.16285339,-0.62998223,-10.203656,47
99,48,-0.16226609,-0.6299822,-10.203656,48
99,49,-0.15972711,-0.6299822,-10.203659,49
99,50,-0.15592548,-0.62998235,-10.203661,50
99,51,-0.15252708,-0.6299825,-10.203664,51
99,52,-0.1499458,-0.62998253,-10.203668,52
99,53,-0.14825645,-0.6299827,-10.20367,53
99,54,-0.14699543,-0.6299828,-10.203672,54
99,55,-0.14626543,-0.6299829,-10.203674,55
99,56,-0.14419511,-0.6299829,-10.203674,56
99,57,-0.14387925,-0.6299829,-10.203674,57
99,58,-0.14384343,-0.6299829,-10.203672,58
99,59,-0.14381982,-0.6299829,-10.203673,59
99,60,-0.14240594,-0.62998277,-10.2036705,60
99,61,-0.14460042,-0.6299827,-10.20367,61
99,62,-0.14703867,-0.6299827,-10.203668,62
99,63,-0.14534262,-0.6299827,-10.203666,63
99,64,-0.14566137,-0.62998253,-10.203663,64
99,65,-0.1562115,-0.62998223,-10.20366,65
99,66,-0.16090733,-0.6299822,-10.203659,66
99,67,-0.165109,-0.629982,-10.203654,67
99,68,-0.16482627,-0.6299819,-10.203653,68
99,69,-0.16418348,-0.6299819,-10.203649,69
99,70,-0.16381861,-0.6299817,-10.203649,70
99,71,-0.15980057,-0.62998176,-10.2036495,71
99,72,-0.15811834,-0.62998176,-10.2036495,72
99,73,-0.15630747,-0.6299818,-10.203649,73
99,74,-0.15162376,-0.6299819,-10.20365,74
99,75,-0.15110965,-0.62998194,-10.203651,75
99,76,-0.15071408,-0.6299819,-10.203653,76
99,77,-0.15030429,-0.629982,-10.203656,77
99,78,-0.15146369,-0.62998205,-10.203658,78
99,79,-0.15146029,-0.6299823,-10.20366,79
99,80,-0.15134916,-0.62998223,-10.203661,80
99,81,-0.1514665,-0.6299824,-10.203665,81
99,82,-0.1520904,-0.6299824,-10.203665,82
99,83,-0.15758345,-0.6299823,-10.203666,83
99,84,-0.15875204,-0.6299823,-10.203665,84
99,85,-0.15872653,-0.62998235,-10.203666,85
99,86,-0.15845828,-0.6299823,-10.203666,86
99,87,-0.15817073,-0.6299824,-10.203666,87
99,88,-0.15850008,-0.6299823,-10.203668,88
99,89,-0.15835036,-0.6299823,-10.203668,89
99,90,-0.15953511,-0.62998223,-10.203666,90
99,91,-0.16111493,-0.6299821,-10.203666,91
99,92,-0.16232853,-0.6299818,-10.203663,92
99,93,-0.16268067,-0.6299818,-10.203658,93
99,94,-0.16326302,-0.62998176,-10.203659,94
99,95,-0.16394396,-0.62998176,-10.203655,95
99,96,-0.16203193,-0.62998164,-10.203654,96
99,97,-0.16138487,-0.6299817,-10.203653,97
99,98,-0.16099599,-0.6299816,-10.203651,98
99,99,-0.16000324,-0.6299816,-10.203653,99
99,100,-0.15949331,-0.6299817,-10.2036495,100
99,101,-0.15714319,-0.6299817,-10.203651,101
99,102,-0.15645747,-0.62998176,-10.203651,102
99,103,-0.15120156,-0.6299819,-10.203653,103
99,104,-0.14904487,-0.629982,-10.203656,104
99,105,-0.1471639,-0.6299822,-10.203655,105
99,106,-0.14515954,-0.62998235,-10.20366,106
99,107,-0.14435253,-0.6299823,-10.203659,107
99,108,-0.14428234,-0.6299825,-10.203663,108
99,109,-0.14314696,-0.6299825,-10.203663,109
99,110,-0.14509062,-0.6299824,-10.203663,110
99,111,-0.1473235,-0.6299824,-10.203661,111
99,112,-0.14865448,-0.62998235,-10.203661,112
99,113,-0.14939067,-0.62998235,-10.203661,113
99,114,-0.15190484,-0.6299823,-10.20366,114
99,115,-0.1544652,-0.6299824,-10.20366,115
99,116,-0.15522234,-0.6299823,-10.203663,116
99,117,-0.15548995,-0.6299824,-10.203661,117
99,118,-0.15589063,-0.6299823,-10.203664,118
99,119,-0.15595023,-0.6299824,-10.203666,119
99,120,-0.15586011,-0.6299823,-10.203665,120
99,121,-0.15603624,-0.6299823,-10.203665,121
99,122,-0.15608312,-0.6299824,-10.203665,122
99,123,-0.15771113,-0.62998223,-10.203664,123
99,124,-0.15870827,-0.6299822,-10.203663,124
99,125,-0.15989581,-0.6299821,-10.20366,125
99,126,-0.16191968,-0.6299819,-10.203656,126
99,127,-0.1645332,-0.6299818,-10.203651,127
99,128,-0.16592903,-0.6299816,-10.203651,128
99,129,-0.16613695,-0.6299816,-10.2036495,129
99,130,-0.16575707,-0.62998146,-10.203647,130
99,131,-0.16473894,-0.6299814,-10.203645,131
99,132,-0.1635327,-0.6299814,-10.203644,132
99,133,-0.16278103,-0.6299814,-10.203642,133
99,134,-0.16228147,-0.6299814,-10.203642,134
99,135,-0.15906155,-0.6299815,-10.203645,135
99,136,-0.15708092,-0.6299816,-10.203649,136
99,137,-0.15527143,-0.6299817,-10.20365,137
99,138,-0.1532069,-0.6299819,-10.203654,138
99,139,-0.1513948,-0.6299821,-10.203659,139
99,140,-0.1501229,-0.6299823,-10.20366,140
99,141,-0.14932318,-0.6299823,-10.203663,141
99,142,-0.1474983,-0.6299825,-10.203664,142
99,143,-0.14714432,-0.6299823,-10.203664,143
99,144,-0.1471905,-0.6299823,-10.203664,144
99,145,-0.1468794,-0.6299823,-10.203663,145
99,146,-0.14446151,-0.6299824,-10.203664,146
99,147,-0.14507446,-0.6299825,-10.203665,147
99,148,-0.14596914,-0.62998253,-10.203668,148
99,149,-0.14630556,-0.62998265,-10.203669,149
99,150,-0.14646855,-0.62998265,-10.2036705,150
99,151,-0.14938326,-0.6299826,-10.203668,151
99,152,-0.15097044,-0.6299824,-10.203665,152
99,153,-0.1525638,-0.62998235,-10.203664,153
99,154,-0.1545453,-0.6299821,-10.20366,154
99,155,-0.1561198,-0.6299822,-10.203659,155
99,156,-0.1571686,-0.629982,-10.203654,156
99,157,-0.15785252,-0.6299818,-10.203654,157
99,158,-0.15826978,-0.6299819,-10.20365,158
99,159,-0.15867138,-0.6299818,-10.203651,159
99,160,-0.15828142,-0.6299819,-10.203653,160
99,161,-0.15759897,-0.629982,-10.203655,161
99,162,-0.1568816,-0.62998205,-10.203659,162
99,163,-0.15648413,-0.6299821,-10.203658,163
99,164,-0.1556323,-0.6299821,-10.203661,164
99,165,-0.15444584,-0.62998223,-10.203661,165
99,166,-0.15363309,-0.6299822,-10.203664,166
99,167,-0.15159313,-0.62998235,-10.203665,167
99,168,-0.14972308,-0.62998223,-10.203668,168
99,169,-0.14866334,-0.6299825,-10.203669,169
99,170,-0.14747064,-0.62998253,-10.20367,170
99,171,-0.14631562,-0.62998265,-10.2036705,171
99,172,-0.14473324,-0.62998265,-10.203673,172
99,173,-0.14077663,-0.6299829,-10.203677,173
99,174,-0.14052188,-0.62998295,-10.203679,174
99,175,-0.1437028,-0.6299829,-10.203679,175
99,176,-0.14554895,-0.62998295,-10.203679,176
99,177,-0.1465841,-0.629983,-10.203679,177
99,178,-0.15108238,-0.6299829,-10.203678,178
99,179,-0.15320112,-0.6299827,-10.203675,179
99,180,-0.15550396,-0.6299826,-10.203672,180
99,181,-0.157762,-0.6299826,-10.20367,181
99,182,-0.16016228,-0.6299823,-10.203668,182
99,183,-0.16122586,-0.6299823,-10.203664,183
99,184,-0.16103287,-0.6299821,-10.203661,184
99,185,-0.1606779,-0.629982,-10.20366,185
99,186,-0.16059606,-0.6299819,-10.203659,186
99,187,-0.15746923,-0.629982,-10.203659,187
99,188,-0.1531707,-0.6299821,-10.203659,188
99,189,-0.15140595,-0.6299821,-10.203659,189
99,190,-0.1501456,-0.6299821,-10.203661,190
99,191,-0.14642237,-0.6299822,-10.203659,191
99,192,-0.14568396,-0.6299821,-10.20366,192
99,193,-0.14697535,-0.6299822,-10.203659,193
99,194,-0.15216015,-0.62998205,-10.203659,194
99,195,-0.1543842,-0.629982,-10.203655,195
99,196,-0.1559023,-0.6299818,-10.203655,196
99,197,-0.1568562,-0.6299819,-10.203651,197
99,198,-0.15740842,-0.6299817,-10.20365,198
99,199,-0.15854335,-0.6299819,-10.203651,199
